상품코드,거래처,현재 상품명,추천 상품명,현재 카테고리,추천 아이템유형,기장,넥/숄더,실루엣,핵심 디자인포인트 1,핵심 디자인포인트 2,핵심 디자인포인트 3,컬러,추천 검색태그,현재 문제,수정 권장 여부,확신도,사진확인 필요,사용자 확인란,기준 파일
ANC-5018,앙크최,블랙 버튼 크롭 머메이드 원피스,블랙 버튼 크롭 머메이드 원피스,MINI,원피스,미니,,머메이드 / 슬림핏,버튼,,,블랙,"블랙, 원피스, 미니, 머메이드, 슬림핏, 버튼",머메이드 사진 재확인 권장,검토,낮음,예,,products.json
JES-312,제시카,버튼 머메이드 원피스,버튼 머메이드 원피스,MINI,원피스,미니,,머메이드 / 슬림핏,버튼,,,블랙,"블랙, 원피스, 미니, 머메이드, 슬림핏, 버튼",머메이드 사진 재확인 권장,검토,낮음,예,,products.json
JES-319,제시카,버튼 머메이드 원피스,버튼 머메이드 원피스,MINI,원피스,미니,,머메이드 / 슬림핏,버튼,,,핑크,"핑크, 원피스, 미니, 머메이드, 슬림핏, 버튼",머메이드 사진 재확인 권장,검토,낮음,예,,products.json
N260047,임마누엘,시스루 롱 드레스,시스루 롱 드레스,????,원피스,,,,시스루,,,화이트,"화이트, 원피스, 시스루",카테고리 확인필요,검토,낮음,예,,products.json
N260048,임마누엘,A라인 롱 드레스,A라인 롱 드레스,????,원피스,,,A라인,,,,블랙,"블랙, 원피스, A라인",카테고리 확인필요,검토,낮음,예,,products.json
N260057,지나,끈나시 플리츠 미니 원피스,끈나시 플리츠 미니 원피스,TOP,투피스,,,,플리츠,,,민트,"민트, 투피스, 플리츠",TOP/원피스 분류 충돌,검토,낮음,예,,products.json
N260058,지나,끈나시 플리츠 미니 원피스,끈나시 플리츠 미니 원피스,TOP,투피스,,,,플리츠,,,블랙,"블랙, 투피스, 플리츠",TOP/원피스 분류 충돌,검토,낮음,예,,products.json
N260085,지니,입체 플라워 V넥 미디 원피스,입체 플라워 V넥 미디 원피스,TOP,투피스,,브이넥,,,,,아이보리,"아이보리, 투피스, 브이넥",TOP/원피스 분류 충돌,검토,낮음,예,,products.json
N260086,지니,입체 플라워 V넥 미디 원피스,입체 플라워 V넥 미디 원피스,TOP,투피스,,브이넥,,,,,핑크,"핑크, 투피스, 브이넥",TOP/원피스 분류 충돌,검토,낮음,예,,products.json
N260111,티아라,카라 반소매 가디건,카라 반소매 가디건,TOP,투피스,,카라,,,,,화이트/블랙,"화이트/블랙, 투피스, 카라",TOP/원피스 분류 충돌,검토,낮음,예,,products.json
N260116,티아라,러플 롱슬리브 가디건,러플 롱슬리브 가디건,TOP,투피스,,,,프릴,,,화이트/핑크,"화이트/핑크, 투피스, 프릴",TOP/원피스 분류 충돌,검토,낮음,예,,products.json
N260161,티아라,핑크 포인트 롱 드레스,핑크 포인트 롱 드레스,????,원피스,,,,새틴,,,핑크,"핑크, 원피스, 새틴",카테고리 확인필요,검토,낮음,예,,products.json
N260162,티아라,그레이 포인트 롱 드레스,그레이 포인트 롱 드레스,????,원피스,,,,새틴,,,그레이,"그레이, 원피스, 새틴",카테고리 확인필요,검토,낮음,예,,products.json
N260186,티아라,아이보리 끈조절 롱 드레스,아이보리 끈조절 롱 드레스,????,원피스,,,,레이스,,,아이보리,"아이보리, 원피스, 레이스",카테고리 확인필요,검토,낮음,예,,products.json
N260237,실루엣,셀린 아이보리 리본 머메이드 원피스,셀린 아이보리 리본 머메이드 원피스,LONG,원피스,롱,,머메이드 / 슬림핏,리본,,,아이보리,"아이보리, 원피스, 롱, 머메이드, 슬림핏, 리본",머메이드 사진 재확인 권장,검토,낮음,예,,products.json
N260238,실루엣,셀린 핑크 리본 머메이드 원피스,셀린 핑크 리본 머메이드 원피스,LONG,원피스,롱,,머메이드 / 슬림핏,리본,,,핑크,"핑크, 원피스, 롱, 머메이드, 슬림핏, 리본",머메이드 사진 재확인 권장,검토,낮음,예,,products.json
P019,,셀린 홀터넥 머메이드 롱드레스,셀린 홀터넥 머메이드 롱드레스,????,원피스,롱,홀터넥,머메이드,,,,크림베이지 / 실버그레이 / 블랙,"크림베이지, 실버그레이, 블랙, 원피스, 롱, 홀터넥, 머메이드",카테고리 확인필요 / 머메이드 사진 재확인 권장,검토,낮음,예,,products.json
P021,,셀린 셔링 오프숄더 롱드레스,셀린 셔링 오프숄더 롱드레스,????,원피스,롱,오프숄더,,셔링,,,크림베이지 / 블랙,"크림베이지, 블랙, 원피스, 롱, 오프숄더, 셔링",카테고리 확인필요,검토,낮음,예,,products.json
P029,,엘린 튤레이어드 롱원피스,엘린 튤레이어드 롱원피스,????,원피스,롱,,,,,,아이보리,"아이보리, 원피스, 롱",카테고리 확인필요,검토,낮음,예,,products.json
S961,그레이스,핑크 화이트꼬임 오프숄더 미니원피스,핑크 화이트꼬임 오프숄더 미니원피스,MINI,원피스,미니,오프숄더 / 원숄더,슬림핏,꼬임,레이스,배색,핑크/화이트,"핑크/화이트, 원피스, 미니, 오프숄더, 원숄더, 슬림핏, 꼬임, 레이스, 배색",오프숄더/원숄더 충돌 / 상품명과 스타일태그 숄더 불일치 / 2026-10-05 수정완료(app.js override),검토,낮음,예,,products.json
S997,임마누엘,핑크 원숄더 셔링 머메이드 롱원피스,핑크 원숄더 셔링 머메이드 롱원피스,LONG,원피스,롱,원숄더,머메이드 / 슬림핏,셔링,,,핑크,"핑크, 원피스, 롱, 원숄더, 머메이드, 슬림핏, 셔링",머메이드 사진 재확인 권장,검토,낮음,예,,products.json
S998,임마누엘,블루 원숄더 셔링 머메이드 롱원피스,블루 원숄더 셔링 머메이드 롱원피스,LONG,원피스,롱,원숄더,머메이드 / 슬림핏,셔링,,,블루,"블루, 원피스, 롱, 원숄더, 머메이드, 슬림핏, 셔링",머메이드 사진 재확인 권장,검토,낮음,예,,products.json
T011,그레이스,화이트 언발 슬림 머메이드 미디원피스,화이트 언발 슬림 머메이드 미디원피스,MIDI,원피스,미디,,머메이드 / 슬림핏,레이스,프릴,,화이트,"화이트, 원피스, 미디, 머메이드, 슬림핏, 레이스, 프릴",머메이드 사진 재확인 권장,검토,낮음,예,,products.json
T012,그레이스,블랙 언발 슬림 머메이드 미디원피스,블랙 언발 슬림 머메이드 미디원피스,MIDI,원피스,미디,,머메이드 / 슬림핏,레이스,,,블랙,"블랙, 원피스, 미디, 머메이드, 슬림핏, 레이스",머메이드 사진 재확인 권장,검토,낮음,예,,products.json
T128,그레이스,화이트 오프숄더 러플 머메이드 투피스,화이트 오프숄더 러플 머메이드 투피스,TWO_PIECE,투피스,,오프숄더,머메이드,레이스,프릴,,,"투피스, 오프숄더, 머메이드, 레이스, 프릴",머메이드 사진 재확인 권장,검토,낮음,예,,products-929.json
T129,그레이스,핑크 오프숄더 러플 머메이드 투피스,핑크 오프숄더 러플 머메이드 투피스,TWO_PIECE,투피스,,오프숄더,머메이드,레이스,프릴,,,"투피스, 오프숄더, 머메이드, 레이스, 프릴",머메이드 사진 재확인 권장,검토,낮음,예,,products-929.json
T130,그레이스,블랙 오프숄더 시스루 머메이드 투피스,블랙 오프숄더 시스루 머메이드 투피스,TWO_PIECE,투피스,,오프숄더,머메이드,레이스,시스루,,,"투피스, 오프숄더, 머메이드, 레이스, 시스루",머메이드 사진 재확인 권장,검토,낮음,예,,products-929.json
TIA-S759,티아라,골지셔링 슬리브리스 니트,골지셔링 슬리브리스 니트,TOP,탑,,,,셔링,,,문의,"문의, 탑, 셔링",TOP/원피스 분류 충돌,검토,낮음,예,,products.json
TIA-S768,티아라,트위드포켓 머메이드 투피스,트위드포켓 머메이드 투피스,TWO PIECE,투피스,,,머메이드,트위드,,,문의,"문의, 투피스, 머메이드, 트위드",머메이드 사진 재확인 권장,검토,낮음,예,,products.json
TIA-S769,티아라,트위드포켓 머메이드 투피스,트위드포켓 머메이드 투피스,TWO PIECE,투피스,,,머메이드,트위드,,,민트,"민트, 투피스, 머메이드, 트위드",머메이드 사진 재확인 권장,검토,낮음,예,,products.json
TIA-S895,,아이보리 레이스 프릴 머메이드 투피스,아이보리 레이스 프릴 머메이드 투피스,TWO PIECE,투피스,,,머메이드,레이스,프릴,,아이보리,"아이보리, 투피스, 머메이드, 레이스, 프릴",머메이드 사진 재확인 권장,검토,낮음,예,,products.json
ANC-5028,앙크최,블랙 랩 셔링 슬릿 미디원피스,블랙 랩 셔링 슬릿 미디원피스,MINI,원피스,미디,,슬림핏,셔링,,,블랙,"블랙, 원피스, 미디, 슬림핏, 셔링",MINI category와 기장 불일치,예,높음,아니오,,products.json
ANC-5059,앙크최,블랙 시스루 하트넥 원피스,블랙 시스루 하트넥 원피스,MINI,원피스,미디,,슬림핏,시스루,,,블랙,"블랙, 원피스, 미디, 슬림핏, 시스루",MINI category와 기장 불일치,예,높음,아니오,,products.json
ANC-5061,앙크최,와인 랩 리본 셔링 원피스,와인 랩 리본 셔링 원피스,MIDI,원피스,미니,,슬림핏,셔링,리본,,와인,"와인, 원피스, 미니, 슬림핏, 셔링, 리본",MIDI category와 기장 불일치,예,높음,아니오,,products.json
ANC-5073,앙크최,딥그린 하트넥 셔링 슬릿 원피스,딥그린 하트넥 셔링 슬릿 원피스,MIDI,원피스,미니,,슬림핏,셔링,,,딥그린,"딥그린, 원피스, 미니, 슬림핏, 셔링",MIDI category와 기장 불일치,예,높음,아니오,,products.json
SUN-S793,써니,홀터시스루 롱원피스,홀터시스루 롱원피스,LONG,원피스,미니,홀터넥,,시스루,,,아이,"아이, 원피스, 미니, 홀터넥, 시스루",LONG category와 기장 불일치,예,높음,아니오,,products.json
SUN-S794,써니,홀터시스루 롱원피스,홀터시스루 롱원피스,LONG,원피스,미니,홀터넥,,시스루,,,블랙,"블랙, 원피스, 미니, 홀터넥, 시스루",LONG category와 기장 불일치,예,높음,아니오,,products.json
T083,티아라,화이트 홀터 사이드레이스 미디원피스,화이트 홀터 사이드레이스 미디원피스,MINI,원피스,미디,홀터넥,,레이스,,,,"원피스, 미디, 홀터넥, 레이스",MINI category와 기장 불일치,예,높음,아니오,,products-929.json
T084,티아라,스카이블루 홀터 사이드레이스 미디원피스,스카이블루 홀터 사이드레이스 미디원피스,MINI,원피스,미디,홀터넥,,레이스,,,,"원피스, 미디, 홀터넥, 레이스",MINI category와 기장 불일치,예,높음,아니오,,products-929.json
T085,티아라,블랙 홀터 사이드레이스 미디원피스,블랙 홀터 사이드레이스 미디원피스,MINI,원피스,미디,홀터넥,,레이스,,,,"원피스, 미디, 홀터넥, 레이스",MINI category와 기장 불일치,예,높음,아니오,,products-929.json
T091,세윤,와인 드레이프 오프숄더 미디원피스,와인 드레이프 오프숄더 미디원피스,MINI,원피스,미디,오프숄더,,,,,,"원피스, 미디, 오프숄더",MINI category와 기장 불일치,예,높음,아니오,,products-929.json
T092,세윤,블랙 드레이프 오프숄더 미디원피스,블랙 드레이프 오프숄더 미디원피스,MINI,원피스,미디,오프숄더,,,,,,"원피스, 미디, 오프숄더",MINI category와 기장 불일치,예,높음,아니오,,products-929.json
T093,지나,핑크 리본 코르셋 미디원피스,핑크 리본 코르셋 미디원피스,MINI,원피스,미디,,,리본,,,,"원피스, 미디, 리본",MINI category와 기장 불일치,예,높음,아니오,,products-929.json
T094,지나,블랙 리본 코르셋 미디원피스,블랙 리본 코르셋 미디원피스,MINI,원피스,미디,,,리본,,,,"원피스, 미디, 리본",MINI category와 기장 불일치,예,높음,아니오,,products-929.json
T105,티아라,화이트 숄더드레이프 슬릿 미디원피스,화이트 숄더드레이프 슬릿 미디원피스,MINI,원피스,미디,,,,,,,"원피스, 미디",MINI category와 기장 불일치,예,높음,아니오,,products-929.json
T106,티아라,와인 숄더드레이프 미디원피스,와인 숄더드레이프 미디원피스,MINI,원피스,미디,,,,,,,"원피스, 미디",MINI category와 기장 불일치,예,높음,아니오,,products-929.json
T107,티아라,블랙 숄더드레이프 미디원피스,블랙 숄더드레이프 미디원피스,MINI,원피스,미디,,,,,,,"원피스, 미디",MINI category와 기장 불일치,예,높음,아니오,,products-929.json
T111,티아라,화이트 언발숄더 미디원피스,화이트 언발숄더 미디원피스,MINI,원피스,미디,,,,,,,"원피스, 미디",MINI category와 기장 불일치,예,높음,아니오,,products-929.json
T112,티아라,핑크 언발숄더 미디원피스,핑크 언발숄더 미디원피스,MINI,원피스,미디,,,,,,,"원피스, 미디",MINI category와 기장 불일치,예,높음,아니오,,products-929.json
T113,티아라,네이비 언발숄더 미디원피스,네이비 언발숄더 미디원피스,MINI,원피스,미디,,,,,,,"원피스, 미디",MINI category와 기장 불일치,예,높음,아니오,,products-929.json
T117-ALT,티아라,브라운 레이스 언발 롱드레스,브라운 레이스 언발 롱드레스,MINI,원피스,롱,,,레이스,,,,"원피스, 롱, 레이스",MINI category와 기장 불일치,예,높음,아니오,,products-929.json
T118,티아라,아이보리 레이스 언발 롱드레스,아이보리 레이스 언발 롱드레스,MINI,원피스,롱,,,레이스,,,,"원피스, 롱, 레이스",MINI category와 기장 불일치,예,높음,아니오,,products-929.json
T119,티아라,블랙 레이스 언발 롱드레스,블랙 레이스 언발 롱드레스,MINI,원피스,롱,,,레이스,,,,"원피스, 롱, 레이스",MINI category와 기장 불일치,예,높음,아니오,,products-929.json
T122,임마누엘,화이트 스트랩라인 슬릿 미디원피스,화이트 스트랩라인 슬릿 미디원피스,MINI,원피스,미디,,,,,,,"원피스, 미디",MINI category와 기장 불일치,예,높음,아니오,,products-929.json
T123,임마누엘,핑크 스트랩라인 슬릿 미디원피스,핑크 스트랩라인 슬릿 미디원피스,MINI,원피스,미디,,,,,,,"원피스, 미디",MINI category와 기장 불일치,예,높음,아니오,,products-929.json
T124,임마누엘,블랙 스트랩라인 슬릿 미디원피스,블랙 스트랩라인 슬릿 미디원피스,MINI,원피스,미디,,,,,,,"원피스, 미디",MINI category와 기장 불일치,예,높음,아니오,,products-929.json
T125,임마누엘,베이지 코르셋라인 롱드레스,베이지 코르셋라인 롱드레스,MINI,원피스,롱,,,,,,,"원피스, 롱",MINI category와 기장 불일치,예,높음,아니오,,products-929.json
T126,임마누엘,핑크 코르셋라인 롱드레스,핑크 코르셋라인 롱드레스,MINI,원피스,롱,,,,,,,"원피스, 롱",MINI category와 기장 불일치,예,높음,아니오,,products-929.json
T127,임마누엘,딥블루 코르셋라인 롱드레스,딥블루 코르셋라인 롱드레스,MINI,원피스,롱,,,,,,,"원피스, 롱",MINI category와 기장 불일치,예,높음,아니오,,products-929.json
T135,써니,모카 드레이프 셔링 슬릿 롱원피스,모카 드레이프 셔링 슬릿 롱원피스,MINI,원피스,롱,,,셔링,,,,"원피스, 롱, 셔링",MINI category와 기장 불일치,예,높음,아니오,,products-929.json
T136,써니,딥그린 드레이프 셔링 슬릿 롱원피스,딥그린 드레이프 셔링 슬릿 롱원피스,MINI,원피스,롱,,,셔링,,,,"원피스, 롱, 셔링",MINI category와 기장 불일치,예,높음,아니오,,products-929.json
T177,지나,아이보리 레이스배색 블랙 미디원피스,아이보리 레이스배색 블랙 미디원피스,MINI,원피스,미디,,,레이스,배색,,,"원피스, 미디, 레이스, 배색",MINI category와 기장 불일치,예,높음,아니오,,products-929.json
T178,지나,블랙 시스루 레이스 미디원피스,블랙 시스루 레이스 미디원피스,MINI,원피스,미디,,,레이스,시스루,,,"원피스, 미디, 레이스, 시스루",MINI category와 기장 불일치,예,높음,아니오,,products-929.json
마리포사SK-크림,실루엣,크림 마리포사 플레어 스커트,크림 마리포사 플레어 스커트,SKIRT,스커트,,,플레어,,,,크림,"크림, 스커트, 플레어",,아니오,높음,아니오,,products.json
마리포사SK-핑크,실루엣,핑크 마리포사 플레어 스커트,핑크 마리포사 플레어 스커트,SKIRT,스커트,,,플레어,,,,핑크,"핑크, 스커트, 플레어",,아니오,높음,아니오,,products.json
시스템BL-블랙,실루엣,블랙 시스템 타이 블라우스,블랙 시스템 타이 블라우스,BLOUSE,블라우스,,,,시스루,,,블랙,"블랙, 블라우스, 시스루",,아니오,높음,아니오,,products.json
시스템BL-크림,실루엣,크림 시스템 타이 블라우스,크림 시스템 타이 블라우스,BLOUSE,블라우스,,,,시스루,,,크림,"크림, 블라우스, 시스루",,아니오,높음,아니오,,products.json
타이OPS,실루엣,아이보리 블랙 타이 미디원피스,아이보리 블랙 타이 미디원피스,MIDI,원피스,미디,,슬림핏,배색,,,아이보리/블랙,"아이보리/블랙, 원피스, 미디, 슬림핏, 배색",,아니오,높음,아니오,,products.json
ANC-4002,앙크최,배색스퀘어 플레어 원피스,배색스퀘어 플레어 원피스,MINI,원피스,미니,,A라인 / 플레어,배색,,,화이트+블랙,"화이트+블랙, 원피스, 미니, A라인, 플레어, 배색",,아니오,높음,아니오,,products.json
ANC-4006,앙크최,레이스숄더 플레어 원피스,레이스숄더 플레어 원피스,MINI,원피스,미니,,A라인 / 플레어,레이스,,,블랙,"블랙, 원피스, 미니, A라인, 플레어, 레이스",,아니오,높음,아니오,,products.json
ANC-4008,앙크최,펀칭레이스 플레어 원피스,펀칭레이스 플레어 원피스,MINI,원피스,미니,,A라인 / 플레어,레이스,,,화이트,"화이트, 원피스, 미니, A라인, 플레어, 레이스",,아니오,높음,아니오,,products.json
ANC-4010,앙크최,스트라이프 플레어 원피스,스트라이프 플레어 원피스,MINI,원피스,미니,,A라인 / 플레어,레이스,,,블랙스트라이프,"블랙스트라이프, 원피스, 미니, A라인, 플레어, 레이스",,아니오,높음,아니오,,products.json
ANC-4014,앙크최,더블버튼 레이스 원피스,더블버튼 레이스 원피스,MINI,원피스,미니,,A라인 / 플레어,레이스,버튼,,블랙,"블랙, 원피스, 미니, A라인, 플레어, 레이스, 버튼",,아니오,높음,아니오,,products.json
ANC-4016,앙크최,스트라이프니트 플레어 원피스,스트라이프니트 플레어 원피스,MINI,원피스,미니,,A라인 / 플레어,레이스,,,화이트+블랙,"화이트+블랙, 원피스, 미니, A라인, 플레어, 레이스",,아니오,높음,아니오,,products.json
ANC-4018,앙크최,숄더포인트 플레어 원피스,숄더포인트 플레어 원피스,MINI,원피스,미니,,A라인 / 플레어,,,,블랙,"블랙, 원피스, 미니, A라인, 플레어",,아니오,높음,아니오,,products.json
ANC-4020,앙크최,블라우스배색 플레어 원피스,블라우스배색 플레어 원피스,MINI,블라우스,미니,,A라인 / 플레어,배색,,,화이트+블랙,"화이트+블랙, 블라우스, 미니, A라인, 플레어, 배색",,아니오,높음,아니오,,products.json
ANC-4026,앙크최,더블버튼 플레어 원피스,더블버튼 플레어 원피스,MINI,원피스,미니,,A라인 / 플레어,레이스,버튼,,블랙,"블랙, 원피스, 미니, A라인, 플레어, 레이스, 버튼",,아니오,높음,아니오,,products.json
ANC-4030,앙크최,레이스숄더 플레어 원피스,레이스숄더 플레어 원피스,MINI,원피스,미니,,A라인 / 플레어,레이스,,,블랙,"블랙, 원피스, 미니, A라인, 플레어, 레이스",,아니오,높음,아니오,,products.json
ANC-4038,앙크최,체크버튼 플레어 원피스,체크버튼 플레어 원피스,MINI,원피스,미니,,A라인 / 플레어,버튼,,,핑크체크,"핑크체크, 원피스, 미니, A라인, 플레어, 버튼",,아니오,높음,아니오,,products.json
ANC-4039,앙크최,배색플레어 원피스,배색플레어 원피스,MINI,원피스,미니,,A라인 / 플레어,배색,,,화이트+블랙,"화이트+블랙, 원피스, 미니, A라인, 플레어, 배색",,아니오,높음,아니오,,products.json
ANC-4052,앙크최,레이스플레어 원피스,레이스플레어 원피스,MINI,원피스,미니,,A라인 / 플레어,레이스,,,핑크,"핑크, 원피스, 미니, A라인, 플레어, 레이스",,아니오,높음,아니오,,products.json
ANC-4054,앙크최,더블버튼 플레어 원피스,더블버튼 플레어 원피스,MINI,원피스,미니,,A라인 / 플레어,버튼,,,네이비,"네이비, 원피스, 미니, A라인, 플레어, 버튼",,아니오,높음,아니오,,products.json
ANC-4060,앙크최,레이스숄더 플레어 원피스,레이스숄더 플레어 원피스,MINI,원피스,미니,,A라인 / 플레어,레이스,,,블랙,"블랙, 원피스, 미니, A라인, 플레어, 레이스",,아니오,높음,아니오,,products.json
ANC-4082,앙크최,더블버튼 플레어 원피스,더블버튼 플레어 원피스,MINI,원피스,미니,,A라인 / 플레어,버튼,,,블랙,"블랙, 원피스, 미니, A라인, 플레어, 버튼",,아니오,높음,아니오,,products.json
ANC-4084,앙크최,벨트포인트 플레어 원피스,벨트포인트 플레어 원피스,MINI,원피스,미니,,A라인 / 플레어,레이스,벨트,,블랙+화이트,"블랙+화이트, 원피스, 미니, A라인, 플레어, 레이스, 벨트",,아니오,높음,아니오,,products.json
ANC-4086,앙크최,빅리본 플레어 원피스,빅리본 플레어 원피스,MINI,원피스,미니,,A라인 / 플레어,리본,,,블랙+화이트,"블랙+화이트, 원피스, 미니, A라인, 플레어, 리본",,아니오,높음,아니오,,products.json
ANC-4092,앙크최,스트라이프뷔스티에 플레어 원피스,스트라이프뷔스티에 플레어 원피스,MINI,탑,미니,,A라인 / 플레어,레이스,,,네이비스트라이프,"네이비스트라이프, 탑, 미니, A라인, 플레어, 레이스",,아니오,높음,아니오,,products.json
ANC-5001,앙크최,옐로우 배색 블랙 포인트 미니원피스,옐로우 배색 블랙 포인트 미니원피스,MINI,원피스,미니,,A라인,배색,,,옐로우 / 블랙,"옐로우, 블랙, 원피스, 미니, A라인, 배색",,아니오,높음,아니오,,products.json
ANC-5002,앙크최,브이넥 화이트 리본 포인트 미니원피스,브이넥 화이트 리본 포인트 미니원피스,MINI,원피스,미니,브이넥,슬림핏,리본,,,블랙 / 화이트,"블랙, 화이트, 원피스, 미니, 브이넥, 슬림핏, 리본",,아니오,높음,아니오,,products.json
ANC-5003,앙크최,셔링 스트랩 끈포인트 미니원피스,셔링 스트랩 끈포인트 미니원피스,MINI,원피스,미니,,슬림핏,셔링,,,화이트,"화이트, 원피스, 미니, 슬림핏, 셔링",,아니오,높음,아니오,,products.json
ANC-5004,앙크최,랩 드레이프 언발 미니원피스,랩 드레이프 언발 미니원피스,MINI,원피스,미니,,슬림핏,,,,블랙,"블랙, 원피스, 미니, 슬림핏",,아니오,높음,아니오,,products.json
ANC-5005,앙크최,레이스 레이어드 서스펜더 미니원피스,레이스 레이어드 서스펜더 미니원피스,MINI,원피스,미니,,A라인,레이스,,,딥그린 / 아이보리,"딥그린, 아이보리, 원피스, 미니, A라인, 레이스",,아니오,높음,아니오,,products.json
ANC-5006,앙크최,스퀘어넥 핑크 배색 미니원피스,스퀘어넥 핑크 배색 미니원피스,MINI,원피스,미니,스퀘어넥,슬림핏,배색,,,핑크 / 블랙,"핑크, 블랙, 원피스, 미니, 스퀘어넥, 슬림핏, 배색",,아니오,높음,아니오,,products.json
ANC-5007,앙크최,레드 블랙 배색 레이스 미니원피스,레드 블랙 배색 레이스 미니원피스,MINI,원피스,미니,,A라인,레이스,배색,,레드 / 블랙,"레드, 블랙, 원피스, 미니, A라인, 레이스, 배색",,아니오,높음,아니오,,products.json
ANC-5008,앙크최,브이넥 러플 화이트 블랙 배색 미니원피스,브이넥 러플 화이트 블랙 배색 미니원피스,MINI,원피스,미니,브이넥,슬림핏,프릴,배색,,화이트 / 블랙,"화이트, 블랙, 원피스, 미니, 브이넥, 슬림핏, 프릴, 배색",,아니오,높음,아니오,,products.json
ANC-5009,앙크최,셔츠카라 골드버튼 미니원피스,셔츠카라 골드버튼 미니원피스,MINI,원피스,미니,카라,A라인,버튼,,,핑크 / 화이트,"핑크, 화이트, 원피스, 미니, 카라, A라인, 버튼",,아니오,높음,아니오,,products.json
ANC-5010,앙크최,그레이 트위드 포켓 버튼 원피스,그레이 트위드 포켓 버튼 원피스,MINI,원피스,미니,,슬림핏,버튼,트위드,,그레이 / 아이보리,"그레이, 아이보리, 원피스, 미니, 슬림핏, 버튼, 트위드",,아니오,높음,아니오,,products.json
ANC-5011,앙크최,와인 러플 더블버튼 미니원피스,와인 러플 더블버튼 미니원피스,MINI,원피스,미니,,A라인,프릴,버튼,,와인,"와인, 원피스, 미니, A라인, 프릴, 버튼",,아니오,높음,아니오,,products.json
ANC-5012,앙크최,레몬 스퀘어넥 셔링 미니원피스,레몬 스퀘어넥 셔링 미니원피스,MINI,원피스,미니,스퀘어넥,슬림핏,셔링,,,레몬,"레몬, 원피스, 미니, 스퀘어넥, 슬림핏, 셔링",,아니오,높음,아니오,,products.json
ANC-5013,앙크최,블루 프릴 더블버튼 미니원피스,블루 프릴 더블버튼 미니원피스,MINI,원피스,미니,,A라인,프릴,버튼,,블루,"블루, 원피스, 미니, A라인, 프릴, 버튼",,아니오,높음,아니오,,products.json
ANC-5014,앙크최,블랙 화이트리본 배색 미니원피스,블랙 화이트리본 배색 미니원피스,MINI,원피스,미니,,슬림핏,리본,배색,,블랙 / 화이트,"블랙, 화이트, 원피스, 미니, 슬림핏, 리본, 배색",,아니오,높음,아니오,,products.json
ANC-5015,앙크최,핑크 테일러드 랩 리본 미니원피스,핑크 테일러드 랩 리본 미니원피스,MINI,원피스,미니,,슬림핏,리본,,,핑크,"핑크, 원피스, 미니, 슬림핏, 리본",,아니오,높음,아니오,,products.json
ANC-5016,앙크최,블랙 화이트레이스카라 미니원피스,블랙 화이트레이스카라 미니원피스,MINI,원피스,미니,카라,A라인,레이스,,,블랙 / 화이트,"블랙, 화이트, 원피스, 미니, 카라, A라인, 레이스",,아니오,높음,아니오,,products.json
ANC-5017,앙크최,레드 블랙배색 레이스 미니원피스,레드 블랙배색 레이스 미니원피스,MINI,원피스,미니,,A라인,레이스,배색,,블랙 / 레드,"블랙, 레드, 원피스, 미니, A라인, 레이스, 배색",,아니오,높음,아니오,,products.json
ANC-5019,앙크최,화이트 크롭탑 핑크 셔링 원피스,화이트 크롭탑 핑크 셔링 원피스,MINI,탑,미니,,슬림핏,셔링,,,화이트 / 핑크,"화이트, 핑크, 탑, 미니, 슬림핏, 셔링",,아니오,높음,아니오,,products.json
ANC-5020,앙크최,블랙 레이스배색 슬릿 미디원피스,블랙 레이스배색 슬릿 미디원피스,MIDI,원피스,미디,,슬림핏,레이스,배색,,블랙,"블랙, 원피스, 미디, 슬림핏, 레이스, 배색",,아니오,높음,아니오,,products.json
ANC-5021,앙크최,코랄 셔링 슬릿 미니원피스,코랄 셔링 슬릿 미니원피스,MINI,원피스,미니,,슬림핏,셔링,,,코랄,"코랄, 원피스, 미니, 슬림핏, 셔링",,아니오,높음,아니오,,products.json
ANC-5022,앙크최,블랙 레이스넥 골드버튼 미니원피스,블랙 레이스넥 골드버튼 미니원피스,MINI,원피스,미니,,A라인,레이스,버튼,,블랙,"블랙, 원피스, 미니, A라인, 레이스, 버튼",,아니오,높음,아니오,,products.json
ANC-5023,앙크최,핑크 화이트리본 배색 미니원피스,핑크 화이트리본 배색 미니원피스,MINI,원피스,미니,,슬림핏,리본,배색,,화이트 / 핑크,"화이트, 핑크, 원피스, 미니, 슬림핏, 리본, 배색",,아니오,높음,아니오,,products.json
ANC-5024,앙크최,블랙 시스루 레이스 티어드 미니원피스,블랙 시스루 레이스 티어드 미니원피스,MINI,원피스,미니,,A라인,레이스,시스루,,블랙,"블랙, 원피스, 미니, A라인, 레이스, 시스루",,아니오,높음,아니오,,products.json
ANC-5025,앙크최,와인 화이트레이스 프릴 미니원피스,와인 화이트레이스 프릴 미니원피스,MINI,원피스,미니,,A라인,레이스,프릴,,화이트 / 와인,"화이트, 와인, 원피스, 미니, A라인, 레이스, 프릴",,아니오,높음,아니오,,products.json
ANC-5026,앙크최,블랙 브이넥 셔링 미니원피스,블랙 브이넥 셔링 미니원피스,MINI,원피스,미니,브이넥,슬림핏,셔링,,,블랙,"블랙, 원피스, 미니, 브이넥, 슬림핏, 셔링",,아니오,높음,아니오,,products.json
ANC-5027,앙크최,골드펄 프릴 더블버튼 미니원피스,골드펄 프릴 더블버튼 미니원피스,MINI,원피스,미니,,A라인,프릴,버튼,,골드,"골드, 원피스, 미니, A라인, 프릴, 버튼",,아니오,높음,아니오,,products.json
ANC-5029,앙크최,핑크 레이스 버튼 미니원피스,핑크 레이스 버튼 미니원피스,MINI,원피스,미니,,A라인,레이스,버튼,,핑크,"핑크, 원피스, 미니, A라인, 레이스, 버튼",,아니오,높음,아니오,,products.json
ANC-5030,앙크최,블랙 레이스 셔링 미니원피스,블랙 레이스 셔링 미니원피스,MINI,원피스,미니,,슬림핏,셔링,레이스,,블랙,"블랙, 원피스, 미니, 슬림핏, 셔링, 레이스",,아니오,높음,아니오,,products.json
ANC-5031,앙크최,머스타드 랩 셔링 미니원피스,머스타드 랩 셔링 미니원피스,MINI,원피스,미니,,슬림핏,셔링,,,머스타드,"머스타드, 원피스, 미니, 슬림핏, 셔링",,아니오,높음,아니오,,products.json
ANC-5032,앙크최,블랙 화이트프릴 레이스업 미니원피스,블랙 화이트프릴 레이스업 미니원피스,MINI,원피스,미니,,A라인,레이스,프릴,,블랙 / 화이트,"블랙, 화이트, 원피스, 미니, A라인, 레이스, 프릴",,아니오,높음,아니오,,products.json
ANC-5033,앙크최,네이비 골드버튼 포켓 미니원피스,네이비 골드버튼 포켓 미니원피스,MINI,원피스,미니,,A라인,버튼,,,네이비,"네이비, 원피스, 미니, A라인, 버튼",,아니오,높음,아니오,,products.json
ANC-5034,앙크최,화이트 레이스소매 레드 배색 미니원피스,화이트 레이스소매 레드 배색 미니원피스,MINI,원피스,미니,,슬림핏,레이스,배색,,화이트 / 레드,"화이트, 레드, 원피스, 미니, 슬림핏, 레이스, 배색",,아니오,높음,아니오,,products.json
ANC-5035,앙크최,레드 화이트레이스 배색 미니원피스,레드 화이트레이스 배색 미니원피스,MINI,원피스,미니,,A라인,레이스,배색,,화이트 / 레드,"화이트, 레드, 원피스, 미니, A라인, 레이스, 배색",,아니오,높음,아니오,,products.json
ANC-5036,앙크최,블랙 모노그램 하트넥 미니원피스,블랙 모노그램 하트넥 미니원피스,MINI,원피스,미니,,슬림핏,,,,블랙,"블랙, 원피스, 미니, 슬림핏",,아니오,높음,아니오,,products.json
ANC-5037,앙크최,레드 체크 레이스배색 미니원피스,레드 체크 레이스배색 미니원피스,MINI,원피스,미니,,A라인,레이스,배색,,레드,"레드, 원피스, 미니, A라인, 레이스, 배색",,아니오,높음,아니오,,products.json
ANC-5038,앙크최,화이트 프릴 크롭 배색 미니원피스,화이트 프릴 크롭 배색 미니원피스,MINI,원피스,미니,,슬림핏,프릴,배색,,화이트,"화이트, 원피스, 미니, 슬림핏, 프릴, 배색",,아니오,높음,아니오,,products.json
ANC-5039,앙크최,핫핑크 셔링 슬릿 미니원피스,핫핑크 셔링 슬릿 미니원피스,MINI,원피스,미니,,슬림핏,셔링,,,핫핑크,"핫핑크, 원피스, 미니, 슬림핏, 셔링",,아니오,높음,아니오,,products.json
ANC-5040,앙크최,화이트 리본포인트 미니원피스,화이트 리본포인트 미니원피스,MINI,원피스,미니,,A라인,리본,,,화이트,"화이트, 원피스, 미니, A라인, 리본",,아니오,높음,아니오,,products.json
ANC-5041,앙크최,블랙 체인 시스루 레이스 미니원피스,블랙 체인 시스루 레이스 미니원피스,MINI,원피스,미니,,슬림핏,레이스,체인,시스루,블랙,"블랙, 원피스, 미니, 슬림핏, 레이스, 체인, 시스루",,아니오,높음,아니오,,products.json
ANC-5042,앙크최,옐로우 모노그램 셔링 미니원피스,옐로우 모노그램 셔링 미니원피스,MINI,원피스,미니,,슬림핏,셔링,,,옐로우,"옐로우, 원피스, 미니, 슬림핏, 셔링",,아니오,높음,아니오,,products.json
ANC-5043,앙크최,블랙 러플 더블버튼 미니원피스,블랙 러플 더블버튼 미니원피스,MINI,원피스,미니,,A라인,프릴,버튼,,블랙,"블랙, 원피스, 미니, A라인, 프릴, 버튼",,아니오,높음,아니오,,products.json
ANC-5044,앙크최,브이넥 핑크 랩 미니원피스,브이넥 핑크 랩 미니원피스,MINI,원피스,미니,브이넥,슬림핏,,,,핑크,"핑크, 원피스, 미니, 브이넥, 슬림핏",,아니오,높음,아니오,,products.json
ANC-5045,앙크최,블랙 마린 타이 미니원피스,블랙 마린 타이 미니원피스,MINI,원피스,미니,,슬림핏,,,,블랙,"블랙, 원피스, 미니, 슬림핏",,아니오,높음,아니오,,products.json
ANC-5046,앙크최,핑크 컷아웃넥 미니원피스,핑크 컷아웃넥 미니원피스,MINI,원피스,미니,,슬림핏,컷아웃,,,핑크,"핑크, 원피스, 미니, 슬림핏, 컷아웃",,아니오,높음,아니오,,products.json
ANC-5047,앙크최,네이비 화이트카라 더블버튼 미니원피스,네이비 화이트카라 더블버튼 미니원피스,MINI,원피스,미니,카라,A라인,버튼,,,화이트 / 네이비,"화이트, 네이비, 원피스, 미니, 카라, A라인, 버튼",,아니오,높음,아니오,,products.json
ANC-5048,앙크최,핑크 화이트배색 더블버튼 미니원피스,핑크 화이트배색 더블버튼 미니원피스,MINI,원피스,미니,,슬림핏,버튼,배색,,화이트 / 핑크,"화이트, 핑크, 원피스, 미니, 슬림핏, 버튼, 배색",,아니오,높음,아니오,,products.json
ANC-5049,앙크최,네이비 글리터 슬릿 미디원피스,네이비 글리터 슬릿 미디원피스,MIDI,원피스,미디,,슬림핏,,,,네이비,"네이비, 원피스, 미디, 슬림핏",,아니오,높음,아니오,,products.json
ANC-5050,앙크최,블랙 핑크레이스 더블버튼 미니원피스,블랙 핑크레이스 더블버튼 미니원피스,MINI,원피스,미니,,A라인,레이스,버튼,,블랙 / 핑크,"블랙, 핑크, 원피스, 미니, A라인, 레이스, 버튼",,아니오,높음,아니오,,products.json
ANC-5051,앙크최,화이트 레이스 크롭 핑크 러플 원피스,화이트 레이스 크롭 핑크 러플 원피스,MINI,원피스,미니,,슬림핏,레이스,프릴,,화이트 / 핑크,"화이트, 핑크, 원피스, 미니, 슬림핏, 레이스, 프릴",,아니오,높음,아니오,,products.json
ANC-5052,앙크최,네이비 리본 튤배색 원피스,네이비 리본 튤배색 원피스,MINI,원피스,미니,,A라인,리본,배색,,네이비,"네이비, 원피스, 미니, A라인, 리본, 배색",,아니오,높음,아니오,,products.json
ANC-5053,앙크최,와인 하트넥 셔링 슬릿 원피스,와인 하트넥 셔링 슬릿 원피스,MIDI,원피스,미디,,슬림핏,셔링,,,와인,"와인, 원피스, 미디, 슬림핏, 셔링",,아니오,높음,아니오,,products.json
ANC-5054,앙크최,화이트 골드버튼 크롭 블랙 셔링 원피스,화이트 골드버튼 크롭 블랙 셔링 원피스,MINI,원피스,미니,,슬림핏,셔링,버튼,,화이트 / 블랙,"화이트, 블랙, 원피스, 미니, 슬림핏, 셔링, 버튼",,아니오,높음,아니오,,products.json
ANC-5055,앙크최,블루 스트립 리본 셔링 원피스,블루 스트립 리본 셔링 원피스,MINI,원피스,미니,,슬림핏,셔링,리본,,블루,"블루, 원피스, 미니, 슬림핏, 셔링, 리본",,아니오,높음,아니오,,products.json
ANC-5056,앙크최,블랙 레이스소매 골드버튼 원피스,블랙 레이스소매 골드버튼 원피스,MINI,원피스,미니,,슬림핏,레이스,버튼,,블랙,"블랙, 원피스, 미니, 슬림핏, 레이스, 버튼",,아니오,높음,아니오,,products.json
ANC-5057,앙크최,베이지 트렌치 벨트 원피스,베이지 트렌치 벨트 원피스,MINI,원피스,미니,,A라인,벨트,,,베이지,"베이지, 원피스, 미니, A라인, 벨트",,아니오,높음,아니오,,products.json
ANC-5058,앙크최,체크 레이스배색 레드 슬릿 미디원피스,체크 레이스배색 레드 슬릿 미디원피스,MIDI,원피스,미디,,슬림핏,레이스,배색,,레드,"레드, 원피스, 미디, 슬림핏, 레이스, 배색",,아니오,높음,아니오,,products.json
ANC-5060,앙크최,그린 모노그램 버튼 포켓 원피스,그린 모노그램 버튼 포켓 원피스,MINI,원피스,미니,,A라인,버튼,,,그린,"그린, 원피스, 미니, A라인, 버튼",,아니오,높음,아니오,,products.json
ANC-5062,앙크최,핑크 레이스 블랙 러플 원피스,핑크 레이스 블랙 러플 원피스,MINI,원피스,미니,,슬림핏,레이스,프릴,,블랙 / 핑크,"블랙, 핑크, 원피스, 미니, 슬림핏, 레이스, 프릴",,아니오,높음,아니오,,products.json
ANC-5063,앙크최,블랙 화이트카라 골드버튼 미니원피스,블랙 화이트카라 골드버튼 미니원피스,MINI,원피스,미니,카라,A라인,버튼,,,블랙 / 화이트,"블랙, 화이트, 원피스, 미니, 카라, A라인, 버튼",,아니오,높음,아니오,,products.json
ANC-5064,앙크최,레드 마린 타이 미니원피스,레드 마린 타이 미니원피스,MINI,원피스,미니,,슬림핏,,,,레드,"레드, 원피스, 미니, 슬림핏",,아니오,높음,아니오,,products.json
ANC-5065,앙크최,블랙 시스루 레이스 랩 언발 원피스,블랙 시스루 레이스 랩 언발 원피스,MIDI,원피스,미디,,슬림핏,레이스,시스루,,블랙,"블랙, 원피스, 미디, 슬림핏, 레이스, 시스루",,아니오,높음,아니오,,products.json
ANC-5066,앙크최,그린 랩 러플 미니원피스,그린 랩 러플 미니원피스,MINI,원피스,미니,,슬림핏,프릴,,,그린,"그린, 원피스, 미니, 슬림핏, 프릴",,아니오,높음,아니오,,products.json
ANC-5067,앙크최,블랙 체크 레이스배색 미니원피스,블랙 체크 레이스배색 미니원피스,MINI,원피스,미니,,A라인,레이스,배색,,블랙,"블랙, 원피스, 미니, A라인, 레이스, 배색",,아니오,높음,아니오,,products.json
ANC-5068,앙크최,머스타드 시스루 하트넥 미디원피스,머스타드 시스루 하트넥 미디원피스,MIDI,원피스,미디,,슬림핏,시스루,,,머스타드,"머스타드, 원피스, 미디, 슬림핏, 시스루",,아니오,높음,아니오,,products.json
ANC-5069,앙크최,레드 체크 V넥 카라 원피스,레드 체크 V넥 카라 원피스,MINI,원피스,미니,브이넥 / 카라,슬림핏,,,,레드,"레드, 원피스, 미니, 브이넥, 카라, 슬림핏",,아니오,높음,아니오,,products.json
ANC-5070,앙크최,블랙 핑크레이스 배색 미니원피스,블랙 핑크레이스 배색 미니원피스,MINI,원피스,미니,,A라인,레이스,배색,,블랙 / 핑크,"블랙, 핑크, 원피스, 미니, A라인, 레이스, 배색",,아니오,높음,아니오,,products.json
ANC-5071,앙크최,V넥 연핑크 랩 벨트 원피스,V넥 연핑크 랩 벨트 원피스,MIDI,원피스,미디,브이넥,슬림핏,벨트,,,연핑크,"연핑크, 원피스, 미디, 브이넥, 슬림핏, 벨트",,아니오,높음,아니오,,products.json
ANC-5072,앙크최,블랙 화이트배색 카라 버튼 원피스,블랙 화이트배색 카라 버튼 원피스,MINI,원피스,미니,카라,A라인,버튼,배색,,블랙 / 화이트,"블랙, 화이트, 원피스, 미니, 카라, A라인, 버튼, 배색",,아니오,높음,아니오,,products.json
ANC-5074,앙크최,라벤더 화이트레이스 배색 버튼 원피스,라벤더 화이트레이스 배색 버튼 원피스,MINI,원피스,미니,,슬림핏,레이스,버튼,배색,화이트 / 라벤더,"화이트, 라벤더, 원피스, 미니, 슬림핏, 레이스, 버튼, 배색",,아니오,높음,아니오,,products.json
ANC-5075,앙크최,네이비 체크 골드버튼 원피스,네이비 체크 골드버튼 원피스,MINI,원피스,미니,,A라인,버튼,,,네이비,"네이비, 원피스, 미니, A라인, 버튼",,아니오,높음,아니오,,products.json
ANC-5076,앙크최,연핑크 골드버튼 원피스,연핑크 골드버튼 원피스,MINI,원피스,미니,,슬림핏,버튼,,,연핑크,"연핑크, 원피스, 미니, 슬림핏, 버튼",,아니오,높음,아니오,,products.json
ANC-5077,앙크최,블랙 스트라이프 스퀘어넥 더블 버튼 원피스,블랙 스트라이프 스퀘어넥 더블 버튼 원피스,MINI,원피스,미니,스퀘어넥,슬림핏,버튼,,,블랙,"블랙, 원피스, 미니, 스퀘어넥, 슬림핏, 버튼",,아니오,높음,아니오,,products.json
ANC-5078,앙크최,블랙 더블버튼 튤배색 원피스,블랙 더블버튼 튤배색 원피스,MINI,원피스,미니,,A라인,버튼,배색,,블랙,"블랙, 원피스, 미니, A라인, 버튼, 배색",,아니오,높음,아니오,,products.json
ANC-5079,앙크최,핑크 랩 러플 셔링 원피스,핑크 랩 러플 셔링 원피스,MINI,원피스,미니,,슬림핏,셔링,프릴,,핑크,"핑크, 원피스, 미니, 슬림핏, 셔링, 프릴",,아니오,높음,아니오,,products.json
ANC-5080,앙크최,블랙 레이스 와인 러플 원피스,블랙 레이스 와인 러플 원피스,MINI,원피스,미니,,슬림핏,레이스,프릴,,블랙 / 와인,"블랙, 와인, 원피스, 미니, 슬림핏, 레이스, 프릴",,아니오,높음,아니오,,products.json
ANC-5081,앙크최,옐로우 체크 와인 슬릿 원피스,옐로우 체크 와인 슬릿 원피스,MIDI,원피스,미디,,슬림핏,,,,옐로우 / 와인,"옐로우, 와인, 원피스, 미디, 슬림핏",,아니오,높음,아니오,,products.json
ANC-5082,앙크최,블랙 트렌치 벨트 미니원피스,블랙 트렌치 벨트 미니원피스,MINI,원피스,미니,,A라인,벨트,,,블랙,"블랙, 원피스, 미니, A라인, 벨트",,아니오,높음,아니오,,products.json
ANC-5083,앙크최,아이보리 타이 더블버튼 원피스,아이보리 타이 더블버튼 원피스,MINI,원피스,미니,,슬림핏,버튼,,,아이보리,"아이보리, 원피스, 미니, 슬림핏, 버튼",,아니오,높음,아니오,,products.json
ANC-5084,앙크최,블랙 화이트카라 골드버튼 원피스,블랙 화이트카라 골드버튼 원피스,MINI,원피스,미니,카라,A라인,버튼,,,블랙 / 화이트,"블랙, 화이트, 원피스, 미니, 카라, A라인, 버튼",,아니오,높음,아니오,,products.json
ANC-5085,앙크최,화이트 블랙레이스 배색 원피스,화이트 블랙레이스 배색 원피스,MINI,원피스,미니,,A라인,레이스,배색,,블랙 / 화이트,"블랙, 화이트, 원피스, 미니, A라인, 레이스, 배색",,아니오,높음,아니오,,products.json
ANC-5086,앙크최,그린 체크 블랙레이스 배색 원피스,그린 체크 블랙레이스 배색 원피스,MIDI,원피스,미디,,슬림핏,레이스,배색,,블랙 / 그린,"블랙, 그린, 원피스, 미디, 슬림핏, 레이스, 배색",,아니오,높음,아니오,,products.json
ANC-5087,앙크최,핑크 화이트배색 더블버튼 원피스,핑크 화이트배색 더블버튼 원피스,MINI,원피스,미니,,A라인,버튼,배색,,화이트 / 핑크,"화이트, 핑크, 원피스, 미니, A라인, 버튼, 배색",,아니오,높음,아니오,,products.json
ANC-5088,앙크최,블랙 오프숄더 레이스 골드버튼 원피스,블랙 오프숄더 레이스 골드버튼 원피스,MINI,원피스,미니,오프숄더,슬림핏,레이스,버튼,,블랙,"블랙, 원피스, 미니, 오프숄더, 슬림핏, 레이스, 버튼",,아니오,높음,아니오,,products.json
ANC-5089,앙크최,그레이 화이트프릴 리본 버튼 원피스,그레이 화이트프릴 리본 버튼 원피스,MINI,원피스,미니,,슬림핏,리본,프릴,버튼,화이트 / 그레이,"화이트, 그레이, 원피스, 미니, 슬림핏, 리본, 프릴, 버튼",,아니오,높음,아니오,,products.json
ANC-5090,앙크최,레드 레이스 튤배색 원피스,레드 레이스 튤배색 원피스,MINI,원피스,미니,,A라인,레이스,배색,,레드,"레드, 원피스, 미니, A라인, 레이스, 배색",,아니오,높음,아니오,,products.json
ANC-5091,앙크최,블랙 레드패턴 하트넥 원피스,블랙 레드패턴 하트넥 원피스,MINI,원피스,미니,,슬림핏,,,,블랙 / 레드,"블랙, 레드, 원피스, 미니, 슬림핏",,아니오,높음,아니오,,products.json
ANC-5092,앙크최,블랙 체인넥 슬릿 원피스,블랙 체인넥 슬릿 원피스,MIDI,원피스,미디,,슬림핏,체인,,,블랙,"블랙, 원피스, 미디, 슬림핏, 체인",,아니오,높음,아니오,,products.json
ANC-5093,앙크최,그린 체크 카라 골드버튼 원피스,그린 체크 카라 골드버튼 원피스,MINI,원피스,미니,카라,슬림핏,버튼,,,그린,"그린, 원피스, 미니, 카라, 슬림핏, 버튼",,아니오,높음,아니오,,products.json
ANC-5094,앙크최,와인 리본 숄더 셔링 슬릿 원피스,와인 리본 숄더 셔링 슬릿 원피스,MIDI,원피스,미디,,슬림핏,셔링,리본,,와인,"와인, 원피스, 미디, 슬림핏, 셔링, 리본",,아니오,높음,아니오,,products.json
ANC-5095,앙크최,블랙 리본 튤배색 원피스,블랙 리본 튤배색 원피스,MINI,원피스,미니,,A라인,리본,배색,,블랙,"블랙, 원피스, 미니, A라인, 리본, 배색",,아니오,높음,아니오,,products.json
ANC-5096,앙크최,핫핑크 하트넥 슬릿 원피스,핫핑크 하트넥 슬릿 원피스,MINI,원피스,미니,,슬림핏,,,,핫핑크,"핫핑크, 원피스, 미니, 슬림핏",,아니오,높음,아니오,,products.json
ANC-5097,앙크최,그레이 체크 스퀘어넥 슬릿 원피스,그레이 체크 스퀘어넥 슬릿 원피스,MIDI,원피스,미디,스퀘어넥,슬림핏,,,,그레이,"그레이, 원피스, 미디, 스퀘어넥, 슬림핏",,아니오,높음,아니오,,products.json
ANC-5098,앙크최,네이비 랩 셔링 미니원피스,네이비 랩 셔링 미니원피스,MINI,원피스,미니,,슬림핏,셔링,,,네이비,"네이비, 원피스, 미니, 슬림핏, 셔링",,아니오,높음,아니오,,products.json
ANC-5099,앙크최,핑크 체크 레이스배색 원피스,핑크 체크 레이스배색 원피스,MINI,원피스,미니,,A라인,레이스,배색,,핑크,"핑크, 원피스, 미니, A라인, 레이스, 배색",,아니오,높음,아니오,,products.json
ANC-5100,앙크최,블랙 사이드버튼 포인트 원피스,블랙 사이드버튼 포인트 원피스,MINI,원피스,미니,,슬림핏,버튼,,,블랙,"블랙, 원피스, 미니, 슬림핏, 버튼",,아니오,높음,아니오,,products.json
GRA-S795,그레이스,새틴드레이프 슬림 미디원피스,새틴드레이프 슬림 미디원피스,MIDI,원피스,미디,,슬림핏,새틴,,,아이,"아이, 원피스, 미디, 슬림핏, 새틴",,아니오,높음,아니오,,products.json
GRA-S796,그레이스,새틴드레이프 슬림 미디원피스,새틴드레이프 슬림 미디원피스,MIDI,원피스,미디,,슬림핏,새틴,,,핑크,"핑크, 원피스, 미디, 슬림핏, 새틴",,아니오,높음,아니오,,products.json
GRA-S797,그레이스,새틴드레이프 슬림 미디원피스,새틴드레이프 슬림 미디원피스,MIDI,원피스,미디,,슬림핏,새틴,,,블루,"블루, 원피스, 미디, 슬림핏, 새틴",,아니오,높음,아니오,,products.json
GRA-S798,그레이스,플라워홀터 플레어 원피스,플라워홀터 플레어 원피스,MINI,원피스,미니,홀터넥,플레어,,,,화이트,"화이트, 원피스, 미니, 홀터넥, 플레어",,아니오,높음,아니오,,products.json
GRA-S888,그레이스,블랙 체인홀터 미디원피스,블랙 체인홀터 미디원피스,MIDI,원피스,미디,홀터넥,슬림핏,체인,새틴,,블랙,"블랙, 원피스, 미디, 홀터넥, 슬림핏, 체인, 새틴",,아니오,높음,아니오,,products.json
GRA-S889,그레이스,레드 체인홀터 미디원피스,레드 체인홀터 미디원피스,MIDI,원피스,미디,홀터넥,슬림핏,체인,새틴,,레드,"레드, 원피스, 미디, 홀터넥, 슬림핏, 체인, 새틴",,아니오,높음,아니오,,products.json
GRA-S890,그레이스,아이보리 체인홀터 미디원피스,아이보리 체인홀터 미디원피스,MIDI,원피스,미디,홀터넥,슬림핏,체인,새틴,,아이보리,"아이보리, 원피스, 미디, 홀터넥, 슬림핏, 체인, 새틴",,아니오,높음,아니오,,products.json
HEP-S884,햅번,브라운 버클 슬릿 미니원피스,브라운 버클 슬릿 미니원피스,MINI,원피스,미니,,슬림핏,,,,브라운,"브라운, 원피스, 미니, 슬림핏",,아니오,높음,아니오,,products.json
HEP-S885,햅번,그레이 버클 슬릿 미니원피스,그레이 버클 슬릿 미니원피스,MINI,원피스,미니,,슬림핏,,,,그레이,"그레이, 원피스, 미니, 슬림핏",,아니오,높음,아니오,,products.json
HIYA-S786,희야,더블골드버튼 버클 미니투피스,더블골드버튼 버클 미니투피스,TWO PIECE,투피스,미니,,,버튼,,,소라,"소라, 투피스, 미니, 버튼",,아니오,높음,아니오,,products.json
HIYA-S787,희야,더블골드버튼 버클 미니투피스,더블골드버튼 버클 미니투피스,TWO PIECE,투피스,미니,,,버튼,,,블랙,"블랙, 투피스, 미니, 버튼",,아니오,높음,아니오,,products.json
HIYA-S882,희야,핑크 트위드 퍼프 투피스,핑크 트위드 퍼프 투피스,TWO PIECE,투피스,,,,레이스,트위드,퍼프소매,핑크,"핑크, 투피스, 레이스, 트위드, 퍼프소매",,아니오,중간,아니오,,products.json
HIYA-S883,희야,민트 트위드 퍼프 투피스,민트 트위드 퍼프 투피스,TWO PIECE,투피스,,,,레이스,트위드,퍼프소매,민트,"민트, 투피스, 레이스, 트위드, 퍼프소매",,아니오,중간,아니오,,products.json
IMN-001,????,셔링드레이프 슬릿 롱원피스,셔링드레이프 슬릿 롱원피스,ONE PIECE,원피스,롱,,,셔링,,,아이보리 / 네이비,"아이보리, 네이비, 원피스, 롱, 셔링",,아니오,높음,아니오,,products.json
IMN-002,????,랩셔링 슬릿 롱원피스,랩셔링 슬릿 롱원피스,ONE PIECE,원피스,롱,,,셔링,,,핑크 / 블루 / 네이비,"핑크, 블루, 네이비, 원피스, 롱, 셔링",,아니오,높음,아니오,,products.json
IMN-003,????,비쥬스트랩 미니원피스,비쥬스트랩 미니원피스,ONE PIECE,원피스,미니,,슬림핏,,,,화이트 / 블랙,"화이트, 블랙, 원피스, 미니, 슬림핏",,아니오,높음,아니오,,products.json
IMN-004,????,러플브이 슬림 원피스,러플브이 슬림 원피스,ONE PIECE,원피스,미디,브이넥,슬림핏,프릴,,,핑크 / 화이트 / 블랙,"핑크, 화이트, 블랙, 원피스, 미디, 브이넥, 슬림핏, 프릴",,아니오,높음,아니오,,products.json
IMN-005,????,트위스트컷 슬릿 롱원피스,트위스트컷 슬릿 롱원피스,ONE PIECE,원피스,롱,,,꼬임,컷아웃,,화이트 / 블랙 / 네이비 / 라임 / 핑크,"화이트, 블랙, 네이비, 라임, 핑크, 원피스, 롱, 꼬임, 컷아웃",,아니오,높음,아니오,,products.json
IMN-006,????,시스루레이스 슬릿 롱원피스,시스루레이스 슬릿 롱원피스,ONE PIECE,원피스,롱,,,레이스,시스루,,화이트 / 블랙,"화이트, 블랙, 원피스, 롱, 레이스, 시스루",,아니오,높음,아니오,,products.json
IMN-007,????,새틴드레이프 롱원피스,새틴드레이프 롱원피스,ONE PIECE,원피스,롱,,,새틴,,,화이트 / 네이비 / 그린,"화이트, 네이비, 그린, 원피스, 롱, 새틴",,아니오,높음,아니오,,products.json
IMN-S782,임마누엘,레이스퍼프 플레어 투피스,레이스퍼프 플레어 투피스,TWO PIECE,투피스,,,플레어,레이스,퍼프소매,,아이,"아이, 투피스, 플레어, 레이스, 퍼프소매",,아니오,중간,아니오,,products.json
IMN-S783,임마누엘,레이스퍼프 플레어 투피스,레이스퍼프 플레어 투피스,TWO PIECE,투피스,,,플레어,레이스,퍼프소매,,핑크,"핑크, 투피스, 플레어, 레이스, 퍼프소매",,아니오,중간,아니오,,products.json
IMN-S784,임마누엘,레이스뷔스티에 슬림 미디원피스,레이스뷔스티에 슬림 미디원피스,MIDI,탑,미디,,슬림핏,레이스,,,아이,"아이, 탑, 미디, 슬림핏, 레이스",,아니오,높음,아니오,,products.json
IMN-S785,임마누엘,레이스뷔스티에 슬림 미디원피스,레이스뷔스티에 슬림 미디원피스,MIDI,탑,미디,,슬림핏,레이스,,,블랙,"블랙, 탑, 미디, 슬림핏, 레이스",,아니오,높음,아니오,,products.json
IMN-S834,임마누엘,새틴레이스 슬립 원피스,새틴레이스 슬립 원피스,MINI,원피스,미니,,,레이스,새틴,,아이,"아이, 원피스, 미니, 레이스, 새틴",,아니오,높음,아니오,,products.json
IMN-S835,임마누엘,새틴레이스 슬립 원피스,새틴레이스 슬립 원피스,MINI,원피스,미니,,,레이스,새틴,,핑크,"핑크, 원피스, 미니, 레이스, 새틴",,아니오,높음,아니오,,products.json
IMN-S836,임마누엘,플라워쉬폰 언발 원피스,플라워쉬폰 언발 원피스,MIDI,원피스,미디,,,,,,블루,"블루, 원피스, 미디",,아니오,높음,아니오,,products.json
IMN-S837,임마누엘,플라워쉬폰 언발 원피스,플라워쉬폰 언발 원피스,MIDI,원피스,미디,,,,,,핑크,"핑크, 원피스, 미디",,아니오,높음,아니오,,products.json
JES-109,,체인 포인트 슬림 미니원피스,체인 포인트 슬림 미니원피스,MINI,원피스,미니,,슬림핏,체인,,,블랙,"블랙, 원피스, 미니, 슬림핏, 체인",,아니오,높음,아니오,,products.json
JES-176,,숄더벨트 슬림 미니원피스,숄더벨트 슬림 미니원피스,MINI,원피스,미니,,슬림핏,벨트,,,베이지,"베이지, 원피스, 미니, 슬림핏, 벨트",,아니오,높음,아니오,,products.json
JES-193,,중앙버튼 스퀘어넥 미니원피스,중앙버튼 스퀘어넥 미니원피스,MINI,원피스,미니,스퀘어넥,슬림핏,버튼,,,블랙,"블랙, 원피스, 미니, 스퀘어넥, 슬림핏, 버튼",,아니오,높음,아니오,,products.json
JES-194,,브로치 포인트 미니원피스,브로치 포인트 미니원피스,MINI,원피스,미니,,슬림핏,,,,그레이,"그레이, 원피스, 미니, 슬림핏",,아니오,높음,아니오,,products.json
JES-199,,허리레이스 아이보리 미니원피스,허리레이스 아이보리 미니원피스,MINI,원피스,미니,,슬림핏,레이스,,,아이보리,"아이보리, 원피스, 미니, 슬림핏, 레이스",,아니오,높음,아니오,,products.json
JES-204,,가슴날개 버튼 미니원피스,가슴날개 버튼 미니원피스,MINI,원피스,미니,,슬림핏,버튼,,,그레이,"그레이, 원피스, 미니, 슬림핏, 버튼",,아니오,높음,아니오,,products.json
JES-301,제시카,더블버튼 원피스,더블버튼 원피스,MINI,원피스,미니,,A라인 / 플레어,버튼,퍼프소매,,블루그레이,"블루그레이, 원피스, 미니, A라인, 플레어, 버튼, 퍼프소매",,아니오,높음,아니오,,products.json
JES-302,제시카,리본 플레어 원피스,리본 플레어 원피스,MINI,원피스,미니,,A라인 / 플레어,리본,,,핑크+블랙,"핑크+블랙, 원피스, 미니, A라인, 플레어, 리본",,아니오,높음,아니오,,products.json
JES-303,제시카,스퀘어넥 버튼 원피스,스퀘어넥 버튼 원피스,MINI,원피스,미니,스퀘어넥,슬림핏,버튼,,,레드,"레드, 원피스, 미니, 스퀘어넥, 슬림핏, 버튼",,아니오,높음,아니오,,products.json
JES-304,제시카,배색라인 스퀘어넥 버튼 원피스,배색라인 스퀘어넥 버튼 원피스,MINI,원피스,미니,스퀘어넥,슬림핏,버튼,배색,,블랙,"블랙, 원피스, 미니, 스퀘어넥, 슬림핏, 버튼, 배색",,아니오,높음,아니오,,products.json
JES-305,제시카,니트라인 원피스,니트라인 원피스,MINI,원피스,미니,,슬림핏,,,,그레이,"그레이, 원피스, 미니, 슬림핏",,아니오,높음,아니오,,products.json
JES-306,제시카,스카이 카라 퍼프 원피스,스카이 카라 퍼프 원피스,MINI,원피스,미니,카라,A라인 / 플레어,퍼프소매,,,스카이블루,"스카이블루, 원피스, 미니, 카라, A라인, 플레어, 퍼프소매",,아니오,높음,아니오,,products.json
JES-307,제시카,데님 스모크 원피스,데님 스모크 원피스,MINI,원피스,미니,,A라인 / 플레어,,,,데님블루,"데님블루, 원피스, 미니, A라인, 플레어",,아니오,높음,아니오,,products.json
JES-308,제시카,오프숄더 프릴 플레어 원피스,오프숄더 프릴 플레어 원피스,MINI,원피스,미니,오프숄더,A라인 / 플레어,프릴,,,블랙,"블랙, 원피스, 미니, 오프숄더, A라인, 플레어, 프릴",,아니오,높음,아니오,,products.json
JES-309,,허리꼬임 프릴 미니원피스,허리꼬임 프릴 미니원피스,MINI,원피스,미니,스퀘어넥,슬림핏,꼬임,프릴,,살구,"살구, 원피스, 미니, 스퀘어넥, 슬림핏, 꼬임, 프릴",,아니오,높음,아니오,,products.json
JES-310,제시카,프릴랩 벨트 원피스,프릴랩 벨트 원피스,MINI,원피스,미니,,슬림핏,레이스,프릴,벨트,화이트,"화이트, 원피스, 미니, 슬림핏, 레이스, 프릴, 벨트",,아니오,높음,아니오,,products.json
JES-311,제시카,로즈리본 원피스,로즈리본 원피스,MINI,원피스,미니,,슬림핏,리본,,,핑크+레드,"핑크+레드, 원피스, 미니, 슬림핏, 리본",,아니오,높음,아니오,,products.json
JES-313,제시카,레몬 니트탑 원피스,레몬 니트탑 원피스,MINI,투피스,미니,,슬림핏,,,,레몬+네이비,"레몬+네이비, 투피스, 미니, 슬림핏",,아니오,높음,아니오,,products.json
JES-314,제시카,스카이 버튼 원피스,스카이 버튼 원피스,MINI,투피스,미니,,슬림핏,버튼,,,스카이블루,"스카이블루, 투피스, 미니, 슬림핏, 버튼",,아니오,높음,아니오,,products.json
JES-315,제시카,리본 플레어 원피스,리본 플레어 원피스,MINI,원피스,미니,,A라인 / 플레어,리본,,,화이트+그레이,"화이트+그레이, 원피스, 미니, A라인, 플레어, 리본",,아니오,높음,아니오,,products.json
JES-316,제시카,더블버튼 원피스,더블버튼 원피스,MINI,원피스,미니,,A라인 / 슬림핏,버튼,,,레드,"레드, 원피스, 미니, A라인, 슬림핏, 버튼",,아니오,높음,아니오,,products.json
JES-317,제시카,레이스 프릴 벨트 원피스,레이스 프릴 벨트 원피스,MINI,원피스,미니,,슬림핏,레이스,프릴,벨트,블랙,"블랙, 원피스, 미니, 슬림핏, 레이스, 프릴, 벨트",,아니오,높음,아니오,,products.json
JES-318,제시카,버튼 스커트 원피스,버튼 스커트 원피스,MINI,투피스,미니,,슬림핏,버튼,,,블랙+베이지,"블랙+베이지, 투피스, 미니, 슬림핏, 버튼",,아니오,높음,아니오,,products.json
JES-321,제시카,레몬 배색라인 원피스,레몬 배색라인 원피스,MINI,원피스,미니,,슬림핏,배색,,,레몬옐로우,"레몬옐로우, 원피스, 미니, 슬림핏, 배색",,아니오,높음,아니오,,products.json
JES-322,제시카,셔링버튼 원피스,셔링버튼 원피스,MINI,원피스,미니,,슬림핏,셔링,버튼,,아이보리,"아이보리, 원피스, 미니, 슬림핏, 셔링, 버튼",,아니오,높음,아니오,,products.json
JES-323,제시카,더블버튼 스퀘어넥 원피스,더블버튼 스퀘어넥 원피스,MINI,원피스,미니,스퀘어넥,A라인 / 슬림핏,버튼,,,블랙,"블랙, 원피스, 미니, 스퀘어넥, A라인, 슬림핏, 버튼",,아니오,높음,아니오,,products.json
JES-324,제시카,리본버튼 원피스,리본버튼 원피스,MINI,원피스,미니,,슬림핏,리본,버튼,,블루그레이,"블루그레이, 원피스, 미니, 슬림핏, 리본, 버튼",,아니오,높음,아니오,,products.json
JES-325,제시카,생산중 미니 원피스,생산중 미니 원피스,MINI,원피스,미니,,,,,,확인필요,"확인필요, 원피스, 미니",,아니오,높음,아니오,,products.json
JES-326,,허리꼬임 프릴 미니원피스,허리꼬임 프릴 미니원피스,MINI,원피스,미니,스퀘어넥,슬림핏,꼬임,프릴,,블랙,"블랙, 원피스, 미니, 스퀘어넥, 슬림핏, 꼬임, 프릴",,아니오,높음,아니오,,products.json
JES-327,제시카,생산중 미니 원피스,생산중 미니 원피스,MINI,원피스,미니,,,,,,확인필요,"확인필요, 원피스, 미니",,아니오,높음,아니오,,products.json
JES-328,제시카,생산중 미니 원피스,생산중 미니 원피스,MINI,원피스,미니,,,,,,확인필요,"확인필요, 원피스, 미니",,아니오,높음,아니오,,products.json
JES-329,제시카,생산중 미니 원피스,생산중 미니 원피스,MINI,원피스,미니,,,,,,확인필요,"확인필요, 원피스, 미니",,아니오,높음,아니오,,products.json
JES-331,제시카,생산중 미니 원피스,생산중 미니 원피스,MINI,원피스,미니,,,,,,확인필요,"확인필요, 원피스, 미니",,아니오,높음,아니오,,products.json
JES-333,제시카,생산중 미니 원피스,생산중 미니 원피스,MINI,원피스,미니,,,,,,확인필요,"확인필요, 원피스, 미니",,아니오,높음,아니오,,products.json
JES-334,제시카,생산중 미니 원피스,생산중 미니 원피스,MINI,원피스,미니,,,,,,확인필요,"확인필요, 원피스, 미니",,아니오,높음,아니오,,products.json
JES-335,제시카,생산중 미니 원피스,생산중 미니 원피스,MINI,원피스,미니,,,,,,확인필요,"확인필요, 원피스, 미니",,아니오,높음,아니오,,products.json
JES-336,제시카,생산중 미니 원피스,생산중 미니 원피스,MINI,원피스,미니,,,,,,확인필요,"확인필요, 원피스, 미니",,아니오,높음,아니오,,products.json
JES-339,제시카,생산중 미니 원피스,생산중 미니 원피스,MINI,원피스,미니,,,,,,확인필요,"확인필요, 원피스, 미니",,아니오,높음,아니오,,products.json
JES-341,제시카,생산중 미니 원피스,생산중 미니 원피스,MINI,원피스,미니,,,,,,확인필요,"확인필요, 원피스, 미니",,아니오,높음,아니오,,products.json
JES-342,제시카,생산중 미니 원피스,생산중 미니 원피스,MINI,원피스,미니,,,,,,확인필요,"확인필요, 원피스, 미니",,아니오,높음,아니오,,products.json
JES-365,제시카,로제 퍼프 크롭 플레어 미니원피스,로제 퍼프 크롭 플레어 미니원피스,MINI,스커트,미니,,A라인 / 플레어,퍼프소매,,,핑크 / 블랙,"핑크, 블랙, 스커트, 미니, A라인, 플레어, 퍼프소매",,아니오,높음,아니오,,products.json
JES-369,,블루 가슴날개 미니원피스,블루 가슴날개 미니원피스,MINI,원피스,미니,,슬림핏,,,,블루,"블루, 원피스, 미니, 슬림핏",,아니오,높음,아니오,,products.json
JES-380,제시카,셀린 블랙 레이스 카라 미니원피스,셀린 블랙 레이스 카라 미니원피스,MINI,원피스,미니,카라,,레이스,,,블랙,"블랙, 원피스, 미니, 카라, 레이스",,아니오,높음,아니오,,products.json
JES-381,제시카,엘린 소라 리본 트위드 미니원피스,엘린 소라 리본 트위드 미니원피스,MINI,원피스,미니,,,리본,트위드,,소라,"소라, 원피스, 미니, 리본, 트위드",,아니오,높음,아니오,,products.json
JES-384,제시카,로아 스트라이프 카라 슬림 미니원피스,로아 스트라이프 카라 슬림 미니원피스,MINI,원피스,미니,카라,슬림핏,,,,그레이,"그레이, 원피스, 미니, 카라, 슬림핏",,아니오,높음,아니오,,products.json
JES-501,제시카,아이보리 리본 숄더 미니원피스,아이보리 리본 숄더 미니원피스,MINI,원피스,미니,,슬림핏,리본,퍼프소매,,아이보리,"아이보리, 원피스, 미니, 슬림핏, 리본, 퍼프소매",,아니오,높음,아니오,,products.json
JES-502,제시카,블랙 레이스소매 골드버튼 프릴 미니원피스,블랙 레이스소매 골드버튼 프릴 미니원피스,MINI,원피스,미니,,슬림핏,레이스,프릴,버튼,블랙,"블랙, 원피스, 미니, 슬림핏, 레이스, 프릴, 버튼",,아니오,높음,아니오,,products.json
JES-503,제시카,핑크 컷아웃 퍼프 미니원피스,핑크 컷아웃 퍼프 미니원피스,MINI,원피스,미니,,슬림핏,컷아웃,퍼프소매,,핑크,"핑크, 원피스, 미니, 슬림핏, 컷아웃, 퍼프소매",,아니오,높음,아니오,,products.json
JES-504,제시카,아이보리 리본 퍼프 체크 미니원피스,아이보리 리본 퍼프 체크 미니원피스,MINI,원피스,미니,,슬림핏,리본,퍼프소매,,아이보리/네이비,"아이보리/네이비, 원피스, 미니, 슬림핏, 리본, 퍼프소매",,아니오,높음,아니오,,products.json
JES-505,제시카,블랙 컷아웃 오프숄더 셔링 미니원피스,블랙 컷아웃 오프숄더 셔링 미니원피스,MINI,원피스,미니,오프숄더,슬림핏,셔링,컷아웃,,블랙,"블랙, 원피스, 미니, 오프숄더, 슬림핏, 셔링, 컷아웃",,아니오,높음,아니오,,products.json
JES-507,제시카,아이보리 언발런스 프릴 미니원피스,아이보리 언발런스 프릴 미니원피스,MINI,원피스,미니,오프숄더,슬림핏,셔링,레이스,프릴,아이보리,"아이보리, 원피스, 미니, 오프숄더, 슬림핏, 셔링, 레이스, 프릴",,아니오,높음,아니오,,products.json
JES-508,제시카,블랙 골드장식 퍼프 플레어 미니원피스,블랙 골드장식 퍼프 플레어 미니원피스,MINI,원피스,미니,,플레어 / 슬림핏,퍼프소매,,,블랙,"블랙, 원피스, 미니, 플레어, 슬림핏, 퍼프소매",,아니오,높음,아니오,,products.json
JES-509,제시카,와인 체크 퍼프 미니원피스,와인 체크 퍼프 미니원피스,MINI,원피스,미니,,슬림핏,퍼프소매,,,와인,"와인, 원피스, 미니, 슬림핏, 퍼프소매",,아니오,높음,아니오,,products.json
JES-510,제시카,핑크 트위드 벨트 미니원피스,핑크 트위드 벨트 미니원피스,MINI,원피스,미니,,슬림핏,벨트,트위드,,핑크,"핑크, 원피스, 미니, 슬림핏, 벨트, 트위드",,아니오,높음,아니오,,products.json
JES-511,제시카,블랙 골드버튼 카라배색 그레이 미니원피스,블랙 골드버튼 카라배색 그레이 미니원피스,MINI,원피스,미니,카라,슬림핏,버튼,배색,,블랙/그레이,"블랙/그레이, 원피스, 미니, 카라, 슬림핏, 버튼, 배색",,아니오,높음,아니오,,products.json
JES-512,제시카,블루그레이 배색라인 플레어 미니원피스,블루그레이 배색라인 플레어 미니원피스,MINI,원피스,미니,,플레어 / 슬림핏,배색,,,블루그레이,"블루그레이, 원피스, 미니, 플레어, 슬림핏, 배색",,아니오,높음,아니오,,products.json
JES-514,제시카,네이비 언발란스 체인 미니원피스,네이비 언발란스 체인 미니원피스,MINI,원피스,미니,오프숄더,슬림핏,셔링,체인,,네이비,"네이비, 원피스, 미니, 오프숄더, 슬림핏, 셔링, 체인",,아니오,높음,아니오,,products.json
JES-515,제시카,와인 레이스배색 골드버튼 플레어 미니원피스,와인 레이스배색 골드버튼 플레어 미니원피스,MINI,원피스,미니,,플레어 / 슬림핏,레이스,버튼,배색,와인,"와인, 원피스, 미니, 플레어, 슬림핏, 레이스, 버튼, 배색",,아니오,높음,아니오,,products.json
JES-517,제시카,블랙 시스루소매 슬릿 언발원피스,블랙 시스루소매 슬릿 언발원피스,MINI,원피스,미니,,슬림핏,시스루,,,블랙,"블랙, 원피스, 미니, 슬림핏, 시스루",,아니오,높음,아니오,,products.json
JES-518,제시카,레드 오프숄더 셔링 미니원피스,레드 오프숄더 셔링 미니원피스,MINI,원피스,미니,오프숄더,슬림핏,셔링,,,레드,"레드, 원피스, 미니, 오프숄더, 슬림핏, 셔링",,아니오,높음,아니오,,products.json
JES-519,제시카,블랙 레이스소매 카라 배색 미니원피스,블랙 레이스소매 카라 배색 미니원피스,MINI,원피스,미니,카라,슬림핏,레이스,배색,,블랙,"블랙, 원피스, 미니, 카라, 슬림핏, 레이스, 배색",,아니오,높음,아니오,,products.json
JES-520,제시카,블랙/베이지 오프숄더 배색 슬림 미니원피스,블랙/베이지 오프숄더 배색 슬림 미니원피스,MINI,원피스,미니,오프숄더,슬림핏,배색,,,블랙/베이지,"블랙/베이지, 원피스, 미니, 오프숄더, 슬림핏, 배색",,아니오,높음,아니오,,products.json
JES-521,제시카,아이보리 리본 골드버튼 플레어 미니원피스,아이보리 리본 골드버튼 플레어 미니원피스,MINI,원피스,미니,,플레어 / 슬림핏,리본,버튼,,아이보리,"아이보리, 원피스, 미니, 플레어, 슬림핏, 리본, 버튼",,아니오,높음,아니오,,products.json
JES-523,제시카,딥민트 컷아웃 퍼프 미니원피스,딥민트 컷아웃 퍼프 미니원피스,MINI,원피스,미니,,슬림핏,컷아웃,퍼프소매,,딥민트,"딥민트, 원피스, 미니, 슬림핏, 컷아웃, 퍼프소매",,아니오,높음,아니오,,products.json
JES-525,제시카,아이보리 골드버튼 트위드 미니원피스,아이보리 골드버튼 트위드 미니원피스,MINI,원피스,미니,,슬림핏,버튼,트위드,,아이보리,"아이보리, 원피스, 미니, 슬림핏, 버튼, 트위드",,아니오,높음,아니오,,products.json
JES-526,제시카,블랙 오프숄더 골드버튼 플레어 미니원피스,블랙 오프숄더 골드버튼 플레어 미니원피스,MINI,원피스,미니,오프숄더,플레어 / 슬림핏,레이스,버튼,,블랙,"블랙, 원피스, 미니, 오프숄더, 플레어, 슬림핏, 레이스, 버튼",,아니오,높음,아니오,,products.json
JES-529,제시카,블랙 리본 숄더 미니원피스,블랙 리본 숄더 미니원피스,MINI,원피스,미니,,슬림핏,리본,,,블랙,"블랙, 원피스, 미니, 슬림핏, 리본",,아니오,높음,아니오,,products.json
JES-530,제시카,네이비 오프숄더 셔링 미니원피스,네이비 오프숄더 셔링 미니원피스,MINI,원피스,미니,오프숄더,슬림핏,셔링,,,네이비,"네이비, 원피스, 미니, 오프숄더, 슬림핏, 셔링",,아니오,높음,아니오,,products.json
JES-531,제시카,핑크 오프숄더 리본 셔링 미니원피스,핑크 오프숄더 리본 셔링 미니원피스,MINI,원피스,미니,오프숄더,슬림핏,셔링,리본,,핑크,"핑크, 원피스, 미니, 오프숄더, 슬림핏, 셔링, 리본",,아니오,높음,아니오,,products.json
JES-532,제시카,그레이 오프숄더 블랙배색 미니원피스,그레이 오프숄더 블랙배색 미니원피스,MINI,원피스,미니,오프숄더,슬림핏,배색,,,그레이/블랙,"그레이/블랙, 원피스, 미니, 오프숄더, 슬림핏, 배색",,아니오,높음,아니오,,products.json
JES-533,제시카,아이보리 레이스소매 골드버튼 프릴 미니원피스,아이보리 레이스소매 골드버튼 프릴 미니원피스,MINI,원피스,미니,,슬림핏,레이스,프릴,버튼,아이보리,"아이보리, 원피스, 미니, 슬림핏, 레이스, 프릴, 버튼",,아니오,높음,아니오,,products.json
JES-534,제시카,아이보리/블랙 리본 배색 플레어 미니원피스,아이보리/블랙 리본 배색 플레어 미니원피스,MINI,원피스,미니,,플레어 / 슬림핏,리본,배색,,아이보리/블랙,"아이보리/블랙, 원피스, 미니, 플레어, 슬림핏, 리본, 배색",,아니오,높음,아니오,,products.json
JES-535,제시카,블랙 벨트 포인트 슬림 미니원피스,블랙 벨트 포인트 슬림 미니원피스,MINI,원피스,미니,,슬림핏,벨트,,,블랙,"블랙, 원피스, 미니, 슬림핏, 벨트",,아니오,높음,아니오,,products.json
JES-536,제시카,핑크 골드장식 퍼프 플레어 미니원피스,핑크 골드장식 퍼프 플레어 미니원피스,MINI,원피스,미니,,플레어 / 슬림핏,퍼프소매,,,핑크,"핑크, 원피스, 미니, 플레어, 슬림핏, 퍼프소매",,아니오,높음,아니오,,products.json
JES-539,제시카,블랙 컷아웃 퍼프 미니원피스,블랙 컷아웃 퍼프 미니원피스,MINI,원피스,미니,,슬림핏,컷아웃,퍼프소매,,블랙,"블랙, 원피스, 미니, 슬림핏, 컷아웃, 퍼프소매",,아니오,높음,아니오,,products.json
JES-540,제시카,블랙 배색라인 플레어 미니원피스,블랙 배색라인 플레어 미니원피스,MINI,원피스,미니,,플레어 / 슬림핏,배색,,,블랙,"블랙, 원피스, 미니, 플레어, 슬림핏, 배색",,아니오,높음,아니오,,products.json
JES-541,제시카,아이보리 벨트 포인트 슬림 미니원피스,아이보리 벨트 포인트 슬림 미니원피스,MINI,원피스,미니,,슬림핏,벨트,,,아이보리,"아이보리, 원피스, 미니, 슬림핏, 벨트",,아니오,높음,아니오,,products.json
JES-543,제시카,아이보리/블랙 리본 배색 플레어 미니원피스,아이보리/블랙 리본 배색 플레어 미니원피스,MINI,원피스,미니,,플레어 / 슬림핏,리본,배색,,아이보리/블랙,"아이보리/블랙, 원피스, 미니, 플레어, 슬림핏, 리본, 배색",,아니오,높음,아니오,,products.json
JES-544,제시카,핑크 트위드 벨트 미니원피스,핑크 트위드 벨트 미니원피스,MINI,원피스,미니,,슬림핏,벨트,트위드,,핑크,"핑크, 원피스, 미니, 슬림핏, 벨트, 트위드",,아니오,높음,아니오,,products.json
JES-546,제시카,와인 컷아웃 퍼프 미니원피스,와인 컷아웃 퍼프 미니원피스,MINI,원피스,미니,,슬림핏,컷아웃,퍼프소매,,와인,"와인, 원피스, 미니, 슬림핏, 컷아웃, 퍼프소매",,아니오,높음,아니오,,products.json
JES-547,제시카,핑크/블랙 리본 배색 플레어 미니원피스,핑크/블랙 리본 배색 플레어 미니원피스,MINI,원피스,미니,,플레어 / 슬림핏,리본,배색,,핑크/블랙,"핑크/블랙, 원피스, 미니, 플레어, 슬림핏, 리본, 배색",,아니오,높음,아니오,,products.json
JES-548,제시카,블랙 리본 골드버튼 플레어 미니원피스,블랙 리본 골드버튼 플레어 미니원피스,MINI,원피스,미니,,플레어 / 슬림핏,리본,버튼,,블랙,"블랙, 원피스, 미니, 플레어, 슬림핏, 리본, 버튼",,아니오,높음,아니오,,products.json
JES-549,제시카,블랙 언발런스 프릴 미니원피스,블랙 언발런스 프릴 미니원피스,MINI,원피스,미니,오프숄더,슬림핏,프릴,,,블랙,"블랙, 원피스, 미니, 오프숄더, 슬림핏, 프릴",,아니오,높음,아니오,,products.json
JES-550,제시카,아이보리 도트포인트 레드 미니원피스,아이보리 도트포인트 레드 미니원피스,MINI,원피스,미니,,슬림핏,배색,,,아이보리/레드,"아이보리/레드, 원피스, 미니, 슬림핏, 배색",,아니오,높음,아니오,,products.json
JES-551,제시카,핑크 골드버튼 트위드 미니원피스,핑크 골드버튼 트위드 미니원피스,MINI,원피스,미니,,슬림핏,버튼,트위드,,핑크,"핑크, 원피스, 미니, 슬림핏, 버튼, 트위드",,아니오,높음,아니오,,products.json
JES-552,제시카,블랙 레이스배색 골드버튼 플레어 미니원피스,블랙 레이스배색 골드버튼 플레어 미니원피스,MINI,원피스,미니,,플레어 / 슬림핏,레이스,버튼,배색,블랙,"블랙, 원피스, 미니, 플레어, 슬림핏, 레이스, 버튼, 배색",,아니오,높음,아니오,,products.json
JES-554,제시카,화이트/블랙 오프숄더 배색 슬림 미니원피스,화이트/블랙 오프숄더 배색 슬림 미니원피스,MINI,원피스,미니,오프숄더,슬림핏,배색,,,화이트/블랙,"화이트/블랙, 원피스, 미니, 오프숄더, 슬림핏, 배색",,아니오,높음,아니오,,products.json
JES-555,제시카,블랙 오프숄더 프릴 캉캉 미니원피스,블랙 오프숄더 프릴 캉캉 미니원피스,MINI,원피스,미니,오프숄더,슬림핏,프릴,,,블랙,"블랙, 원피스, 미니, 오프숄더, 슬림핏, 프릴",,아니오,높음,아니오,,products.json
JES-556,제시카,네이비 체크 퍼프 미니원피스,네이비 체크 퍼프 미니원피스,MINI,원피스,미니,,슬림핏,퍼프소매,,,네이비 체크,"네이비 체크, 원피스, 미니, 슬림핏, 퍼프소매",,아니오,높음,아니오,,products.json
JES-557,제시카,블랙 리본 포인트 베이지 포켓 미니원피스,블랙 리본 포인트 베이지 포켓 미니원피스,MINI,원피스,미니,,슬림핏,리본,,,블랙/베이지,"블랙/베이지, 원피스, 미니, 슬림핏, 리본",,아니오,높음,아니오,,products.json
JINA-S788,지나,드레이프홀터 슬림 투피스,드레이프홀터 슬림 투피스,TWO PIECE,투피스,,홀터넥,슬림핏,새틴,,,아이,"아이, 투피스, 홀터넥, 슬림핏, 새틴",,아니오,중간,아니오,,products.json
JINA-S789,지나,드레이프홀터 슬림 투피스,드레이프홀터 슬림 투피스,TWO PIECE,투피스,,홀터넥,슬림핏,새틴,,,그린,"그린, 투피스, 홀터넥, 슬림핏, 새틴",,아니오,중간,아니오,,products.json
JINA-S790,지나,드레이프홀터 슬림 투피스,드레이프홀터 슬림 투피스,TWO PIECE,투피스,,홀터넥,슬림핏,새틴,,,블랙,"블랙, 투피스, 홀터넥, 슬림핏, 새틴",,아니오,중간,아니오,,products.json
JINA-S878,지나,핑크 브이넥 홀터 원피스,핑크 브이넥 홀터 원피스,MINI,원피스,미니,홀터넥 / 브이넥,슬림핏,,,,핑크,"핑크, 원피스, 미니, 홀터넥, 브이넥, 슬림핏",,아니오,높음,아니오,,products.json
JINA-S879,지나,블랙 브이넥 홀터 원피스,블랙 브이넥 홀터 원피스,MINI,원피스,미니,홀터넥 / 브이넥,슬림핏,,,,블랙,"블랙, 원피스, 미니, 홀터넥, 브이넥, 슬림핏",,아니오,높음,아니오,,products.json
JINA-S880,지나,아이보리 홀터 슬릿 미디원피스,아이보리 홀터 슬릿 미디원피스,MIDI,원피스,미디,홀터넥,슬림핏,,,,아이보리,"아이보리, 원피스, 미디, 홀터넥, 슬림핏",,아니오,높음,아니오,,products.json
JINA-S881,지나,블랙 홀터 슬릿 미디원피스,블랙 홀터 슬릿 미디원피스,MIDI,원피스,미디,홀터넥,슬림핏,,,,블랙,"블랙, 원피스, 미디, 홀터넥, 슬림핏",,아니오,높음,아니오,,products.json
JINA-S917,지나,아이보리 프릴라인 미디원피스,아이보리 프릴라인 미디원피스,MIDI,원피스,미디,,슬림핏,프릴,,,아이보리,"아이보리, 원피스, 미디, 슬림핏, 프릴",,아니오,높음,아니오,,products.json
JINA-S918,지나,블랙 프릴라인 미디원피스,블랙 프릴라인 미디원피스,MIDI,원피스,미디,,슬림핏,프릴,,,블랙,"블랙, 원피스, 미디, 슬림핏, 프릴",,아니오,높음,아니오,,products.json
JINA-S919,지나,아이보리 원숄더 드레이프 원피스,아이보리 원숄더 드레이프 원피스,MINI,원피스,미니,원숄더,슬림핏,,,,아이보리,"아이보리, 원피스, 미니, 원숄더, 슬림핏",,아니오,높음,아니오,,products.json
JINA-S920,지나,핑크 원숄더 드레이프 원피스,핑크 원숄더 드레이프 원피스,MINI,원피스,미니,원숄더,슬림핏,,,,핑크,"핑크, 원피스, 미니, 원숄더, 슬림핏",,아니오,높음,아니오,,products.json
JINI-001,지니,아이보리 레이스 브이넥 언발 미디원피스,아이보리 레이스 브이넥 언발 미디원피스,MIDI,원피스,미디,브이넥,슬림핏,레이스,,,아이보리,"아이보리, 원피스, 미디, 브이넥, 슬림핏, 레이스",,아니오,높음,아니오,,products.json
JINI-002,지니,핑크 레이스 브이넥 언발 미디원피스,핑크 레이스 브이넥 언발 미디원피스,MIDI,원피스,미디,브이넥,슬림핏,레이스,,,핑크,"핑크, 원피스, 미디, 브이넥, 슬림핏, 레이스",,아니오,높음,아니오,,products.json
JINI-003,지니,레이스 브이넥 크롭 블라우스,레이스 브이넥 크롭 블라우스,TOP,블라우스,,브이넥,슬림핏,레이스,,,핑크 / 아이보리 / 소라 / 블랙,"핑크, 아이보리, 소라, 블랙, 블라우스, 브이넥, 슬림핏, 레이스",,아니오,높음,아니오,,products.json
JINI-004,지니,골드버튼 플리츠 미니스커트,골드버튼 플리츠 미니스커트,SKIRT,스커트,미니,,슬림핏,버튼,플리츠,,아이보리 / 블랙,"아이보리, 블랙, 스커트, 미니, 슬림핏, 버튼, 플리츠",,아니오,높음,아니오,,products.json
JINI-005,지니,핑크 스트라이프 오프숄더 슬림 미디원피스,핑크 스트라이프 오프숄더 슬림 미디원피스,MIDI,원피스,미디,오프숄더,슬림핏,,,,핑크,"핑크, 원피스, 미디, 오프숄더, 슬림핏",,아니오,높음,아니오,,products.json
JINI-006,지니,블랙 스트라이프 오프숄더 슬림 미디원피스,블랙 스트라이프 오프숄더 슬림 미디원피스,MIDI,원피스,미디,오프숄더,슬림핏,,,,블랙,"블랙, 원피스, 미디, 오프숄더, 슬림핏",,아니오,높음,아니오,,products.json
JINI-007,지니,민트 스트라이프 오프숄더 슬림 미디원피스,민트 스트라이프 오프숄더 슬림 미디원피스,MIDI,원피스,미디,오프숄더,슬림핏,,,,민트,"민트, 원피스, 미디, 오프숄더, 슬림핏",,아니오,높음,아니오,,products.json
JINI-008,지니,그레이 체크플리츠 슬림 미니원피스,그레이 체크플리츠 슬림 미니원피스,MINI,원피스,미니,,슬림핏,플리츠,,,그레이,"그레이, 원피스, 미니, 슬림핏, 플리츠",,아니오,높음,아니오,,products.json
JINI-009,지니,레드 체크플리츠 슬림 미니원피스,레드 체크플리츠 슬림 미니원피스,MINI,원피스,미니,,슬림핏,플리츠,,,레드,"레드, 원피스, 미니, 슬림핏, 플리츠",,아니오,높음,아니오,,products.json
JINI-010,지니,핑크 리본라인 슬림 미디원피스,핑크 리본라인 슬림 미디원피스,MIDI,원피스,미디,,슬림핏,리본,새틴,,핑크,"핑크, 원피스, 미디, 슬림핏, 리본, 새틴",,아니오,높음,아니오,,products.json
JINI-011,지니,소라 리본라인 슬림 미디원피스,소라 리본라인 슬림 미디원피스,MIDI,원피스,미디,,슬림핏,리본,새틴,,소라,"소라, 원피스, 미디, 슬림핏, 리본, 새틴",,아니오,높음,아니오,,products.json
JINI-012,지니,아이보리 리본라인 슬림 미디원피스,아이보리 리본라인 슬림 미디원피스,MIDI,원피스,미디,,슬림핏,리본,새틴,,아이보리,"아이보리, 원피스, 미디, 슬림핏, 리본, 새틴",,아니오,높음,아니오,,products.json
JINI-013,지니,아이보리 로즈자수 러플 미니원피스,아이보리 로즈자수 러플 미니원피스,MINI,원피스,미니,,슬림핏,프릴,,,아이보리,"아이보리, 원피스, 미니, 슬림핏, 프릴",,아니오,높음,아니오,,products.json
JINI-014,지니,핑크 로즈자수 러플 미니원피스,핑크 로즈자수 러플 미니원피스,MINI,원피스,미니,,슬림핏,프릴,,,핑크,"핑크, 원피스, 미니, 슬림핏, 프릴",,아니오,높음,아니오,,products.json
JINI-015,지니,민트 로즈자수 러플 미니원피스,민트 로즈자수 러플 미니원피스,MINI,원피스,미니,,슬림핏,프릴,,,민트,"민트, 원피스, 미니, 슬림핏, 프릴",,아니오,높음,아니오,,products.json
JINI-020,지니,핑크 비즈라인 시스루 슬림원피스,핑크 비즈라인 시스루 슬림원피스,LONG,원피스,롱,,슬림핏,비즈,시스루,,핑크,"핑크, 원피스, 롱, 슬림핏, 비즈, 시스루",,아니오,높음,아니오,,products.json
JINI-021,지니,베이지 비즈라인 시스루 슬림원피스,베이지 비즈라인 시스루 슬림원피스,LONG,원피스,롱,,슬림핏,비즈,시스루,,베이지,"베이지, 원피스, 롱, 슬림핏, 비즈, 시스루",,아니오,높음,아니오,,products.json
JINI-022,지니,소라 비즈라인 시스루 슬림원피스,소라 비즈라인 시스루 슬림원피스,LONG,원피스,롱,,슬림핏,비즈,시스루,,소라,"소라, 원피스, 롱, 슬림핏, 비즈, 시스루",,아니오,높음,아니오,,products.json
N260001,그레이스,화이트 러플 브이넥 크롭 투피스,화이트 러플 브이넥 크롭 투피스,TWO PIECE,투피스,,브이넥,,프릴,,,화이트,"화이트, 투피스, 브이넥, 프릴",,아니오,중간,아니오,,products.json
N260002,그레이스,핑크 러플 브이넥 크롭 투피스,핑크 러플 브이넥 크롭 투피스,TWO PIECE,투피스,,브이넥,,프릴,,,핑크,"핑크, 투피스, 브이넥, 프릴",,아니오,중간,아니오,,products.json
N260003,그레이스,블랙 러플 브이넥 크롭 투피스,블랙 러플 브이넥 크롭 투피스,TWO PIECE,투피스,,브이넥,,프릴,,,블랙,"블랙, 투피스, 브이넥, 프릴",,아니오,중간,아니오,,products.json
N260004,그레이스,마린 스타일 투피스,마린 스타일 투피스,TWO PIECE,투피스,,,,,,,화이트,"화이트, 투피스",,아니오,중간,아니오,,products.json
N260005,그레이스,마린 스타일 투피스,마린 스타일 투피스,TWO PIECE,투피스,,,,,,,네이비,"네이비, 투피스",,아니오,중간,아니오,,products.json
N260006,세윤,러플 오프숄더 크롭 투피스,러플 오프숄더 크롭 투피스,TWO PIECE,투피스,,오프숄더,,프릴,,,핑크/화이트,"핑크/화이트, 투피스, 오프숄더, 프릴",,아니오,중간,아니오,,products.json
N260007,세윤,러플 투피스,러플 투피스,TWO PIECE,투피스,,,,프릴,,,블랙,"블랙, 투피스, 프릴",,아니오,중간,아니오,,products.json
N260008,세윤,오프숄더 튤스커트 투피스,오프숄더 튤스커트 투피스,TWO PIECE,투피스,,오프숄더,,,,,화이트/블랙,"화이트/블랙, 투피스, 오프숄더",,아니오,중간,아니오,,products.json
N260009,세윤,마린 세일러 투피스,마린 세일러 투피스,TWO PIECE,투피스,,,,,,,화이트,"화이트, 투피스",,아니오,중간,아니오,,products.json
N260010,세윤,마린 세일러 투피스,마린 세일러 투피스,TWO PIECE,투피스,,,,,,,블랙,"블랙, 투피스",,아니오,중간,아니오,,products.json
N260011,세윤,화이트 오프숄더 랩스커트 투피스,화이트 오프숄더 랩스커트 투피스,TWO PIECE,투피스,,오프숄더,,,,,화이트/블랙,"화이트/블랙, 투피스, 오프숄더",,아니오,중간,아니오,,products.json
N260012,세윤,핑크 오프숄더 랩스커트 투피스,핑크 오프숄더 랩스커트 투피스,TWO PIECE,투피스,,오프숄더,,,,,핑크/화이트,"핑크/화이트, 투피스, 오프숄더",,아니오,중간,아니오,,products.json
N260013,세윤,블랙 오프숄더 랩스커트 투피스,블랙 오프숄더 랩스커트 투피스,TWO PIECE,투피스,,오프숄더,슬림핏,리본,플리츠,,블랙/화이트,"블랙/화이트, 투피스, 오프숄더, 슬림핏, 리본, 플리츠",,아니오,중간,아니오,,products.json
N260014,세윤,골드버튼 체인 슬림 원피스,골드버튼 체인 슬림 원피스,MINI,원피스,미니,,슬림핏,버튼,체인,,핑크,"핑크, 원피스, 미니, 슬림핏, 버튼, 체인",,아니오,높음,아니오,,products.json
N260015,세윤,골드버튼 체인 슬림 원피스,골드버튼 체인 슬림 원피스,MINI,원피스,미니,,슬림핏,버튼,체인,,소라,"소라, 원피스, 미니, 슬림핏, 버튼, 체인",,아니오,높음,아니오,,products.json
N260016,실루엣,글램 미디 원피스,글램 미디 원피스,MIDI,원피스,미디,,,,,,베이지/화이트,"베이지/화이트, 원피스, 미디",,아니오,높음,아니오,,products.json
N260017,실루엣,기네스 미니 원피스,기네스 미니 원피스,MINI,원피스,미니,,,,,,블랙,"블랙, 원피스, 미니",,아니오,높음,아니오,,products.json
N260020,실루엣,액세서리 옵션,액세서리 옵션,MINI,원피스,미니,,,,,,,"원피스, 미니",,아니오,높음,아니오,,products.json
N260021,실루엣,라비앙 원피스,라비앙 원피스,MINI,원피스,미니,,,새틴,,,아이보리,"아이보리, 원피스, 미니, 새틴",,아니오,높음,아니오,,products.json
N260022,실루엣,튜브탑 리본 스트라이프 미니 원피스,튜브탑 리본 스트라이프 미니 원피스,MINI,투피스,미니,튜브탑,,리본,,,그레이,"그레이, 투피스, 미니, 튜브탑, 리본",,아니오,높음,아니오,,products.json
N260023,실루엣,튜브탑 리본 스트라이프 미니 원피스,튜브탑 리본 스트라이프 미니 원피스,MINI,투피스,미니,튜브탑,,리본,,,화이트,"화이트, 투피스, 미니, 튜브탑, 리본",,아니오,높음,아니오,,products.json
N260024,실루엣,베베 리본홀 미니원피스,베베 리본홀 미니원피스,MINI,원피스,미니,,,리본,,,아이보리/블랙,"아이보리/블랙, 원피스, 미니, 리본",,아니오,높음,아니오,,products.json
N260025,실루엣,스트라이프 리본 탑 블라우스,스트라이프 리본 탑 블라우스,TOP,투피스,,,,리본,,,그레이,"그레이, 투피스, 리본",,아니오,중간,아니오,,products.json
N260026,실루엣,스트라이프 리본 탑 블라우스,스트라이프 리본 탑 블라우스,TOP,투피스,,,,리본,,,핑크,"핑크, 투피스, 리본",,아니오,중간,아니오,,products.json
N260027,실루엣,모던핏 그레이 슬림 미디원피스,모던핏 그레이 슬림 미디원피스,MIDI,원피스,미디,,슬림핏,,,,N260027,"N260027, 원피스, 미디, 슬림핏",,아니오,높음,아니오,,products.json
N260029,실루엣,모던핏 그레이 슬림 미디원피스,모던핏 그레이 슬림 미디원피스,MIDI,원피스,미디,,슬림핏,,,,화이트,"화이트, 원피스, 미디, 슬림핏",,아니오,높음,아니오,,products.json
N260030,실루엣,드레이핑 튜브탑 원피스,드레이핑 튜브탑 원피스,MINI,투피스,미니,튜브탑,,새틴,,,화이트/핑크,"화이트/핑크, 투피스, 미니, 튜브탑, 새틴",,아니오,높음,아니오,,products.json
N260031,실루엣,루아 블랙라인 리본트임 미디원피스,루아 블랙라인 리본트임 미디원피스,MIDI,원피스,미디,,,리본,,,화이트,"화이트, 원피스, 미디, 리본",,아니오,높음,아니오,,products.json
N260032,실루엣,루아 블랙라인 리본트임 미디원피스,루아 블랙라인 리본트임 미디원피스,MIDI,원피스,미디,,,리본,,,핑크,"핑크, 원피스, 미디, 리본",,아니오,높음,아니오,,products.json
N260033,실루엣,도트 리본 델리 투피스,도트 리본 델리 투피스,TWO PIECE,투피스,미니,,슬림핏,리본,,,아이보리/블랙,"아이보리/블랙, 투피스, 미니, 슬림핏, 리본",,아니오,높음,아니오,,products.json
N260033-PINK,실루엣,도트 리본 델리 투피스,도트 리본 델리 투피스,TWO PIECE,투피스,미니,,슬림핏,리본,,,핑크/블랙,"핑크/블랙, 투피스, 미니, 슬림핏, 리본",,아니오,높음,아니오,,products.json
N260034,실루엣,클래식 무드 플리츠 스커트,클래식 무드 플리츠 스커트,SKIRT,투피스,,,,플리츠,,,아이보리/핑크/블랙,"아이보리/핑크/블랙, 투피스, 플리츠",,아니오,중간,아니오,,products.json
N260035,실루엣,넥리본 클래식 무드 블라우스,넥리본 클래식 무드 블라우스,BLOUSE,투피스,,,,리본,,,화이트/핑크/블랙,"화이트/핑크/블랙, 투피스, 리본",,아니오,중간,아니오,,products.json
N260036,실루엣,글램 미디 원피스 아이보리,글램 미디 원피스 아이보리,MIDI,원피스,미디,,,,,,아이보리,"아이보리, 원피스, 미디",,아니오,높음,아니오,,products.json
N260037,실루엣,리본 타이 오프숄더 미디원피스,리본 타이 오프숄더 미디원피스,MIDI,투피스,미디,오프숄더,슬림핏,리본,,,그레이,"그레이, 투피스, 미디, 오프숄더, 슬림핏, 리본",,아니오,높음,아니오,,products.json
N260038,실루엣,리본 타이 오프숄더 미디원피스,리본 타이 오프숄더 미디원피스,MIDI,투피스,미디,오프숄더,슬림핏,리본,,,아이보리,"아이보리, 투피스, 미디, 오프숄더, 슬림핏, 리본",,아니오,높음,아니오,,products.json
N260039,실루엣,벨라 레이스 버클 미니투피스,벨라 레이스 버클 미니투피스,TWO PIECE,투피스,미니,,슬림핏,레이스,배색,,아이보리,"아이보리, 투피스, 미니, 슬림핏, 레이스, 배색",,아니오,높음,아니오,,products.json
N260040,실루엣,벨라 코르셋 크롭나시 블라우스,벨라 코르셋 크롭나시 블라우스,TOP,투피스,,,,,,,아이보리/블랙,"아이보리/블랙, 투피스",,아니오,중간,아니오,,products.json
N260041,실루엣,벨라 후크 라인 스커트,벨라 후크 라인 스커트,SKIRT,투피스,,,,,,,아이보리/블랙,"아이보리/블랙, 투피스",,아니오,중간,아니오,,products.json
N260043,써니,블랙 라비앙 배색 새틴 미디원피스,블랙 라비앙 배색 새틴 미디원피스,MIDI,원피스,미디,,슬림핏,배색,새틴,,블랙,"블랙, 원피스, 미디, 슬림핏, 배색, 새틴",,아니오,높음,아니오,,products.json
N260044,써니,핑크 라비앙 배색 새틴 미디원피스,핑크 라비앙 배색 새틴 미디원피스,MIDI,원피스,미디,,슬림핏,배색,새틴,,핑크,"핑크, 원피스, 미디, 슬림핏, 배색, 새틴",,아니오,높음,아니오,,products.json
N260049,지나,화이트 H라인 미디드레스,화이트 H라인 미디드레스,MIDI,원피스,미디,,H라인,,,,화이트,"화이트, 원피스, 미디, H라인",,아니오,높음,아니오,,products.json
N260050,지나,블랙 H라인 미디드레스,블랙 H라인 미디드레스,MIDI,원피스,미디,,H라인,,,,블랙,"블랙, 원피스, 미디, H라인",,아니오,높음,아니오,,products.json
N260051,지나,화이트 H라인 미디드레스,화이트 H라인 미디드레스,MIDI,원피스,미디,,H라인,,,,화이트,"화이트, 원피스, 미디, H라인",,아니오,높음,아니오,,products.json
N260052,지나,소라 화이트 H라인 미디드레스,소라 화이트 H라인 미디드레스,MIDI,원피스,미디,,H라인,,,,소라,"소라, 원피스, 미디, H라인",,아니오,높음,아니오,,products.json
N260053,지나,레드꽃무늬 H라인 미디드레스,레드꽃무늬 H라인 미디드레스,MIDI,원피스,미디,,H라인,,,,레드,"레드, 원피스, 미디, H라인",,아니오,높음,아니오,,products.json
N260054,지나,블루꽃무늬 H라인 미디드레스,블루꽃무늬 H라인 미디드레스,MIDI,원피스,미디,,H라인,,,,블루,"블루, 원피스, 미디, H라인",,아니오,높음,아니오,,products.json
N260055,지나,미니탑 드레스,미니탑 드레스,TOP,투피스,,,,,,,화이트,"화이트, 투피스",,아니오,중간,아니오,,products.json
N260056,지나,미니탑 드레스,미니탑 드레스,TOP,투피스,,,,,,,블랙,"블랙, 투피스",,아니오,중간,아니오,,products.json
N260059,지나,플라워 숄더 H라인 미니 드레스,플라워 숄더 H라인 미니 드레스,MINI,원피스,미니,,H라인,,,,화이트,"화이트, 원피스, 미니, H라인",,아니오,높음,아니오,,products.json
N260060,지나,플라워 숄더 H라인 미니 드레스,플라워 숄더 H라인 미니 드레스,MINI,원피스,미니,,H라인,,,,블랙,"블랙, 원피스, 미니, H라인",,아니오,높음,아니오,,products.json
N260061,지나,포인트 미니 원피스,포인트 미니 원피스,MINI,원피스,미니,,,,,,화이트,"화이트, 원피스, 미니",,아니오,높음,아니오,,products.json
N260062,지나,포인트 미니 원피스,포인트 미니 원피스,MINI,원피스,미니,,,,,,핑크,"핑크, 원피스, 미니",,아니오,높음,아니오,,products.json
N260079,지니,민트 셔링 크롭탑 플레어 투피스,민트 셔링 크롭탑 플레어 투피스,TWO PIECE,투피스,,,플레어,셔링,,,민트,"민트, 투피스, 플레어, 셔링",,아니오,중간,아니오,,products.json
N260080,지니,시스루 레이스 원피스,시스루 레이스 원피스,MINI,원피스,미니,,,레이스,시스루,,블랙,"블랙, 원피스, 미니, 레이스, 시스루",,아니오,높음,아니오,,products.json
N260081,지니,시스루 레이스 원피스,시스루 레이스 원피스,MINI,원피스,미니,,,레이스,시스루,,화이트,"화이트, 원피스, 미니, 레이스, 시스루",,아니오,높음,아니오,,products.json
N260082,지니,코르셋 미디 슬립 원피스,코르셋 미디 슬립 원피스,MIDI,원피스,미디,,,새틴,,,블랙,"블랙, 원피스, 미디, 새틴",,아니오,높음,아니오,,products.json
N260083,지니,코르셋 미디 슬립 원피스,코르셋 미디 슬립 원피스,MIDI,원피스,미디,,,새틴,,,아이보리,"아이보리, 원피스, 미디, 새틴",,아니오,높음,아니오,,products.json
N260084,지니,코르셋 미디 슬립 원피스,코르셋 미디 슬립 원피스,MIDI,원피스,미디,,,새틴,,,핑크,"핑크, 원피스, 미디, 새틴",,아니오,높음,아니오,,products.json
N260090,지니,셔링 핀턱 미디 원피스,셔링 핀턱 미디 원피스,MIDI,원피스,미디,,,셔링,,,핑크,"핑크, 원피스, 미디, 셔링",,아니오,높음,아니오,,products.json
N260092,지니,셔링 핀턱 미디 원피스,셔링 핀턱 미디 원피스,MIDI,원피스,미디,,,셔링,,,화이트,"화이트, 원피스, 미디, 셔링",,아니오,높음,아니오,,products.json
N260093,지니,오프숄더 프릴 미니투피스,오프숄더 프릴 미니투피스,TWO PIECE,투피스,미니,오프숄더,,프릴,,,화이트,"화이트, 투피스, 미니, 오프숄더, 프릴",,아니오,높음,아니오,,products.json
N260118,티아라,플라워 비즈 크롭 탑,플라워 비즈 크롭 탑,TOP,투피스,,,,비즈,,,화이트/핑크,"화이트/핑크, 투피스, 비즈",,아니오,중간,아니오,,products.json
N260119,티아라,플라워 비즈 가디건,플라워 비즈 가디건,TOP,투피스,,,,비즈,,,블루/화이트,"블루/화이트, 투피스, 비즈",,아니오,중간,아니오,,products.json
N260122,티아라,슬림 크롭 셋업 투피스,슬림 크롭 셋업 투피스,TWO PIECE,투피스,,,슬림핏,,,,핑크,"핑크, 투피스, 슬림핏",,아니오,중간,아니오,,products.json
N260123,티아라,슬림 크롭 셋업 투피스,슬림 크롭 셋업 투피스,TWO PIECE,투피스,,,슬림핏,,,,민트,"민트, 투피스, 슬림핏",,아니오,중간,아니오,,products.json
N260124,티아라,슬림 크롭 셋업 투피스,슬림 크롭 셋업 투피스,TWO PIECE,투피스,,,슬림핏,,,,화이트,"화이트, 투피스, 슬림핏",,아니오,중간,아니오,,products.json
N260125,티아라,레이스 카라 플리츠 투피스,레이스 카라 플리츠 투피스,TWO PIECE,투피스,,카라,,레이스,플리츠,,아이보리/블랙,"아이보리/블랙, 투피스, 카라, 레이스, 플리츠",,아니오,중간,아니오,,products.json
N260126,티아라,소프트 라인 투피스,소프트 라인 투피스,TWO PIECE,투피스,,,,,,,화이트,"화이트, 투피스",,아니오,중간,아니오,,products.json
N260133,티아라,배색 라인 투피스,배색 라인 투피스,TWO PIECE,투피스,,,,레이스,배색,,블랙,"블랙, 투피스, 레이스, 배색",,아니오,중간,아니오,,products.json
N260134,티아라,클래식 셋업 투피스,클래식 셋업 투피스,TWO PIECE,투피스,,,,레이스,,,핑크,"핑크, 투피스, 레이스",,아니오,중간,아니오,,products.json
N260140,티아라,소프트 포인트 투피스,소프트 포인트 투피스,TWO PIECE,투피스,,,,,,,소라/아이보리/베이지/핑크/민트,"소라/아이보리/베이지/핑크/민트, 투피스",,아니오,중간,아니오,,products.json
N260141,티아라,소프트 포인트 투피스,소프트 포인트 투피스,TWO PIECE,투피스,,,,,,,소라/아이보리/베이지/핑크/민트,"소라/아이보리/베이지/핑크/민트, 투피스",,아니오,중간,아니오,,products.json
N260150,티아라,어깨끈 조절 포인트 미니 원피스,어깨끈 조절 포인트 미니 원피스,MINI,원피스,미니,,,새틴,,,아이보리,"아이보리, 원피스, 미니, 새틴",,아니오,높음,아니오,,products.json
N260151,티아라,어깨끈 조절 포인트 미니 원피스,어깨끈 조절 포인트 미니 원피스,MINI,원피스,미니,,,새틴,,,핑크,"핑크, 원피스, 미니, 새틴",,아니오,높음,아니오,,products.json
N260152,티아라,어깨끈 조절 포인트 미니 원피스,어깨끈 조절 포인트 미니 원피스,MINI,원피스,미니,,,새틴,,,그레이,"그레이, 원피스, 미니, 새틴",,아니오,높음,아니오,,products.json
N260153,티아라,어깨끈 조절 포인트 미니 원피스,어깨끈 조절 포인트 미니 원피스,MINI,원피스,미니,,,새틴,,,블랙,"블랙, 원피스, 미니, 새틴",,아니오,높음,아니오,,products.json
N260180,티아라,시스루레이스 롱드레스,시스루레이스 롱드레스,LONG,원피스,롱,,,레이스,시스루,,아이보리,"아이보리, 원피스, 롱, 레이스, 시스루",,아니오,높음,아니오,,products.json
N260181,티아라,시스루레이스 롱드레스,시스루레이스 롱드레스,LONG,원피스,롱,,,레이스,시스루,,핑크,"핑크, 원피스, 롱, 레이스, 시스루",,아니오,높음,아니오,,products.json
N260182,티아라,시스루레이스 롱드레스,시스루레이스 롱드레스,LONG,원피스,롱,,,레이스,시스루,,소라,"소라, 원피스, 롱, 레이스, 시스루",,아니오,높음,아니오,,products.json
N260187,펄,로제 하트버튼 크롭나시 미디투피스,로제 하트버튼 크롭나시 미디투피스,TWO PIECE,투피스,미디,,,버튼,,,아이보리,"아이보리, 투피스, 미디, 버튼",,아니오,높음,아니오,,products.json
N260188,펄,로제 하트버튼 크롭나시 미디투피스,로제 하트버튼 크롭나시 미디투피스,TWO PIECE,투피스,미디,,,버튼,,,네이비,"네이비, 투피스, 미디, 버튼",,아니오,높음,아니오,,products.json
N260189,펄,포인트 미디 드레스,포인트 미디 드레스,MIDI,원피스,미디,,,,,,핑크/민트,"핑크/민트, 원피스, 미디",,아니오,높음,아니오,,products.json
N260190,펄,도트 A라인 미니 원피스,도트 A라인 미니 원피스,MINI,원피스,미니,,A라인,,,,아이보리,"아이보리, 원피스, 미니, A라인",,아니오,높음,아니오,,products.json
N260191,펄,도트 A라인 미니 원피스,도트 A라인 미니 원피스,MINI,원피스,미니,,A라인,,,,블랙,"블랙, 원피스, 미니, A라인",,아니오,높음,아니오,,products.json
N260192,펄,견장 버튼 블라우스,견장 버튼 블라우스,TOP,투피스,,,,버튼,,,아이보리/블랙,"아이보리/블랙, 투피스, 버튼",,아니오,중간,아니오,,products.json
N260193,펄,다이아 자수 스커트,다이아 자수 스커트,SKIRT,투피스,,,,,,,아이보리/핑크,"아이보리/핑크, 투피스",,아니오,중간,아니오,,products.json
N260194,펄,포인트 투피스,포인트 투피스,TWO PIECE,투피스,,,,,,,아이보리/핑크,"아이보리/핑크, 투피스",,아니오,중간,아니오,,products.json
N260195,펄,링 포인트 스커트,링 포인트 스커트,SKIRT,스커트,미니,,슬림핏,,,,아이보리/블랙,"아이보리/블랙, 스커트, 미니, 슬림핏",,아니오,높음,아니오,,products.json
N260196,펄,샹드리에 포인트 스커트,샹드리에 포인트 스커트,SKIRT,스커트,미니,,슬림핏,,,,아이보리/핑크,"아이보리/핑크, 스커트, 미니, 슬림핏",,아니오,높음,아니오,,products.json
N260197,펄,셔링 나시 탑,셔링 나시 탑,TOP,블라우스,,,슬림핏,셔링,,,아이보리/중청,"아이보리/중청, 블라우스, 슬림핏, 셔링",,아니오,높음,아니오,,products.json
N260198,펄,아코디언 셔링 블라우스,아코디언 셔링 블라우스,TOP,블라우스,,,슬림핏,셔링,레이스,,아이보리/핑크,"아이보리/핑크, 블라우스, 슬림핏, 셔링, 레이스",,아니오,높음,아니오,,products.json
N260199,펄,배색 포인트 투피스,배색 포인트 투피스,TWO PIECE,투피스,,,,배색,,,아이보리/블랙,"아이보리/블랙, 투피스, 배색",,아니오,중간,아니오,,products.json
N260200,펄,이중 레이스 훌 블라우스,이중 레이스 훌 블라우스,TOP,투피스,,,,레이스,,,핑크/블루,"핑크/블루, 투피스, 레이스",,아니오,중간,아니오,,products.json
N260202,펄,카라 배색 투피스,카라 배색 투피스,TWO PIECE,투피스,,카라,,배색,,,블랙,"블랙, 투피스, 카라, 배색",,아니오,중간,아니오,,products.json
N260203,펄,캔디 원피스,캔디 원피스,MINI,원피스,미니,,,,,,아이보리/민트,"아이보리/민트, 원피스, 미니",,아니오,높음,아니오,,products.json
N260204,펄,아이보리 컷아웃 투피스,아이보리 컷아웃 투피스,TWO PIECE,투피스,,,슬림핏,레이스,컷아웃,,아이보리/블랙,"아이보리/블랙, 투피스, 슬림핏, 레이스, 컷아웃",,아니오,중간,아니오,,products.json
N260205,펄,코메즈 블라우스 아이 핑크,코메즈 블라우스 아이 핑크,TOP,투피스,,,,,,,아이보리/핑크,"아이보리/핑크, 투피스",,아니오,중간,아니오,,products.json
N260206,펄,레이스 슬리브리스 탑,레이스 슬리브리스 탑,TOP,블라우스,,,슬림핏,레이스,,,민트/아이보리,"민트/아이보리, 블라우스, 슬림핏, 레이스",,아니오,높음,아니오,,products.json
N260207,펄,팅커 나시,팅커 나시,TOP,투피스,,,,,,,아이보리/블루,"아이보리/블루, 투피스",,아니오,중간,아니오,,products.json
N260208,펄,폼폼 투피스,폼폼 투피스,TWO PIECE,투피스,,,,레이스,,,아이보리/민트,"아이보리/민트, 투피스, 레이스",,아니오,중간,아니오,,products.json
N260210,희야,주얼 트위드 투피스,주얼 트위드 투피스,TWO PIECE,투피스,,,,트위드,,,화이트,"화이트, 투피스, 트위드",,아니오,중간,아니오,,products.json
N260212,희야,스트라이프 프레피 코스튬 투피스,스트라이프 프레피 코스튬 투피스,COSTUME,투피스,,,,,,,화이트/블랙,"화이트/블랙, 투피스",,아니오,중간,아니오,,products.json
N260213,희야,스트라이프 프레피 코스튬 투피스,스트라이프 프레피 코스튬 투피스,COSTUME,투피스,,,,,,,블루/그레이,"블루/그레이, 투피스",,아니오,중간,아니오,,products.json
N260214,희야,빅리본 버튼 미니드레스,빅리본 버튼 미니드레스,MINI,원피스,미니,,,리본,버튼,,핑크,"핑크, 원피스, 미니, 리본, 버튼",,아니오,높음,아니오,,products.json
N260215,희야,빅리본 버튼 미니드레스,빅리본 버튼 미니드레스,MINI,원피스,미니,,,리본,버튼,,민트,"민트, 원피스, 미니, 리본, 버튼",,아니오,높음,아니오,,products.json
N260216,희야,빅리본 버튼 미니드레스,빅리본 버튼 미니드레스,MINI,원피스,미니,,,리본,버튼,,블랙,"블랙, 원피스, 미니, 리본, 버튼",,아니오,높음,아니오,,products.json
N260218,티아라,비즈 카라 민소매 니트,비즈 카라 민소매 니트,TOP,투피스,,카라,,비즈,,,아이보리/블랙/핑크/소라,"아이보리/블랙/핑크/소라, 투피스, 카라, 비즈",,아니오,중간,아니오,,products.json
N260222,티아라,레이스 플레어 스커트,레이스 플레어 스커트,SKIRT,투피스,,,플레어,레이스,,,베이지/블랙,"베이지/블랙, 투피스, 플레어, 레이스",,아니오,중간,아니오,,products.json
N260224,티아라,4단 프릴 미니 스커트,4단 프릴 미니 스커트,SKIRT,투피스,,,,프릴,,,아이보리/블랙,"아이보리/블랙, 투피스, 프릴",,아니오,중간,아니오,,products.json
N260225,실루엣,앙상블 브이넥 니트탑,앙상블 브이넥 니트탑,TOP,블라우스,,브이넥,,,,,아이보리 / 핑크,"아이보리, 핑크, 블라우스, 브이넥",,아니오,높음,아니오,,products.json
N260226,실루엣,비쥬플라워 미니스커트,비쥬플라워 미니스커트,SKIRT,블라우스,,,,,,,아이보리 / 블랙,"아이보리, 블랙, 블라우스",,아니오,높음,아니오,,products.json
N260227,실루엣,스티치라인 슬림 원피스,스티치라인 슬림 원피스,MINI,원피스,미니,스퀘어넥,슬림핏,,,,아이보리,"아이보리, 원피스, 미니, 스퀘어넥, 슬림핏",,아니오,높음,아니오,,products.json
N260228,실루엣,스티치라인 슬림 원피스,스티치라인 슬림 원피스,MINI,원피스,미니,스퀘어넥,슬림핏,,,,베이지,"베이지, 원피스, 미니, 스퀘어넥, 슬림핏",,아니오,높음,아니오,,products.json
N260229,실루엣,레이스 스퀘어 슬림 미디 투피스,레이스 스퀘어 슬림 미디 투피스,TWO PIECE,투피스,미디,스퀘어넥,슬림핏,레이스,,,아이보리 / 블랙,"아이보리, 블랙, 투피스, 미디, 스퀘어넥, 슬림핏, 레이스",,아니오,높음,아니오,,products.json
N260230,실루엣,알파 블랙 홀터 비쥬 미니 투피스,알파 블랙 홀터 비쥬 미니 투피스,TWO PIECE,투피스,미니,홀터넥,슬림핏,,,,블랙,"블랙, 투피스, 미니, 홀터넥, 슬림핏",,아니오,높음,아니오,,products.json
N260231,실루엣,엘리제 아이보리 슬림 미니원피스,엘리제 아이보리 슬림 미니원피스,MINI,원피스,미니,,슬림핏,,,,아이보리,"아이보리, 원피스, 미니, 슬림핏",,아니오,높음,아니오,,products.json
N260232,실루엣,엘리제 핑크 셔링 슬림 미니원피스,엘리제 핑크 셔링 슬림 미니원피스,MINI,원피스,미니,,슬림핏,셔링,,,핑크,"핑크, 원피스, 미니, 슬림핏, 셔링",,아니오,높음,아니오,,products.json
N260233,실루엣,크리스탈 블랙 리본 미니 투피스,크리스탈 블랙 리본 미니 투피스,TWO PIECE,투피스,미니,,슬림핏,리본,,,블랙,"블랙, 투피스, 미니, 슬림핏, 리본",,아니오,높음,아니오,,products.json
N260234,실루엣,크리스탈 아이보리 리본 미니 투피스,크리스탈 아이보리 리본 미니 투피스,TWO PIECE,투피스,미니,,슬림핏,리본,,,아이보리,"아이보리, 투피스, 미니, 슬림핏, 리본",,아니오,높음,아니오,,products.json
N260235,실루엣,리노 그레이 슬림 미디 투피스,리노 그레이 슬림 미디 투피스,TWO PIECE,투피스,미니,,슬림핏,,,,그레이,"그레이, 투피스, 미니, 슬림핏",,아니오,높음,아니오,,products.json
N260236,실루엣,리노 핑크 슬림 미디 투피스,리노 핑크 슬림 미디 투피스,TWO PIECE,투피스,미니,,슬림핏,,,,핑크,"핑크, 투피스, 미니, 슬림핏",,아니오,높음,아니오,,products.json
N260239,실루엣,알파 핑크 홀터 비쥬 미니 투피스,알파 핑크 홀터 비쥬 미니 투피스,TWO PIECE,투피스,미니,홀터넥,슬림핏,,,,핑크 / 아이보리,"핑크, 아이보리, 투피스, 미니, 홀터넥, 슬림핏",,아니오,높음,아니오,,products.json
P001,,베베 리본홀 A라인 미니원피스,베베 리본홀 A라인 미니원피스,MINI,원피스,미니,,A라인,리본,,,블랙 / 아이보리,"블랙, 아이보리, 원피스, 미니, A라인, 리본",,아니오,높음,아니오,,products.json
P010,,아리아 플라워 슬림 미디원피스,아리아 플라워 슬림 미디원피스,MIDI,원피스,미디,,슬림핏,,,,스카이블루 / 민트핑크,"스카이블루, 민트핑크, 원피스, 미디, 슬림핏",,아니오,높음,아니오,,products.json
P014,,로미 리본스트랩 플레어 미니원피스,로미 리본스트랩 플레어 미니원피스,MINI,원피스,미니,,플레어,리본,,,화이트 / 핑크 / 블랙,"화이트, 핑크, 블랙, 원피스, 미니, 플레어, 리본",,아니오,높음,아니오,,products.json
P020,,로엘 트위드 샤스커트 투피스,로엘 트위드 샤스커트 투피스,TWO PIECE,투피스,,,,트위드,,,핑크 / 민트 / 스카이블루 / 크림 / 연핑크 / 블랙,"핑크, 민트, 스카이블루, 크림, 연핑크, 블랙, 투피스, 트위드",,아니오,중간,아니오,,products.json
P026,,엘라 새틴리본 미니원피스,엘라 새틴리본 미니원피스,MINI,원피스,미니,,,리본,새틴,,핑크 / 블랙,"핑크, 블랙, 원피스, 미니, 리본, 새틴",,아니오,높음,아니오,,products.json
P030,,로아 트위드 크롭 투피스,로아 트위드 크롭 투피스,TWO PIECE,투피스,,,,트위드,,,핑크 / 스카이블루,"핑크, 스카이블루, 투피스, 트위드",,아니오,중간,아니오,,products.json
P031,,로아 배색라인 크롭 투피스,로아 배색라인 크롭 투피스,TWO PIECE,투피스,,,,배색,,,아이보리 / 네이비,"아이보리, 네이비, 투피스, 배색",,아니오,중간,아니오,,products.json
P032,,엘린 플라워쉬폰 미니원피스,엘린 플라워쉬폰 미니원피스,MINI,원피스,미니,,,,,,아이보리 / 블랙,"아이보리, 블랙, 원피스, 미니",,아니오,높음,아니오,,products.json
P033,,로아 플라워퍼프 미니원피스,로아 플라워퍼프 미니원피스,MINI,원피스,미니,,,퍼프소매,,,핑크 / 스카이블루,"핑크, 스카이블루, 원피스, 미니, 퍼프소매",,아니오,높음,아니오,,products.json
P034,,로아 레이스퍼프 미니원피스,로아 레이스퍼프 미니원피스,MINI,원피스,미니,,,레이스,퍼프소매,,옐로우 / 블랙,"옐로우, 블랙, 원피스, 미니, 레이스, 퍼프소매",,아니오,높음,아니오,,products.json
P035,,엘린 니트캉캉 미니 투피스,엘린 니트캉캉 미니 투피스,TWO PIECE,투피스,,,,,,,아이보리 / 연핑크 / 블랙 / 베이지,"아이보리, 연핑크, 블랙, 베이지, 투피스",,아니오,중간,아니오,,products.json
P036,,세린 카라 트위드 투피스,세린 카라 트위드 투피스,TWO PIECE,투피스,,카라,,트위드,,,아이보리,"아이보리, 투피스, 카라, 트위드",,아니오,중간,아니오,,products.json
P038,,세린 레이스슬립 미니원피스,세린 레이스슬립 미니원피스,MINI,원피스,미니,,,레이스,,,아이보리 / 핑크 / 민트 / 블랙,"아이보리, 핑크, 민트, 블랙, 원피스, 미니, 레이스",,아니오,높음,아니오,,products.json
P040,,세린 홀터플레어 롱투피스,세린 홀터플레어 롱투피스,TWO PIECE,투피스,롱,홀터넥,플레어,,,,아이보리 / 연핑크 / 그레이 / 블랙,"아이보리, 연핑크, 그레이, 블랙, 투피스, 롱, 홀터넥, 플레어",,아니오,높음,아니오,,products.json
P045,,세린 드레이프 비즈 롱세트,세린 드레이프 비즈 롱세트,TWO PIECE,투피스,,,,비즈,새틴,,아이보리 / 베이지핑크 / 블랙 / 베이지 / 핑크베이지,"아이보리, 베이지핑크, 블랙, 베이지, 핑크베이지, 투피스, 비즈, 새틴",,아니오,중간,아니오,,products.json
PEARL-S779,펄,새틴드레이프 슬림 원피스,새틴드레이프 슬림 원피스,MINI,원피스,미니,,슬림핏,새틴,,,블루,"블루, 원피스, 미니, 슬림핏, 새틴",,아니오,높음,아니오,,products.json
PEARL-S780,펄,지퍼라인 뷔스티에 원피스,지퍼라인 뷔스티에 원피스,MINI,탑,미니,,,,,,아이,"아이, 탑, 미니",,아니오,높음,아니오,,products.json
PEARL-S781,펄,지퍼라인 뷔스티에 원피스,지퍼라인 뷔스티에 원피스,MINI,탑,미니,,,,,,블랙,"블랙, 탑, 미니",,아니오,높음,아니오,,products.json
PEARL-S830,펄,버클자수 미니투피스,버클자수 미니투피스,TWO PIECE,투피스,미니,,,,,,아이 / 블루,"아이, 블루, 투피스, 미니",,아니오,높음,아니오,,products.json
PEARL-S831,펄,버클자수 미니투피스,버클자수 미니투피스,TWO PIECE,투피스,미니,,,,,,블랙 / 엘로우,"블랙, 엘로우, 투피스, 미니",,아니오,높음,아니오,,products.json
PEARL-S832,펄,실버버튼 포켓 원피스,실버버튼 포켓 원피스,MINI,원피스,미니,,,버튼,,,아이,"아이, 원피스, 미니, 버튼",,아니오,높음,아니오,,products.json
PEARL-S833,펄,실버버튼 포켓 원피스,실버버튼 포켓 원피스,MINI,원피스,미니,,,버튼,,,핑크,"핑크, 원피스, 미니, 버튼",,아니오,높음,아니오,,products.json
PEARL-S911,펄,블루 버클라인 미니원피스,블루 버클라인 미니원피스,MINI,원피스,미니,,슬림핏,,,,블루,"블루, 원피스, 미니, 슬림핏",,아니오,높음,아니오,,products.json
PEARL-S912,펄,블랙 버클라인 미니원피스,블랙 버클라인 미니원피스,MINI,원피스,미니,,슬림핏,,,,블랙,"블랙, 원피스, 미니, 슬림핏",,아니오,높음,아니오,,products.json
PEARL-S913,펄,아이보리 버튼 슬림 미디원피스,아이보리 버튼 슬림 미디원피스,MIDI,원피스,미디,,슬림핏,버튼,,,아이보리,"아이보리, 원피스, 미디, 슬림핏, 버튼",,아니오,높음,아니오,,products.json
PEARL-S914,펄,핑크 버튼 슬림 미디원피스,핑크 버튼 슬림 미디원피스,MIDI,원피스,미디,,슬림핏,버튼,,,핑크,"핑크, 원피스, 미디, 슬림핏, 버튼",,아니오,높음,아니오,,products.json
PEARL-S915,펄,아이보리 버클포인트 미니원피스,아이보리 버클포인트 미니원피스,MINI,원피스,미니,,슬림핏,,,,아이보리,"아이보리, 원피스, 미니, 슬림핏",,아니오,높음,아니오,,products.json
PEARL-S916,펄,블랙 버클포인트 미니원피스,블랙 버클포인트 미니원피스,MINI,원피스,미니,,슬림핏,,,,블랙,"블랙, 원피스, 미니, 슬림핏",,아니오,높음,아니오,,products.json
S337,,소프트 시스루 프릴 캉캉 투피스,소프트 시스루 프릴 캉캉 투피스,TWO PIECE,투피스,,,,프릴,시스루,,아이보리/화이트,"아이보리/화이트, 투피스, 프릴, 시스루",,아니오,중간,아니오,,products.json
S338,,소프트 시스루 프릴 캉캉 투피스,소프트 시스루 프릴 캉캉 투피스,TWO PIECE,투피스,,,,프릴,시스루,,핑크/블랙,"핑크/블랙, 투피스, 프릴, 시스루",,아니오,중간,아니오,,products.json
S401,실루엣,벨라 레이스 버클 미니투피스,벨라 레이스 버클 미니투피스,TWO PIECE,투피스,미니,,슬림핏,레이스,배색,,소라,"소라, 투피스, 미니, 슬림핏, 레이스, 배색",,아니오,높음,아니오,,products.json
S662,6월19일 신상,드레이프비즈 롱투피스,드레이프비즈 롱투피스,TWO PIECE,투피스,롱,,,비즈,,,아이보리,"아이보리, 투피스, 롱, 비즈",,아니오,높음,아니오,,products.json
S663,6월19일 신상,레이스캉캉 프릴 투피스,레이스캉캉 프릴 투피스,TWO PIECE,투피스,,,,레이스,프릴,,아이보리,"아이보리, 투피스, 레이스, 프릴",,아니오,중간,아니오,,products.json
S664,6월19일 신상,레이스캉캉 프릴 투피스,레이스캉캉 프릴 투피스,TWO PIECE,투피스,,,,레이스,프릴,,블랙,"블랙, 투피스, 레이스, 프릴",,아니오,중간,아니오,,products.json
S665,6월19일 신상,레이스티어드 롱원피스,레이스티어드 롱원피스,ONE PIECE,원피스,롱,,,레이스,,,아이보리,"아이보리, 원피스, 롱, 레이스",,아니오,높음,아니오,,products.json
S667,6월19일 신상,레이스티어드 롱원피스,레이스티어드 롱원피스,ONE PIECE,원피스,롱,,,레이스,,,옐로우,"옐로우, 원피스, 롱, 레이스",,아니오,높음,아니오,,products.json
S668,6월19일 신상,레이스티어드 롱원피스,레이스티어드 롱원피스,ONE PIECE,원피스,롱,,,레이스,,,보라,"보라, 원피스, 롱, 레이스",,아니오,높음,아니오,,products.json
S669,6월19일 신상,레이스티어드 롱원피스,레이스티어드 롱원피스,ONE PIECE,원피스,롱,,,레이스,,,브라운,"브라운, 원피스, 롱, 레이스",,아니오,높음,아니오,,products.json
S670,6월19일 신상,배색라인 슬림 원피스,배색라인 슬림 원피스,ONE PIECE,원피스,,,슬림핏,배색,,,핑크,"핑크, 원피스, 슬림핏, 배색",,아니오,중간,아니오,,products.json
S671,6월19일 신상,배색라인 슬림 원피스,배색라인 슬림 원피스,ONE PIECE,원피스,,,슬림핏,배색,,,그레이,"그레이, 원피스, 슬림핏, 배색",,아니오,중간,아니오,,products.json
S672,6월19일 신상,배색라인 슬림 원피스,배색라인 슬림 원피스,ONE PIECE,원피스,,,슬림핏,배색,,,블랙,"블랙, 원피스, 슬림핏, 배색",,아니오,중간,아니오,,products.json
S676,6월19일 신상,백리본 페플럼 원피스,백리본 페플럼 원피스,ONE PIECE,원피스,,,,리본,,,아이보리,"아이보리, 원피스, 리본",,아니오,중간,아니오,,products.json
S677,6월19일 신상,백리본 페플럼 원피스,백리본 페플럼 원피스,ONE PIECE,원피스,,,,리본,,,핑크,"핑크, 원피스, 리본",,아니오,중간,아니오,,products.json
S678,6월19일 신상,아이보리 비즈크로스 홀터 원피스,아이보리 비즈크로스 홀터 원피스,ONE PIECE,원피스,미니,홀터넥,,비즈,새틴,,아이보리,"아이보리, 원피스, 미니, 홀터넥, 비즈, 새틴",,아니오,높음,아니오,,products.json
S679,6월19일 신상,핑크 비즈크로스 홀터 원피스,핑크 비즈크로스 홀터 원피스,ONE PIECE,원피스,미니,홀터넥,,비즈,새틴,,핑크,"핑크, 원피스, 미니, 홀터넥, 비즈, 새틴",,아니오,높음,아니오,,products.json
S680,6월19일 신상,소라 비즈크로스 홀터 원피스,소라 비즈크로스 홀터 원피스,ONE PIECE,원피스,미니,홀터넥,,비즈,새틴,,소라,"소라, 원피스, 미니, 홀터넥, 비즈, 새틴",,아니오,높음,아니오,,products.json
S681,6월19일 신상,레이스슬립 롱원피스,레이스슬립 롱원피스,ONE PIECE,원피스,롱,,,레이스,,,아이보리,"아이보리, 원피스, 롱, 레이스",,아니오,높음,아니오,,products.json
S682,6월19일 신상,레이스슬립 롱원피스,레이스슬립 롱원피스,ONE PIECE,원피스,롱,,,레이스,,,스카이블루,"스카이블루, 원피스, 롱, 레이스",,아니오,높음,아니오,,products.json
S683,6월19일 신상,패턴리본 플레어 원피스,패턴리본 플레어 원피스,ONE PIECE,원피스,,,플레어,리본,,,핑크,"핑크, 원피스, 플레어, 리본",,아니오,중간,아니오,,products.json
S684,6월19일 신상,패턴리본 플레어 원피스,패턴리본 플레어 원피스,ONE PIECE,원피스,,,플레어,리본,,,블랙,"블랙, 원피스, 플레어, 리본",,아니오,중간,아니오,,products.json
S685,6월19일 신상,로즈포인트 슬림 원피스,로즈포인트 슬림 원피스,ONE PIECE,원피스,,,슬림핏,,,,아이보리,"아이보리, 원피스, 슬림핏",,아니오,중간,아니오,,products.json
S686,6월19일 신상,로즈포인트 슬림 원피스,로즈포인트 슬림 원피스,ONE PIECE,원피스,,,슬림핏,,,,블랙,"블랙, 원피스, 슬림핏",,아니오,중간,아니오,,products.json
S687,6월19일 신상,배색버클 슬림 원피스,배색버클 슬림 원피스,ONE PIECE,원피스,,,슬림핏,배색,,,그린,"그린, 원피스, 슬림핏, 배색",,아니오,중간,아니오,,products.json
S688,6월19일 신상,배색버클 슬림 원피스,배색버클 슬림 원피스,ONE PIECE,원피스,,,슬림핏,배색,,,블랙,"블랙, 원피스, 슬림핏, 배색",,아니오,중간,아니오,,products.json
S689,6월19일 신상,레이스퍼프 슬림 원피스,레이스퍼프 슬림 원피스,ONE PIECE,원피스,,,슬림핏,레이스,퍼프소매,,아이보리,"아이보리, 원피스, 슬림핏, 레이스, 퍼프소매",,아니오,중간,아니오,,products.json
S690,6월19일 신상,레이스퍼프 슬림 원피스,레이스퍼프 슬림 원피스,ONE PIECE,원피스,,,슬림핏,레이스,퍼프소매,,블랙,"블랙, 원피스, 슬림핏, 레이스, 퍼프소매",,아니오,중간,아니오,,products.json
S691,6월19일 신상,핑크 오프숄더 러플버튼 원피스,핑크 오프숄더 러플버튼 원피스,ONE PIECE,원피스,미니,오프숄더,슬림핏,프릴,버튼,,핑크,"핑크, 원피스, 미니, 오프숄더, 슬림핏, 프릴, 버튼",,아니오,높음,아니오,,products.json
S692,6월19일 신상,블랙 오프숄더 러플버튼 원피스,블랙 오프숄더 러플버튼 원피스,ONE PIECE,원피스,미니,오프숄더,슬림핏,프릴,버튼,,블랙,"블랙, 원피스, 미니, 오프숄더, 슬림핏, 프릴, 버튼",,아니오,높음,아니오,,products.json
S693,햅번,체인포인트 슬림 투피스,체인포인트 슬림 투피스,TWO PIECE,투피스,,,슬림핏,체인,,,아이보리,"아이보리, 투피스, 슬림핏, 체인",,아니오,중간,아니오,,products.json
S694,햅번,체인포인트 슬림 투피스,체인포인트 슬림 투피스,TWO PIECE,투피스,,,슬림핏,체인,,,블랙,"블랙, 투피스, 슬림핏, 체인",,아니오,중간,아니오,,products.json
S695,6월19일 신상,리본퍼프 플레어 원피스,리본퍼프 플레어 원피스,ONE PIECE,원피스,,,플레어,리본,퍼프소매,,옐로우,"옐로우, 원피스, 플레어, 리본, 퍼프소매",,아니오,중간,아니오,,products.json
S696,6월19일 신상,리본퍼프 플레어 원피스,리본퍼프 플레어 원피스,ONE PIECE,원피스,,,플레어,리본,퍼프소매,,소라,"소라, 원피스, 플레어, 리본, 퍼프소매",,아니오,중간,아니오,,products.json
S697,6월19일 신상,홀터드레이프 슬릿 투피스,홀터드레이프 슬릿 투피스,TWO PIECE,투피스,,홀터넥,,,,,아이보리/소라,"아이보리/소라, 투피스, 홀터넥",,아니오,중간,아니오,,products.json
S698,6월19일 신상,홀터드레이프 슬릿 투피스,홀터드레이프 슬릿 투피스,TWO PIECE,투피스,,홀터넥,,,,,핑크/블랙,"핑크/블랙, 투피스, 홀터넥",,아니오,중간,아니오,,products.json
S699,6월19일 신상,튜브탑 슬릿 롱원피스,튜브탑 슬릿 롱원피스,ONE PIECE,원피스,롱,튜브탑,,,,,아이보리,"아이보리, 원피스, 롱, 튜브탑",,아니오,높음,아니오,,products.json
S700,6월19일 신상,튜브탑 슬릿 롱원피스,튜브탑 슬릿 롱원피스,ONE PIECE,원피스,롱,튜브탑,,,,,블랙,"블랙, 원피스, 롱, 튜브탑",,아니오,높음,아니오,,products.json
S701,6월19일 신상,새틴스카프 와이드 투피스,새틴스카프 와이드 투피스,TWO PIECE,투피스,,,,새틴,,,베이지,"베이지, 투피스, 새틴",,아니오,중간,아니오,,products.json
S702,6월19일 신상,새틴스카프 와이드 투피스,새틴스카프 와이드 투피스,TWO PIECE,투피스,,,,새틴,,,핑크,"핑크, 투피스, 새틴",,아니오,중간,아니오,,products.json
S703,6월19일 신상,펄레이스 플레어 원피스,펄레이스 플레어 원피스,ONE PIECE,원피스,,,플레어,레이스,,,옐로우,"옐로우, 원피스, 플레어, 레이스",,아니오,중간,아니오,,products.json
S704,6월19일 신상,펄레이스 플레어 원피스,펄레이스 플레어 원피스,ONE PIECE,원피스,,,플레어,레이스,,,핑크,"핑크, 원피스, 플레어, 레이스",,아니오,중간,아니오,,products.json
S705,6월19일 신상,펄레이스 플레어 원피스,펄레이스 플레어 원피스,ONE PIECE,원피스,,,플레어,레이스,,,소라,"소라, 원피스, 플레어, 레이스",,아니오,중간,아니오,,products.json
S706,6월19일 신상,크로스홀터 플레어 롱원피스,크로스홀터 플레어 롱원피스,ONE PIECE,원피스,롱,홀터넥,플레어,,,,핑크,"핑크, 원피스, 롱, 홀터넥, 플레어",,아니오,높음,아니오,,products.json
S707,6월19일 신상,크로스홀터 플레어 롱원피스,크로스홀터 플레어 롱원피스,ONE PIECE,원피스,롱,홀터넥,플레어,,,,블루,"블루, 원피스, 롱, 홀터넥, 플레어",,아니오,높음,아니오,,products.json
S708,6월19일 신상,크로스홀터 플레어 롱원피스,크로스홀터 플레어 롱원피스,ONE PIECE,원피스,롱,홀터넥,플레어,,,,그린,"그린, 원피스, 롱, 홀터넥, 플레어",,아니오,높음,아니오,,products.json
S709,6월19일 신상,스카프스트라이프 슬림 원피스,스카프스트라이프 슬림 원피스,ONE PIECE,원피스,,,슬림핏,,,,옐로우,"옐로우, 원피스, 슬림핏",,아니오,중간,아니오,,products.json
S710,6월19일 신상,스카프스트라이프 슬림 원피스,스카프스트라이프 슬림 원피스,ONE PIECE,원피스,,,슬림핏,,,,스카이블루,"스카이블루, 원피스, 슬림핏",,아니오,중간,아니오,,products.json
S711,6월19일 신상,골드버튼 카라플레어 원피스,골드버튼 카라플레어 원피스,ONE PIECE,원피스,,카라,플레어,버튼,,,아이보리,"아이보리, 원피스, 카라, 플레어, 버튼",,아니오,중간,아니오,,products.json
S712,6월19일 신상,골드버튼 카라플레어 원피스,골드버튼 카라플레어 원피스,ONE PIECE,원피스,,카라,플레어,버튼,,,블랙,"블랙, 원피스, 카라, 플레어, 버튼",,아니오,중간,아니오,,products.json
S713,6월19일 신상,비즈스트랩 플레어 원피스,비즈스트랩 플레어 원피스,ONE PIECE,원피스,,,플레어,비즈,,,아이보리,"아이보리, 원피스, 플레어, 비즈",,아니오,중간,아니오,,products.json
S714,6월19일 신상,비즈스트랩 플레어 원피스,비즈스트랩 플레어 원피스,ONE PIECE,원피스,,,플레어,비즈,,,핑크,"핑크, 원피스, 플레어, 비즈",,아니오,중간,아니오,,products.json
S715,6월19일 신상,비즈스트랩 플레어 원피스,비즈스트랩 플레어 원피스,ONE PIECE,원피스,,,플레어,비즈,,,소라,"소라, 원피스, 플레어, 비즈",,아니오,중간,아니오,,products.json
S716,6월19일 신상,비즈스트랩 플레어 원피스,비즈스트랩 플레어 원피스,ONE PIECE,원피스,,,플레어,비즈,,,블랙,"블랙, 원피스, 플레어, 비즈",,아니오,중간,아니오,,products.json
S717,6월19일 신상,페이즐리홀터 롱원피스,페이즐리홀터 롱원피스,ONE PIECE,원피스,롱,홀터넥,,,,,그린,"그린, 원피스, 롱, 홀터넥",,아니오,높음,아니오,,products.json
S718,6월19일 신상,페이즐리홀터 롱원피스,페이즐리홀터 롱원피스,ONE PIECE,원피스,롱,홀터넥,,,,,베리,"베리, 원피스, 롱, 홀터넥",,아니오,높음,아니오,,products.json
S719,6월19일 신상,셔링튜브 슬림 원피스,셔링튜브 슬림 원피스,ONE PIECE,원피스,,,슬림핏,셔링,,,핑크,"핑크, 원피스, 슬림핏, 셔링",,아니오,중간,아니오,,products.json
S720,6월19일 신상,셔링튜브 슬림 원피스,셔링튜브 슬림 원피스,ONE PIECE,원피스,,,슬림핏,셔링,,,스카이블루,"스카이블루, 원피스, 슬림핏, 셔링",,아니오,중간,아니오,,products.json
S721,6월19일 신상,페이즐리홀터 플레어 투피스,페이즐리홀터 플레어 투피스,TWO PIECE,투피스,,홀터넥,플레어,새틴,,,핑크,"핑크, 투피스, 홀터넥, 플레어, 새틴",,아니오,중간,아니오,,products.json
S722,6월19일 신상,페이즐리홀터 플레어 투피스,페이즐리홀터 플레어 투피스,TWO PIECE,투피스,,홀터넥,플레어,새틴,,,블랙,"블랙, 투피스, 홀터넥, 플레어, 새틴",,아니오,중간,아니오,,products.json
S723,6월19일 신상,스트랩버튼 슬림 원피스,스트랩버튼 슬림 원피스,ONE PIECE,원피스,,,슬림핏,버튼,,,레드,"레드, 원피스, 슬림핏, 버튼",,아니오,중간,아니오,,products.json
S724,6월19일 신상,스트랩버튼 슬림 원피스,스트랩버튼 슬림 원피스,ONE PIECE,원피스,,,슬림핏,버튼,,,블랙,"블랙, 원피스, 슬림핏, 버튼",,아니오,중간,아니오,,products.json
S725,6월19일 신상,카라도트 캉캉 투피스,카라도트 캉캉 투피스,TWO PIECE,투피스,,카라,,,,,문의,"문의, 투피스, 카라",,아니오,중간,아니오,,products.json
S726,6월19일 신상,골드버튼 플리츠 투피스,골드버튼 플리츠 투피스,TWO PIECE,투피스,,,,버튼,플리츠,,문의,"문의, 투피스, 버튼, 플리츠",,아니오,중간,아니오,,products.json
S727,6월19일 신상,트위드텍스처 슬림 투피스,트위드텍스처 슬림 투피스,TWO PIECE,투피스,,,슬림핏,트위드,,,핑크,"핑크, 투피스, 슬림핏, 트위드",,아니오,중간,아니오,,products.json
S728,6월19일 신상,트위드텍스처 슬림 투피스,트위드텍스처 슬림 투피스,TWO PIECE,투피스,,,슬림핏,트위드,,,그린,"그린, 투피스, 슬림핏, 트위드",,아니오,중간,아니오,,products.json
S729,6월19일 신상,퍼프집업 플리츠 투피스,퍼프집업 플리츠 투피스,TWO PIECE,투피스,,,,플리츠,퍼프소매,,아이보리,"아이보리, 투피스, 플리츠, 퍼프소매",,아니오,중간,아니오,,products.json
S730,6월19일 신상,퍼프집업 플리츠 투피스,퍼프집업 플리츠 투피스,TWO PIECE,투피스,,,,플리츠,퍼프소매,,블랙,"블랙, 투피스, 플리츠, 퍼프소매",,아니오,중간,아니오,,products.json
S731,6월19일 신상,새틴셔링 슬림 원피스,새틴셔링 슬림 원피스,ONE PIECE,원피스,,,슬림핏,셔링,새틴,,아이보리,"아이보리, 원피스, 슬림핏, 셔링, 새틴",,아니오,중간,아니오,,products.json
S732,6월19일 신상,새틴셔링 슬림 원피스,새틴셔링 슬림 원피스,ONE PIECE,원피스,,,슬림핏,셔링,새틴,,블랙,"블랙, 원피스, 슬림핏, 셔링, 새틴",,아니오,중간,아니오,,products.json
S733,6월19일 신상,세일러리본 플레어 원피스,세일러리본 플레어 원피스,ONE PIECE,원피스,,,플레어,리본,,,아이보리,"아이보리, 원피스, 플레어, 리본",,아니오,중간,아니오,,products.json
S734,6월19일 신상,세일러리본 플레어 원피스,세일러리본 플레어 원피스,ONE PIECE,원피스,,,플레어,리본,,,네이비,"네이비, 원피스, 플레어, 리본",,아니오,중간,아니오,,products.json
S735,6월19일 신상,플라워자수 벌룬 원피스,플라워자수 벌룬 원피스,ONE PIECE,원피스,,,,,,,아이보리,"아이보리, 원피스",,아니오,중간,아니오,,products.json
S736,6월19일 신상,플라워자수 벌룬 원피스,플라워자수 벌룬 원피스,ONE PIECE,원피스,,,,,,,블랙,"블랙, 원피스",,아니오,중간,아니오,,products.json
S737,6월19일 신상,쉬폰리본 비즈 투피스,쉬폰리본 비즈 투피스,TWO PIECE,투피스,,,,리본,비즈,,아이보리,"아이보리, 투피스, 리본, 비즈",,아니오,중간,아니오,,products.json
S738,6월19일 신상,쉬폰리본 비즈 투피스,쉬폰리본 비즈 투피스,TWO PIECE,투피스,,,,리본,비즈,,핑크,"핑크, 투피스, 리본, 비즈",,아니오,중간,아니오,,products.json
S739,6월19일 신상,시스루홀터 캉캉 투피스,시스루홀터 캉캉 투피스,TWO PIECE,투피스,,홀터넥,,시스루,,,아이보리,"아이보리, 투피스, 홀터넥, 시스루",,아니오,중간,아니오,,products.json
S740,6월19일 신상,시스루홀터 캉캉 투피스,시스루홀터 캉캉 투피스,TWO PIECE,투피스,,홀터넥,,시스루,,,블랙,"블랙, 투피스, 홀터넥, 시스루",,아니오,중간,아니오,,products.json
S741,6월19일 신상,랩니트 플리츠 투피스,랩니트 플리츠 투피스,TWO PIECE,투피스,,,,플리츠,,,아이보리,"아이보리, 투피스, 플리츠",,아니오,중간,아니오,,products.json
S742,6월19일 신상,랩니트 플리츠 투피스,랩니트 플리츠 투피스,TWO PIECE,투피스,,,,플리츠,,,블랙,"블랙, 투피스, 플리츠",,아니오,중간,아니오,,products.json
S743,6월19일 신상,버튼니트 랩스커트 투피스,버튼니트 랩스커트 투피스,TWO PIECE,투피스,,,,버튼,,,아이보리,"아이보리, 투피스, 버튼",,아니오,중간,아니오,,products.json
S744,6월19일 신상,버튼니트 랩스커트 투피스,버튼니트 랩스커트 투피스,TWO PIECE,투피스,,,,버튼,,,소라,"소라, 투피스, 버튼",,아니오,중간,아니오,,products.json
S745,6월19일 신상,리본홀터 슬림 투피스,리본홀터 슬림 투피스,TWO PIECE,투피스,,홀터넥,슬림핏,리본,,,아이보리,"아이보리, 투피스, 홀터넥, 슬림핏, 리본",,아니오,중간,아니오,,products.json
S746,6월19일 신상,리본홀터 슬림 투피스,리본홀터 슬림 투피스,TWO PIECE,투피스,,홀터넥,슬림핏,리본,,,블랙,"블랙, 투피스, 홀터넥, 슬림핏, 리본",,아니오,중간,아니오,,products.json
S747,6월19일 신상,홀터넥 플레어 투피스,홀터넥 플레어 투피스,TWO PIECE,투피스,,홀터넥,플레어,새틴,,,아이보리,"아이보리, 투피스, 홀터넥, 플레어, 새틴",,아니오,중간,아니오,,products.json
S748,6월19일 신상,홀터넥 플레어 투피스,홀터넥 플레어 투피스,TWO PIECE,투피스,,홀터넥,플레어,새틴,,,소라,"소라, 투피스, 홀터넥, 플레어, 새틴",,아니오,중간,아니오,,products.json
S749,6월19일 신상,홀터넥 플레어 투피스,홀터넥 플레어 투피스,TWO PIECE,투피스,,홀터넥,플레어,새틴,,,블랙,"블랙, 투피스, 홀터넥, 플레어, 새틴",,아니오,중간,아니오,,products.json
S750,6월19일 신상,타이넥 스팽글 투피스,타이넥 스팽글 투피스,TWO PIECE,투피스,,,,새틴,타이넥,,아이보리,"아이보리, 투피스, 새틴, 타이넥",,아니오,중간,아니오,,products.json
S751,6월19일 신상,타이넥 스팽글 투피스,타이넥 스팽글 투피스,TWO PIECE,투피스,,,,새틴,타이넥,,베이지,"베이지, 투피스, 새틴, 타이넥",,아니오,중간,아니오,,products.json
S752,6월19일 신상,러플홀터 비즈 투피스,러플홀터 비즈 투피스,TWO PIECE,투피스,,홀터넥,,프릴,비즈,새틴,화이트,"화이트, 투피스, 홀터넥, 프릴, 비즈, 새틴",,아니오,중간,아니오,,products.json
S753,6월19일 신상,러플홀터 비즈 투피스,러플홀터 비즈 투피스,TWO PIECE,투피스,,홀터넥,,프릴,비즈,새틴,베이지,"베이지, 투피스, 홀터넥, 프릴, 비즈, 새틴",,아니오,중간,아니오,,products.json
S754,6월19일 신상,핑크 러플홀터 비즈 투피스,핑크 러플홀터 비즈 투피스,TWO PIECE,투피스,,홀터넥,,프릴,비즈,새틴,핑크,"핑크, 투피스, 홀터넥, 프릴, 비즈, 새틴",,아니오,중간,아니오,,products.json
S755,6월19일 신상,블랙 러플홀터 비즈 투피스,블랙 러플홀터 비즈 투피스,TWO PIECE,투피스,,홀터넥,,프릴,비즈,새틴,블랙,"블랙, 투피스, 홀터넥, 프릴, 비즈, 새틴",,아니오,중간,아니오,,products.json
S90601B,실루엣,블랙 셔링 카라 플레어 미니원피스,블랙 셔링 카라 플레어 미니원피스,MINI,원피스,미니,카라,플레어,셔링,,,블랙,"블랙, 원피스, 미니, 카라, 플레어, 셔링",,아니오,높음,아니오,,products-silhouette.json
S90601IV,실루엣,아이보리 셔링 카라 플레어 미니원피스,아이보리 셔링 카라 플레어 미니원피스,MINI,원피스,미니,카라,플레어,셔링,,,아이보리,"아이보리, 원피스, 미니, 카라, 플레어, 셔링",,아니오,높음,아니오,,products-silhouette.json
S90601P,실루엣,핑크 셔링 카라 플레어 미니원피스,핑크 셔링 카라 플레어 미니원피스,MINI,원피스,미니,카라,플레어,셔링,,,핑크,"핑크, 원피스, 미니, 카라, 플레어, 셔링",,아니오,높음,아니오,,products-silhouette.json
S90602B,실루엣,블랙 새틴 셔링 슬림 미니투피스,블랙 새틴 셔링 슬림 미니투피스,TWO_PIECE,투피스,미니,,슬림핏,셔링,레이스,새틴,블랙,"블랙, 투피스, 미니, 슬림핏, 셔링, 레이스, 새틴",,아니오,높음,아니오,,products-silhouette.json
S90602CR,실루엣,크림 새틴 셔링 슬림 미니투피스,크림 새틴 셔링 슬림 미니투피스,TWO_PIECE,투피스,미니,,슬림핏,셔링,레이스,새틴,크림,"크림, 투피스, 미니, 슬림핏, 셔링, 레이스, 새틴",,아니오,높음,아니오,,products-silhouette.json
S90801B,실루엣,블랙 화이트카라 배색 버튼 미니원피스,블랙 화이트카라 배색 버튼 미니원피스,MINI,원피스,미니,카라,,버튼,배색,새틴,블랙,"블랙, 원피스, 미니, 카라, 버튼, 배색, 새틴",,아니오,높음,아니오,,products-silhouette.json
S90801P,실루엣,핑크 화이트카라 배색 버튼 미니원피스,핑크 화이트카라 배색 버튼 미니원피스,MINI,원피스,미니,카라,,버튼,배색,새틴,핑크,"핑크, 원피스, 미니, 카라, 버튼, 배색, 새틴",,아니오,높음,아니오,,products-silhouette.json
S91501B,실루엣,블랙 비즈라인 카라 슬림 투피스,블랙 비즈라인 카라 슬림 투피스,TWO_PIECE,투피스,,카라,슬림핏,비즈,,,블랙,"블랙, 투피스, 카라, 슬림핏, 비즈",,아니오,중간,아니오,,products-silhouette.json
S91501W,실루엣,화이트 비즈라인 카라 슬림 투피스,화이트 비즈라인 카라 슬림 투피스,TWO_PIECE,투피스,,카라,슬림핏,비즈,,,화이트,"화이트, 투피스, 카라, 슬림핏, 비즈",,아니오,중간,아니오,,products-silhouette.json
S92901G,실루엣,딥그린 스트랩리스 셔링 미디원피스,딥그린 스트랩리스 셔링 미디원피스,MIDI,원피스,미디,,,셔링,,,딥그린,"딥그린, 원피스, 미디, 셔링",,아니오,높음,아니오,,products-silhouette.json
S92901V,실루엣,모카베이지 스트랩리스 셔링 미디원피스,모카베이지 스트랩리스 셔링 미디원피스,MIDI,원피스,미디,,,셔링,,,모카베이지,"모카베이지, 원피스, 미디, 셔링",,아니오,높음,아니오,,products-silhouette.json
S92902B,실루엣,블랙셔츠 화이트배색 포켓 미니투피스,블랙셔츠 화이트배색 포켓 미니투피스,TWO_PIECE,투피스,미니,,,배색,,,,"투피스, 미니, 배색",,아니오,높음,아니오,,products-silhouette.json
S92902W,실루엣,화이트셔츠 블랙배색 포켓 미니투피스,화이트셔츠 블랙배색 포켓 미니투피스,TWO_PIECE,투피스,미니,,,배색,,,,"투피스, 미니, 배색",,아니오,높음,아니오,,products-silhouette.json
S93001,실루엣,그레이 타이넥 티어드 플레어 미니투피스,그레이 타이넥 티어드 플레어 미니투피스,TWO_PIECE,투피스,미니,,플레어,타이넥,,,그레이,"그레이, 투피스, 미니, 플레어, 타이넥",,아니오,높음,아니오,,products-silhouette.json
S93001B,실루엣,블랙 타이넥 티어드 플레어 미니투피스,블랙 타이넥 티어드 플레어 미니투피스,TWO_PIECE,투피스,미니,,플레어,타이넥,,,블랙,"블랙, 투피스, 미니, 플레어, 타이넥",,아니오,높음,아니오,,products-silhouette.json
S93001W,실루엣,화이트 블랙배색 타이넥 플레어 미니투피스,화이트 블랙배색 타이넥 플레어 미니투피스,TWO_PIECE,투피스,미니,,플레어,배색,타이넥,,화이트/블랙,"화이트/블랙, 투피스, 미니, 플레어, 배색, 타이넥",,아니오,높음,아니오,,products-silhouette.json
S939-BLACK,,블랙 플로럴 크롭탑,블랙 플로럴 크롭탑,TOP,블라우스,,,슬림핏,,,,블랙,"블랙, 블라우스, 슬림핏",,아니오,높음,아니오,,products.json
S939-PINK,,핑크 플로럴 크롭탑,핑크 플로럴 크롭탑,TOP,블라우스,,,슬림핏,,,,핑크,"핑크, 블라우스, 슬림핏",,아니오,높음,아니오,,products.json
S940-WHITE,,화이트 브이넥 퍼프 크롭 블라우스,화이트 브이넥 퍼프 크롭 블라우스,TOP,블라우스,,브이넥,슬림핏,퍼프소매,,,화이트,"화이트, 블라우스, 브이넥, 슬림핏, 퍼프소매",,아니오,높음,아니오,,products.json
S940-YELLOW,,옐로우 브이넥 퍼프 크롭 블라우스,옐로우 브이넥 퍼프 크롭 블라우스,TOP,블라우스,,브이넥,슬림핏,퍼프소매,,,옐로우,"옐로우, 블라우스, 브이넥, 슬림핏, 퍼프소매",,아니오,높음,아니오,,products.json
S941-PINK,,핑크 러플 리본 버튼 블라우스,핑크 러플 리본 버튼 블라우스,TOP,블라우스,,,슬림핏,리본,프릴,버튼,핑크,"핑크, 블라우스, 슬림핏, 리본, 프릴, 버튼",,아니오,높음,아니오,,products.json
S941-RED,,와인 레드 러플 리본 버튼 블라우스,와인 레드 러플 리본 버튼 블라우스,TOP,블라우스,,,슬림핏,리본,프릴,버튼,와인 레드,"와인 레드, 블라우스, 슬림핏, 리본, 프릴, 버튼",,아니오,높음,아니오,,products.json
S942,,아이보리 로즈러플 시스루 뷔스티에탑,아이보리 로즈러플 시스루 뷔스티에탑,TOP,탑,,,슬림핏,프릴,시스루,,아이보리,"아이보리, 탑, 슬림핏, 프릴, 시스루",,아니오,높음,아니오,,products.json
S943-BLACK,,블랙 하트넥 코르셋 뷔스티에탑,블랙 하트넥 코르셋 뷔스티에탑,TOP,탑,,,슬림핏,,,,블랙,"블랙, 탑, 슬림핏",,아니오,높음,아니오,,products.json
S943-GRAY,,그레이 하트넥 코르셋 뷔스티에탑,그레이 하트넥 코르셋 뷔스티에탑,TOP,탑,,,슬림핏,,,,그레이,"그레이, 탑, 슬림핏",,아니오,높음,아니오,,products.json
S944-BLACK,,블랙 슬림핏 테일러드 자켓,블랙 슬림핏 테일러드 자켓,JACKET,자켓,,,슬림핏,,,,블랙,"블랙, 자켓, 슬림핏",,아니오,높음,아니오,,products.json
S944-WHITE,,화이트 슬림핏 테일러드 자켓,화이트 슬림핏 테일러드 자켓,JACKET,자켓,,,슬림핏,,,,화이트,"화이트, 자켓, 슬림핏",,아니오,높음,아니오,,products.json
S945-BLACK,,블랙 새틴 셔링 랩 미디스커트,블랙 새틴 셔링 랩 미디스커트,SKIRT,스커트,미디,,슬림핏,셔링,새틴,,블랙,"블랙, 스커트, 미디, 슬림핏, 셔링, 새틴",,아니오,높음,아니오,,products.json
S945-PINK,,핑크 새틴 셔링 랩 미디스커트,핑크 새틴 셔링 랩 미디스커트,SKIRT,스커트,미디,,슬림핏,셔링,새틴,,핑크,"핑크, 스커트, 미디, 슬림핏, 셔링, 새틴",,아니오,높음,아니오,,products.json
S945-SORA,,소라 새틴 셔링 랩 미디스커트,소라 새틴 셔링 랩 미디스커트,SKIRT,스커트,미디,,슬림핏,셔링,새틴,,소라,"소라, 스커트, 미디, 슬림핏, 셔링, 새틴",,아니오,높음,아니오,,products.json
S945-WHITE,,화이트 새틴 셔링 랩 미디스커트,화이트 새틴 셔링 랩 미디스커트,SKIRT,스커트,미디,,슬림핏,셔링,새틴,,화이트,"화이트, 스커트, 미디, 슬림핏, 셔링, 새틴",,아니오,높음,아니오,,products.json
S946-IVORY,,아이보리 플라워 자수 미니스커트,아이보리 플라워 자수 미니스커트,SKIRT,스커트,미니,,A라인 / 플레어,,,,아이보리,"아이보리, 스커트, 미니, A라인, 플레어",,아니오,높음,아니오,,products.json
S946-PINK,,핑크 플라워 자수 미니스커트,핑크 플라워 자수 미니스커트,SKIRT,스커트,미니,,A라인 / 플레어,,,,핑크,"핑크, 스커트, 미니, A라인, 플레어",,아니오,높음,아니오,,products.json
S946-SORA,,소라 플라워 자수 미니스커트,소라 플라워 자수 미니스커트,SKIRT,스커트,미니,,A라인 / 플레어,,,,소라,"소라, 스커트, 미니, A라인, 플레어",,아니오,높음,아니오,,products.json
S947,티아라,모카 니트 홀터 미니원피스,모카 니트 홀터 미니원피스,MINI,원피스,미니,홀터넥,슬림핏,,,,모카,"모카, 원피스, 미니, 홀터넥, 슬림핏",,아니오,높음,아니오,,products.json
S948,티아라,모카 리브니트 슬림 롱원피스,모카 리브니트 슬림 롱원피스,LONG,원피스,롱,,슬림핏,,,,모카,"모카, 원피스, 롱, 슬림핏",,아니오,높음,아니오,,products.json
S949,티아라,민트 리브니트 홀터 미니원피스,민트 리브니트 홀터 미니원피스,MINI,원피스,미니,홀터넥,슬림핏,,,,민트,"민트, 원피스, 미니, 홀터넥, 슬림핏",,아니오,높음,아니오,,products.json
S950,티아라,민트 리브니트 슬림 롱원피스,민트 리브니트 슬림 롱원피스,LONG,원피스,롱,,슬림핏,,,,민트,"민트, 원피스, 롱, 슬림핏",,아니오,높음,아니오,,products.json
S951,티아라,아이보리 홀터 플레어 미니원피스,아이보리 홀터 플레어 미니원피스,MINI,원피스,미니,홀터넥,플레어,,,,아이보리,"아이보리, 원피스, 미니, 홀터넥, 플레어",,아니오,높음,아니오,,products.json
S952,티아라,블랙 스트라이프 홀터 플레어 미니원피스,블랙 스트라이프 홀터 플레어 미니원피스,MINI,원피스,미니,홀터넥,플레어,,,,블랙,"블랙, 원피스, 미니, 홀터넥, 플레어",,아니오,높음,아니오,,products.json
S953,펄,블랙 체크 퍼프 미니원피스,블랙 체크 퍼프 미니원피스,MINI,원피스,미니,,슬림핏,퍼프소매,,,블랙/화이트 체크,"블랙/화이트 체크, 원피스, 미니, 슬림핏, 퍼프소매",,아니오,높음,아니오,,products.json
S954,펄,블루 체크 퍼프 미니원피스,블루 체크 퍼프 미니원피스,MINI,원피스,미니,,슬림핏,퍼프소매,,,블루/블랙 체크,"블루/블랙 체크, 원피스, 미니, 슬림핏, 퍼프소매",,아니오,높음,아니오,,products.json
S955,펄,화이트 블랙배색 튜브 미디원피스,화이트 블랙배색 튜브 미디원피스,MIDI,원피스,미디,튜브탑,슬림핏,배색,,,화이트/블랙 배색,"화이트/블랙 배색, 원피스, 미디, 튜브탑, 슬림핏, 배색",,아니오,높음,아니오,,products.json
S956,펄,블랙 화이트배색 튜브 미디원피스,블랙 화이트배색 튜브 미디원피스,MIDI,원피스,미디,튜브탑,슬림핏,배색,,,블랙/핑크 배색,"블랙/핑크 배색, 원피스, 미디, 튜브탑, 슬림핏, 배색",,아니오,높음,아니오,,products.json
S957,임마누엘,아이보리 원숄더 슬릿 롱드레스,아이보리 원숄더 슬릿 롱드레스,LONG,원피스,롱,원숄더,슬림핏,,,,아이보리,"아이보리, 원피스, 롱, 원숄더, 슬림핏",,아니오,높음,아니오,,products.json
S958,임마누엘,블랙 홀터 컷아웃 슬릿 롱드레스,블랙 홀터 컷아웃 슬릿 롱드레스,LONG,원피스,롱,홀터넥,슬림핏,컷아웃,,,블랙,"블랙, 원피스, 롱, 홀터넥, 슬림핏, 컷아웃",,아니오,높음,아니오,,products.json
S959,써니,아이보리 오프숄더 플레어 미니원피스,아이보리 오프숄더 플레어 미니원피스,MINI,원피스,미니,오프숄더,플레어,퍼프소매,,,아이보리,"아이보리, 원피스, 미니, 오프숄더, 플레어, 퍼프소매",,아니오,높음,아니오,,products.json
S960,써니,네이비 오프숄더 플레어 미니원피스,네이비 오프숄더 플레어 미니원피스,MINI,원피스,미니,오프숄더,플레어,셔링,,,네이비,"네이비, 원피스, 미니, 오프숄더, 플레어, 셔링",,아니오,높음,아니오,,products.json
S962,그레이스,블랙 오프숄더 배색 미니원피스,블랙 오프숄더 배색 미니원피스,MINI,원피스,미니,오프숄더,슬림핏,레이스,배색,,블랙/화이트 포인트,"블랙/화이트 포인트, 원피스, 미니, 오프숄더, 슬림핏, 레이스, 배색",,아니오,높음,아니오,,products.json
S963,세윤,화이트 지퍼 체인 플레어 미니투피스,화이트 지퍼 체인 플레어 미니투피스,TWO PIECE,투피스,미니,,플레어,벨트,체인,퍼프소매,화이트,"화이트, 투피스, 미니, 플레어, 벨트, 체인, 퍼프소매",,아니오,높음,아니오,,products.json
S964,세윤,블랙 지퍼 체인 플레어 미니투피스,블랙 지퍼 체인 플레어 미니투피스,TWO PIECE,투피스,미니,,플레어,벨트,체인,퍼프소매,블랙,"블랙, 투피스, 미니, 플레어, 벨트, 체인, 퍼프소매",,아니오,높음,아니오,,products.json
S965,세윤,화이트 블랙라인 슬림 미디원피스,화이트 블랙라인 슬림 미디원피스,MIDI,원피스,미디,스퀘어넥,슬림핏,배색,,,화이트/블랙 라인,"화이트/블랙 라인, 원피스, 미디, 스퀘어넥, 슬림핏, 배색",,아니오,높음,아니오,,products.json
S966,세윤,블랙 아이보리라인 슬림 미디원피스,블랙 아이보리라인 슬림 미디원피스,MIDI,원피스,미디,스퀘어넥,슬림핏,배색,,,블랙/아이보리 라인,"블랙/아이보리 라인, 원피스, 미디, 스퀘어넥, 슬림핏, 배색",,아니오,높음,아니오,,products.json
S967,펄,화이트 골드버튼 플레어 미니투피스,화이트 골드버튼 플레어 미니투피스,TWO PIECE,투피스,미니,카라,플레어,레이스,버튼,시스루,화이트,"화이트, 투피스, 미니, 카라, 플레어, 레이스, 버튼, 시스루",,아니오,높음,아니오,,products.json
S968,펄,블랙 골드버튼 플레어 미니투피스,블랙 골드버튼 플레어 미니투피스,TWO PIECE,투피스,미니,카라,플레어,레이스,버튼,시스루,블랙,"블랙, 투피스, 미니, 카라, 플레어, 레이스, 버튼, 시스루",,아니오,높음,아니오,,products.json
S969,펄,베이지 슬림 벨트 미니원피스,베이지 슬림 벨트 미니원피스,MINI,원피스,미니,,슬림핏,벨트,배색,,베이지,"베이지, 원피스, 미니, 슬림핏, 벨트, 배색",,아니오,높음,아니오,,products.json
S970,펄,블랙 슬림 벨트 미니원피스,블랙 슬림 벨트 미니원피스,MINI,원피스,미니,,슬림핏,벨트,배색,,블랙,"블랙, 원피스, 미니, 슬림핏, 벨트, 배색",,아니오,높음,아니오,,products.json
S971,펄,화이트 골드버튼 슬리브리스 미니원피스,화이트 골드버튼 슬리브리스 미니원피스,MINI,원피스,미니,카라,플레어,버튼,,,베이지,"베이지, 원피스, 미니, 카라, 플레어, 버튼",,아니오,높음,아니오,,products.json
S972,펄,블랙 골드버튼 슬리브리스 미니원피스,블랙 골드버튼 슬리브리스 미니원피스,MINI,원피스,미니,카라,플레어,버튼,,,블랙,"블랙, 원피스, 미니, 카라, 플레어, 버튼",,아니오,높음,아니오,,products.json
S973,티아라,화이트 케이프 숄 롱드레스,화이트 케이프 숄 롱드레스,LONG,원피스,롱,원숄더,,시스루,컷아웃,,화이트,"화이트, 원피스, 롱, 원숄더, 시스루, 컷아웃",,아니오,높음,아니오,,products.json
S974,티아라,블랙 케이프 컷아웃 롱드레스,블랙 케이프 컷아웃 롱드레스,LONG,원피스,롱,원숄더,,시스루,컷아웃,,블랙,"블랙, 원피스, 롱, 원숄더, 시스루, 컷아웃",,아니오,높음,아니오,,products.json
S975,티아라,아이보리 슬리브리스 플레어 미니원피스,아이보리 슬리브리스 플레어 미니원피스,MINI,원피스,미니,,플레어,,,,아이보리,"아이보리, 원피스, 미니, 플레어",,아니오,높음,아니오,,products.json
S976,티아라,네이비 슬리브리스 플레어 미니원피스,네이비 슬리브리스 플레어 미니원피스,MINI,원피스,미니,,플레어,,,,네이비,"네이비, 원피스, 미니, 플레어",,아니오,높음,아니오,,products.json
S977-BE,펄,베이지 레이스 브이넥 슬림 블라우스,베이지 레이스 브이넥 슬림 블라우스,TOP,블라우스,,브이넥,슬림핏,레이스,시스루,,베이지,"베이지, 블라우스, 브이넥, 슬림핏, 레이스, 시스루",,아니오,높음,아니오,,products.json
S977-BK,펄,블랙 레이스 브이넥 슬림 블라우스,블랙 레이스 브이넥 슬림 블라우스,TOP,블라우스,,브이넥,슬림핏,레이스,시스루,,블랙,"블랙, 블라우스, 브이넥, 슬림핏, 레이스, 시스루",,아니오,높음,아니오,,products.json
S978,티아라,진주 플라워 라인 크롭 니트 가디건,진주 플라워 라인 크롭 니트 가디건,TOP,블라우스,,,,,,,아이보리 / 옐로우 / 핑크 / 민트,"아이보리, 옐로우, 핑크, 민트, 블라우스",,아니오,높음,아니오,,products.json
S979,티아라,파스텔 플라워 비즈 시스루 가디건,파스텔 플라워 비즈 시스루 가디건,TOP,블라우스,,,,비즈,시스루,,아이보리 / 핑크 / 소라 / 크림 / 민트 / 라벤더,"아이보리, 핑크, 소라, 크림, 민트, 라벤더, 블라우스, 비즈, 시스루",,아니오,높음,아니오,,products.json
S980,티아라,배색 카라넥 슬림 블라우스,배색 카라넥 슬림 블라우스,TOP,블라우스,,카라,슬림핏,배색,,,그레이 / 네이비 / 블랙,"그레이, 네이비, 블랙, 블라우스, 카라, 슬림핏, 배색",,아니오,높음,아니오,,products.json
S981,티아라,레이스 브라탑 배색 시스루 가디건 세트,레이스 브라탑 배색 시스루 가디건 세트,TWO PIECE,투피스,,,슬림핏,레이스,배색,시스루,아이보리 / 블랙,"아이보리, 블랙, 투피스, 슬림핏, 레이스, 배색, 시스루",,아니오,중간,아니오,,products.json
S982,티아라,레이스 브라탑 시스루 가디건 세트,레이스 브라탑 시스루 가디건 세트,TWO PIECE,투피스,,,슬림핏,레이스,시스루,,아이보리 / 블랙,"아이보리, 블랙, 투피스, 슬림핏, 레이스, 시스루",,아니오,중간,아니오,,products.json
S983,티아라,블랙 트위드 진주버튼 플레어 미니원피스,블랙 트위드 진주버튼 플레어 미니원피스,MINI,원피스,미니,,플레어,버튼,트위드,,블랙,"블랙, 원피스, 미니, 플레어, 버튼, 트위드",,아니오,높음,아니오,,products.json
S984,티아라,아이보리 홀터 케이프 미니 투피스,아이보리 홀터 케이프 미니 투피스,TWO PIECE,투피스,미니,홀터넥,,,,,아이보리,"아이보리, 투피스, 미니, 홀터넥",,아니오,높음,아니오,,products.json
S985,티아라,아이보리 트위드 포켓 민소매 미니원피스,아이보리 트위드 포켓 민소매 미니원피스,MINI,원피스,미니,,,트위드,,,아이보리,"아이보리, 원피스, 미니, 트위드",,아니오,높음,아니오,,products.json
S986,티아라,핑크 트위드 포켓 민소매 미니원피스,핑크 트위드 포켓 민소매 미니원피스,MINI,원피스,미니,,,트위드,,,핑크,"핑크, 원피스, 미니, 트위드",,아니오,높음,아니오,,products.json
S987,티아라,파스텔 트위드 포켓 민소매 미니원피스,파스텔 트위드 포켓 민소매 미니원피스,MINI,원피스,미니,,,트위드,,,소라/핑크,"소라/핑크, 원피스, 미니, 트위드",,아니오,높음,아니오,,products.json
S988,티아라,아이보리 블랙 레이스 라인 미니 투피스,아이보리 블랙 레이스 라인 미니 투피스,TWO PIECE,투피스,미니,,,레이스,배색,,아이보리 / 블랙 배색,"아이보리, 블랙 배색, 투피스, 미니, 레이스, 배색",,아니오,높음,아니오,,products.json
S989,티아라,아이보리 레이스넥 플레어 미니 투피스,아이보리 레이스넥 플레어 미니 투피스,TWO PIECE,투피스,미니,,플레어,레이스,,,아이보리,"아이보리, 투피스, 미니, 플레어, 레이스",,아니오,높음,아니오,,products.json
S990,티아라,아이보리 블랙 배색 부클 미니 3피스세트,아이보리 블랙 배색 부클 미니 3피스세트,TWO PIECE,3피스,미니,,,배색,,,아이보리 / 블랙 배색,"아이보리, 블랙 배색, 3피스, 미니, 배색",,아니오,높음,아니오,,products.json
S991,티아라,핑크 블랙 배색 부클 미니 3피스세트,핑크 블랙 배색 부클 미니 3피스세트,TWO PIECE,3피스,미니,,,배색,,,핑크 / 블랙 배색,"핑크, 블랙 배색, 3피스, 미니, 배색",,아니오,높음,아니오,,products.json
S992,티아라,소라 블랙 배색 부클 미니 3피스세트,소라 블랙 배색 부클 미니 3피스세트,TWO PIECE,3피스,미니,,,배색,,,소라 / 블랙 배색,"소라, 블랙 배색, 3피스, 미니, 배색",,아니오,높음,아니오,,products.json
S993,티아라,아이보리 스트라이프 가디건 플레어 미니 투피스,아이보리 스트라이프 가디건 플레어 미니 투피스,TWO PIECE,투피스,미니,,플레어,,,,아이보리,"아이보리, 투피스, 미니, 플레어",,아니오,높음,아니오,,products.json
S994,티아라,아이보리 쉬폰 랩 플레어 미니 투피스,아이보리 쉬폰 랩 플레어 미니 투피스,TWO PIECE,투피스,미니,,플레어,,,,아이보리,"아이보리, 투피스, 미니, 플레어",,아니오,높음,아니오,,products.json
S995,티아라,핑크 쉬폰 랩 플레어 미니 투피스,핑크 쉬폰 랩 플레어 미니 투피스,TWO PIECE,투피스,미니,,플레어,,,,핑크,"핑크, 투피스, 미니, 플레어",,아니오,높음,아니오,,products.json
S996,티아라,그레이 쉬폰 랩 플레어 미니 투피스,그레이 쉬폰 랩 플레어 미니 투피스,TWO PIECE,투피스,미니,,플레어,,,,그레이,"그레이, 투피스, 미니, 플레어",,아니오,높음,아니오,,products.json
SEP09-S980,티아라,화이트그레이 셔츠타이 베스트 미니투피스,화이트그레이 셔츠타이 베스트 미니투피스,TWO PIECE,투피스,미니,,,,,,그레이,"그레이, 투피스, 미니",,아니오,높음,아니오,,products.json
SEP09-S981,티아라,화이트블랙 셔츠타이 베스트 미니투피스,화이트블랙 셔츠타이 베스트 미니투피스,TWO PIECE,투피스,미니,,,,,,화이트/블랙,"화이트/블랙, 투피스, 미니",,아니오,높음,아니오,,products.json
SEP09-S982,티아라,아이보리 트위드 진주버튼 플레어 미니원피스,아이보리 트위드 진주버튼 플레어 미니원피스,MINI,원피스,미니,,플레어,버튼,트위드,,아이보리,"아이보리, 원피스, 미니, 플레어, 버튼, 트위드",,아니오,높음,아니오,,products.json
SEY-S820,세윤,소매리본 플리츠 투피스,소매리본 플리츠 투피스,TWO PIECE,투피스,,,,리본,플리츠,,아이,"아이, 투피스, 리본, 플리츠",,아니오,중간,아니오,,products.json
SEY-S821,세윤,소매리본 플리츠 투피스,소매리본 플리츠 투피스,TWO PIECE,투피스,,,,리본,플리츠,,옐로우,"옐로우, 투피스, 리본, 플리츠",,아니오,중간,아니오,,products.json
SEY-S822,세윤,레이스퍼프 슬림 원피스,레이스퍼프 슬림 원피스,MINI,원피스,미니,,슬림핏,레이스,퍼프소매,,아이,"아이, 원피스, 미니, 슬림핏, 레이스, 퍼프소매",,아니오,높음,아니오,,products.json
SEY-S823,세윤,레이스퍼프 슬림 원피스,레이스퍼프 슬림 원피스,MINI,원피스,미니,,슬림핏,레이스,퍼프소매,,블랙,"블랙, 원피스, 미니, 슬림핏, 레이스, 퍼프소매",,아니오,높음,아니오,,products.json
SEY-S824,세윤,시스루뷔스티에 미디원피스,시스루뷔스티에 미디원피스,MIDI,탑,미디,,,시스루,,,아이,"아이, 탑, 미디, 시스루",,아니오,높음,아니오,,products.json
SEY-S825,세윤,시스루뷔스티에 미디원피스,시스루뷔스티에 미디원피스,MIDI,탑,미디,,,시스루,,,블랙,"블랙, 탑, 미디, 시스루",,아니오,높음,아니오,,products.json
SEY-S907,세윤,아이보리 배색라인 플레어 원피스,아이보리 배색라인 플레어 원피스,MINI,원피스,미니,,플레어 / 슬림핏,배색,,,아이보리,"아이보리, 원피스, 미니, 플레어, 슬림핏, 배색",,아니오,높음,아니오,,products.json
SEY-S908,세윤,블랙 배색라인 플레어 원피스,블랙 배색라인 플레어 원피스,MINI,원피스,미니,,플레어 / 슬림핏,배색,,,블랙,"블랙, 원피스, 미니, 플레어, 슬림핏, 배색",,아니오,높음,아니오,,products.json
SEY-S909,세윤,핑크 오프숄더 러플 원피스,핑크 오프숄더 러플 원피스,MINI,원피스,미니,오프숄더,슬림핏,프릴,,,핑크,"핑크, 원피스, 미니, 오프숄더, 슬림핏, 프릴",,아니오,높음,아니오,,products.json
SEY-S910,세윤,블랙 오프숄더 러플 원피스,블랙 오프숄더 러플 원피스,MINI,원피스,미니,오프숄더,슬림핏,프릴,,,블랙,"블랙, 원피스, 미니, 오프숄더, 슬림핏, 프릴",,아니오,높음,아니오,,products.json
SIL-ABO2,실루엣,아보 스퀘어넥 슬림 미디원피스,아보 스퀘어넥 슬림 미디원피스,MIDI,원피스,미디,스퀘어넥,슬림핏,,,,블랙 / 화이트,"블랙, 화이트, 원피스, 미디, 스퀘어넥, 슬림핏",,아니오,높음,아니오,,products.json
SIL-ANGEL-PINK,실루엣,핑크 엔젤 프릴 플레어 미니원피스,핑크 엔젤 프릴 플레어 미니원피스,MINI,원피스,미니,,플레어,프릴,,,핑크,"핑크, 원피스, 미니, 플레어, 프릴",,아니오,높음,아니오,,products.json
SIL-ANGEL-SORA,실루엣,소라 엔젤 프릴 플레어 미니원피스,소라 엔젤 프릴 플레어 미니원피스,MINI,원피스,미니,,플레어,프릴,,,소라,"소라, 원피스, 미니, 플레어, 프릴",,아니오,높음,아니오,,products.json
SIL-KYLIE-IVORY,실루엣,아이보리 카일리 슬림 리본 미니투피스,아이보리 카일리 슬림 리본 미니투피스,TWO PIECE,투피스,미니,,슬림핏,리본,,,아이보리,"아이보리, 투피스, 미니, 슬림핏, 리본",,아니오,높음,아니오,,products.json
SIL-KYLIE-PINK,실루엣,핑크 카일리 슬림 리본 미니투피스,핑크 카일리 슬림 리본 미니투피스,TWO PIECE,투피스,미니,,슬림핏,리본,,,핑크,"핑크, 투피스, 미니, 슬림핏, 리본",,아니오,높음,아니오,,products.json
SIL-LAVIEN,실루엣,라비앙 리본 플레어 미니투피스,라비앙 리본 플레어 미니투피스,TWO PIECE,투피스,미니,,플레어,리본,,,블랙 / 아이보리,"블랙, 아이보리, 투피스, 미니, 플레어, 리본",,아니오,높음,아니오,,products.json
SIL001,실루엣,블랙 새틴 슬림 플레어 롱원피스,블랙 새틴 슬림 플레어 롱원피스,LONG,원피스,롱,,플레어 / 슬림핏,새틴,,,블랙,"블랙, 원피스, 롱, 플레어, 슬림핏, 새틴",,아니오,높음,아니오,,products.json
SIL002,실루엣,핑크베이지 새틴 슬림 플레어 롱원피스,핑크베이지 새틴 슬림 플레어 롱원피스,LONG,원피스,롱,,플레어 / 슬림핏,새틴,,,핑크베이지,"핑크베이지, 원피스, 롱, 플레어, 슬림핏, 새틴",,아니오,높음,아니오,,products.json
SIL003,실루엣,블랙 배색 슬림 미디원피스,블랙 배색 슬림 미디원피스,MIDI,원피스,미디,,슬림핏,배색,새틴,,블랙,"블랙, 원피스, 미디, 슬림핏, 배색, 새틴",,아니오,높음,아니오,,products.json
SIL004,실루엣,딥민트 배색 슬림 미디원피스,딥민트 배색 슬림 미디원피스,MIDI,원피스,미디,,슬림핏,배색,새틴,,딥민트,"딥민트, 원피스, 미디, 슬림핏, 배색, 새틴",,아니오,높음,아니오,,products.json
SUN-S791,써니,레이스퍼프 플레어 원피스,레이스퍼프 플레어 원피스,MINI,원피스,미니,,플레어,레이스,퍼프소매,,아이,"아이, 원피스, 미니, 플레어, 레이스, 퍼프소매",,아니오,높음,아니오,,products.json
SUN-S792,써니,레이스퍼프 플레어 원피스,레이스퍼프 플레어 원피스,MINI,원피스,미니,,플레어,레이스,퍼프소매,,핑크,"핑크, 원피스, 미니, 플레어, 레이스, 퍼프소매",,아니오,높음,아니오,,products.json
SUN-S886,써니,아이보리 쉬폰 플레어 원피스,아이보리 쉬폰 플레어 원피스,MINI,원피스,미니,,플레어 / 슬림핏,,,,아이보리,"아이보리, 원피스, 미니, 플레어, 슬림핏",,아니오,높음,아니오,,products.json
SUN-S887,써니,블랙 쉬폰 플레어 원피스,블랙 쉬폰 플레어 원피스,MINI,원피스,미니,,플레어 / 슬림핏,,,,블랙,"블랙, 원피스, 미니, 플레어, 슬림핏",,아니오,높음,아니오,,products.json
T001,햅번,아이보리 튜브탑 슬림 미니원피스,아이보리 튜브탑 슬림 미니원피스,MINI,원피스,미니,튜브탑,슬림핏,,,,아이보리,"아이보리, 원피스, 미니, 튜브탑, 슬림핏",,아니오,높음,아니오,,products.json
T002,햅번,블랙 배색 튜브탑 A라인 미니원피스,블랙 배색 튜브탑 A라인 미니원피스,MINI,원피스,미니,튜브탑,A라인,배색,,,블랙/아이보리,"블랙/아이보리, 원피스, 미니, 튜브탑, A라인, 배색",,아니오,높음,아니오,,products.json
T003,햅번,아이보리 브이넥 랩셔링 슬림 미디원피스,아이보리 브이넥 랩셔링 슬림 미디원피스,MIDI,원피스,미디,브이넥,슬림핏,셔링,새틴,,아이보리,"아이보리, 원피스, 미디, 브이넥, 슬림핏, 셔링, 새틴",,아니오,높음,아니오,,products.json
T004,햅번,블랙 브이넥 랩셔링 슬림 미디원피스,블랙 브이넥 랩셔링 슬림 미디원피스,MIDI,원피스,미디,브이넥,슬림핏,셔링,새틴,,블랙,"블랙, 원피스, 미디, 브이넥, 슬림핏, 셔링, 새틴",,아니오,높음,아니오,,products.json
T005,세윤,아이보리 배색 리본 플리츠 미니원피스,아이보리 배색 리본 플리츠 미니원피스,MINI,원피스,미니,,플레어,리본,배색,플리츠,아이보리,"아이보리, 원피스, 미니, 플레어, 리본, 배색, 플리츠",,아니오,높음,아니오,,products.json
T006,세윤,블랙 배색 리본 플리츠 미니원피스,블랙 배색 리본 플리츠 미니원피스,MINI,원피스,미니,,플레어,리본,배색,플리츠,블랙,"블랙, 원피스, 미니, 플레어, 리본, 배색, 플리츠",,아니오,높음,아니오,,products.json
T007,세윤,베이지 테일러드 랩 플리츠 미니원피스,베이지 테일러드 랩 플리츠 미니원피스,MINI,원피스,미니,,플레어,플리츠,,,베이지,"베이지, 원피스, 미니, 플레어, 플리츠",,아니오,높음,아니오,,products.json
T008,세윤,블랙 테일러드 랩 플리츠 미니원피스,블랙 테일러드 랩 플리츠 미니원피스,MINI,원피스,미니,,플레어,플리츠,,,블랙,"블랙, 원피스, 미니, 플레어, 플리츠",,아니오,높음,아니오,,products.json
T009,그레이스,그레이 더블버튼 베스트 플리츠 미니투피스,그레이 더블버튼 베스트 플리츠 미니투피스,TWO PIECE,투피스,미니,,플레어,레이스,버튼,플리츠,그레이,"그레이, 투피스, 미니, 플레어, 레이스, 버튼, 플리츠",,아니오,높음,아니오,,products.json
T010,그레이스,블랙 스트라이프 배색 베스트 플리츠 미니투피스,블랙 스트라이프 배색 베스트 플리츠 미니투피스,TWO PIECE,투피스,미니,,플레어,레이스,배색,플리츠,블랙,"블랙, 투피스, 미니, 플레어, 레이스, 배색, 플리츠",,아니오,높음,아니오,,products.json
T013,티아라,아이보리 쉬폰 벌룬 미니 투피스,아이보리 쉬폰 벌룬 미니 투피스,TWO PIECE,투피스,미니,,플레어,,,,아이보리,"아이보리, 투피스, 미니, 플레어",,아니오,높음,아니오,,products.json
T014,티아라,민트 쉬폰 벌룬 미니 투피스,민트 쉬폰 벌룬 미니 투피스,TWO PIECE,투피스,미니,,플레어,,,,민트,"민트, 투피스, 미니, 플레어",,아니오,높음,아니오,,products.json
T015,티아라,화이트 오프숄더 레이스탑 핑크 미디투피스,화이트 오프숄더 레이스탑 핑크 미디투피스,TWO PIECE,투피스,미디,오프숄더,,레이스,,,화이트,"화이트, 투피스, 미디, 오프숄더, 레이스",,아니오,높음,아니오,,products.json
T016,티아라,핑크 오프숄더 쉬폰탑 미디 투피스,핑크 오프숄더 쉬폰탑 미디 투피스,TWO PIECE,투피스,미디,오프숄더,,레이스,,,핑크,"핑크, 투피스, 미디, 오프숄더, 레이스",,아니오,높음,아니오,,products.json
T017,티아라,블랙 오프숄더 쉬폰탑 미디 투피스,블랙 오프숄더 쉬폰탑 미디 투피스,TWO PIECE,투피스,미디,오프숄더,,레이스,,,블랙,"블랙, 투피스, 미디, 오프숄더, 레이스",,아니오,높음,아니오,,products.json
T018,티아라,아이보리 트위드 골드버튼 민소매 미니원피스,아이보리 트위드 골드버튼 민소매 미니원피스,MINI,원피스,미니,,,버튼,트위드,,아이보리,"아이보리, 원피스, 미니, 버튼, 트위드",,아니오,높음,아니오,,products.json
T019,티아라,핑크 트위드 골드버튼 민소매 미니원피스,핑크 트위드 골드버튼 민소매 미니원피스,MINI,원피스,미니,,,버튼,트위드,,핑크,"핑크, 원피스, 미니, 버튼, 트위드",,아니오,높음,아니오,,products.json
T020,티아라,베이지 트위드 골드버튼 포켓 미니원피스,베이지 트위드 골드버튼 포켓 미니원피스,MINI,원피스,미니,,,버튼,트위드,,베이지,"베이지, 원피스, 미니, 버튼, 트위드",,아니오,높음,아니오,,products.json
T021,티아라,아이보리 쉬폰 슬리브 플레어 미니 투피스,아이보리 쉬폰 슬리브 플레어 미니 투피스,TWO PIECE,투피스,미니,,플레어,,,,아이보리,"아이보리, 투피스, 미니, 플레어",,아니오,높음,아니오,,products.json
T022,티아라,핑크 쉬폰 슬리브 플레어 미니 투피스,핑크 쉬폰 슬리브 플레어 미니 투피스,TWO PIECE,투피스,미니,,플레어,,,,핑크,"핑크, 투피스, 미니, 플레어",,아니오,높음,아니오,,products.json
T023,티아라,블랙 쉬폰 슬리브 플레어 미니 투피스,블랙 쉬폰 슬리브 플레어 미니 투피스,TWO PIECE,투피스,미니,,플레어,,,,블랙,"블랙, 투피스, 미니, 플레어",,아니오,높음,아니오,,products.json
T024,티아라,베이지 트위드 플레어 미니원피스,베이지 트위드 플레어 미니원피스,MINI,원피스,미니,,플레어,트위드,,,베이지,"베이지, 원피스, 미니, 플레어, 트위드",,아니오,높음,아니오,,products.json
T025,티아라,핑크 트위드 플레어 미니원피스,핑크 트위드 플레어 미니원피스,MINI,원피스,미니,,플레어,트위드,,,핑크,"핑크, 원피스, 미니, 플레어, 트위드",,아니오,높음,아니오,,products.json
T026,티아라,화이트 플라워 큐빅 슬림 미니 투피스,화이트 플라워 큐빅 슬림 미니 투피스,TWO PIECE,투피스,미니,,슬림핏,비즈,,,화이트,"화이트, 투피스, 미니, 슬림핏, 비즈",,아니오,높음,아니오,,products.json
T027,티아라,블랙 플라워 큐빅 슬림 미니 투피스,블랙 플라워 큐빅 슬림 미니 투피스,TWO PIECE,투피스,미니,,슬림핏,비즈,,,블랙,"블랙, 투피스, 미니, 슬림핏, 비즈",,아니오,높음,아니오,,products.json
T028,지나,화이트 타이 버튼 미니 투피스,화이트 타이 버튼 미니 투피스,TWO PIECE,투피스,미니,,,버튼,,,화이트/그레이,"화이트/그레이, 투피스, 미니, 버튼",,아니오,높음,아니오,,products.json
T029,지나,그레이 타이 버튼 미니 투피스,그레이 타이 버튼 미니 투피스,TWO PIECE,투피스,미니,,,버튼,,,그레이/핑크,"그레이/핑크, 투피스, 미니, 버튼",,아니오,높음,아니오,,products.json
T030,지나,아이보리 스퀘어넥 버튼 슬림 미니원피스,아이보리 스퀘어넥 버튼 슬림 미니원피스,MINI,원피스,미니,스퀘어넥,슬림핏,버튼,,,아이보리,"아이보리, 원피스, 미니, 스퀘어넥, 슬림핏, 버튼",,아니오,높음,아니오,,products.json
T031,지나,블루 스퀘어넥 버튼 슬림 미니원피스,블루 스퀘어넥 버튼 슬림 미니원피스,MINI,원피스,미니,스퀘어넥,슬림핏,버튼,,,블루,"블루, 원피스, 미니, 스퀘어넥, 슬림핏, 버튼",,아니오,높음,아니오,,products.json
T032,지나,핑크 스퀘어넥  셔링 슬림 미디원피스,핑크 스퀘어넥  셔링 슬림 미디원피스,MIDI,원피스,미디,스퀘어넥,슬림핏,셔링,,,핑크,"핑크, 원피스, 미디, 스퀘어넥, 슬림핏, 셔링",,아니오,높음,아니오,,products.json
T033,지나,블랙 스퀘어넥 셔링 슬림 미디원피스,블랙 스퀘어넥 셔링 슬림 미디원피스,MIDI,원피스,미디,스퀘어넥,슬림핏,셔링,,,블랙,"블랙, 원피스, 미디, 스퀘어넥, 슬림핏, 셔링",,아니오,높음,아니오,,products.json
T034,펄,아이보리 스퀘어넥 퍼프 미니 투피스,아이보리 스퀘어넥 퍼프 미니 투피스,TWO PIECE,투피스,미니,스퀘어넥,,퍼프소매,,,아이보리,"아이보리, 투피스, 미니, 스퀘어넥, 퍼프소매",,아니오,높음,아니오,,products.json
T035,펄,핑크 스퀘어넥 퍼프 미니 투피스,핑크 스퀘어넥 퍼프 미니 투피스,TWO PIECE,투피스,미니,스퀘어넥,,퍼프소매,,,핑크,"핑크, 투피스, 미니, 스퀘어넥, 퍼프소매",,아니오,높음,아니오,,products.json
T036,펄,아이보리 브이넥 집업 슬림 미니 투피스,아이보리 브이넥 집업 슬림 미니 투피스,TWO PIECE,투피스,미니,브이넥,슬림핏,,,,아이보리,"아이보리, 투피스, 미니, 브이넥, 슬림핏",,아니오,높음,아니오,,products.json
T037,펄,블랙 브이넥 집업 슬림 미니 투피스,블랙 브이넥 집업 슬림 미니 투피스,TWO PIECE,투피스,미니,브이넥,슬림핏,,,,블랙,"블랙, 투피스, 미니, 브이넥, 슬림핏",,아니오,높음,아니오,,products.json
T038,펄,아이보리 골지 진주버튼 미니 투피스,아이보리 골지 진주버튼 미니 투피스,TWO PIECE,투피스,미니,,슬림핏,버튼,,,아이보리,"아이보리, 투피스, 미니, 슬림핏, 버튼",,아니오,높음,아니오,,products.json
T039,펄,블랙 골지 진주버튼 미니 투피스,블랙 골지 진주버튼 미니 투피스,TWO PIECE,투피스,미니,,슬림핏,버튼,,,블랙,"블랙, 투피스, 미니, 슬림핏, 버튼",,아니오,높음,아니오,,products.json
T040,티아라,아이보리 레이스 가디건 브라탑 미니 3피스세트,아이보리 레이스 가디건 브라탑 미니 3피스세트,TWO PIECE,3피스,미니,,,레이스,,,아이보리,"아이보리, 3피스, 미니, 레이스",,아니오,높음,아니오,,products.json
T041,티아라,핑크 레이스 가디건 브라탑 미니 3피스세트,핑크 레이스 가디건 브라탑 미니 3피스세트,TWO PIECE,3피스,미니,,,레이스,,,핑크,"핑크, 3피스, 미니, 레이스",,아니오,높음,아니오,,products.json
T042,티아라,소라 레이스 가디건 브라탑 미니 3피스세트,소라 레이스 가디건 브라탑 미니 3피스세트,TWO PIECE,3피스,미니,,,레이스,,,소라 / 블랙,"소라, 블랙, 3피스, 미니, 레이스",,아니오,높음,아니오,,products.json
T043,티아라,아이보리 오프숄더 가디건 미니 투피스,아이보리 오프숄더 가디건 미니 투피스,TWO PIECE,투피스,미니,오프숄더,,,,,아이보리,"아이보리, 투피스, 미니, 오프숄더",,아니오,높음,아니오,,products.json
T044,티아라,핑크 오프숄더 가디건 미니 투피스,핑크 오프숄더 가디건 미니 투피스,TWO PIECE,투피스,미니,오프숄더,,,,,핑크,"핑크, 투피스, 미니, 오프숄더",,아니오,높음,아니오,,products.json
T045,티아라,아이보리 지퍼 가디건 벨트 미니스커트 투피스,아이보리 지퍼 가디건 벨트 미니스커트 투피스,TWO PIECE,투피스,미니,브이넥,,벨트,,,아이보리,"아이보리, 투피스, 미니, 브이넥, 벨트",,아니오,높음,아니오,,products.json
T046,티아라,블랙 지퍼 가디건 벨트 미니스커트 투피스,블랙 지퍼 가디건 벨트 미니스커트 투피스,TWO PIECE,투피스,미니,,,벨트,,,블랙,"블랙, 투피스, 미니, 벨트",,아니오,높음,아니오,,products.json
T047,티아라,화이트 오프숄더 탑 블랙 플리츠스커트 투피스,화이트 오프숄더 탑 블랙 플리츠스커트 투피스,TWO PIECE,투피스,미니,오프숄더,플레어,플리츠,,,화이트/블랙,"화이트/블랙, 투피스, 미니, 오프숄더, 플레어, 플리츠",,아니오,높음,아니오,,products.json
T048,티아라,블랙 오프숄더 탑 베이지 플리츠스커트 투피스,블랙 오프숄더 탑 베이지 플리츠스커트 투피스,TWO PIECE,투피스,미니,오프숄더,플레어,플리츠,,,블랙/베이지,"블랙/베이지, 투피스, 미니, 오프숄더, 플레어, 플리츠",,아니오,높음,아니오,,products.json
T049,티아라,브라운 오프숄더 탑 화이트 플리츠스커트 투피스,브라운 오프숄더 탑 화이트 플리츠스커트 투피스,TWO PIECE,투피스,미니,오프숄더,플레어,플리츠,,,브라운/화이트,"브라운/화이트, 투피스, 미니, 오프숄더, 플레어, 플리츠",,아니오,높음,아니오,,products.json
T050,티아라,아이보리 카라 셔츠 플레어 미니세트,아이보리 카라 셔츠 플레어 미니세트,TWO PIECE,투피스,미니,카라,플레어,,,,아이보리,"아이보리, 투피스, 미니, 카라, 플레어",,아니오,높음,아니오,,products.json
T051,티아라,베이지 레이스 홀터 볼레로 미니 투피스,베이지 레이스 홀터 볼레로 미니 투피스,TWO PIECE,투피스,미니,홀터넥,,레이스,,,베이지,"베이지, 투피스, 미니, 홀터넥, 레이스",,아니오,높음,아니오,,products.json
T052,티아라,아이보리 코르셋탑 핑크 튤스커트 3피스,아이보리 코르셋탑 핑크 튤스커트 3피스,TWO PIECE,3피스,미니,,,리본,,,아이보리/핑크,"아이보리/핑크, 3피스, 미니, 리본",,아니오,높음,아니오,,products.json
T053,티아라,아이보리 코르셋탑 피치 튤스커트 세트,아이보리 코르셋탑 피치 튤스커트 세트,TWO PIECE,투피스,미니,,,리본,,,아이보리/피치,"아이보리/피치, 투피스, 미니, 리본",,아니오,높음,아니오,,products.json
T054,티아라,블랙 코르셋탑 튤스커트 미니세트,블랙 코르셋탑 튤스커트 미니세트,TWO PIECE,투피스,미니,,,,,,블랙,"블랙, 투피스, 미니",,아니오,높음,아니오,,products.json
T055,티아라,소라 진주버튼 베스트 플리츠 미니투피스,소라 진주버튼 베스트 플리츠 미니투피스,TWO PIECE,투피스,미니,,플레어,버튼,플리츠,,소라,"소라, 투피스, 미니, 플레어, 버튼, 플리츠",,아니오,높음,아니오,,products.json
T056,티아라,옐로우 진주버튼 베스트 플리츠 미니투피스,옐로우 진주버튼 베스트 플리츠 미니투피스,TWO PIECE,투피스,미니,,플레어,버튼,플리츠,,옐로우,"옐로우, 투피스, 미니, 플레어, 버튼, 플리츠",,아니오,높음,아니오,,products.json
T057,티아라,핑크 진주버튼 베스트 플리츠 미니투피스,핑크 진주버튼 베스트 플리츠 미니투피스,TWO PIECE,투피스,미니,,플레어,버튼,플리츠,,핑크,"핑크, 투피스, 미니, 플레어, 버튼, 플리츠",,아니오,높음,아니오,,products.json
T058,티아라,아이보리 진주버튼 베스트 플리츠 미니투피스,아이보리 진주버튼 베스트 플리츠 미니투피스,TWO PIECE,투피스,미니,,플레어,버튼,플리츠,,아이보리,"아이보리, 투피스, 미니, 플레어, 버튼, 플리츠",,아니오,높음,아니오,,products.json
T070,티아라,아이보리 주얼넥 트위드 원피스,아이보리 주얼넥 트위드 원피스,MINI,원피스,미니,,,트위드,,,,"원피스, 미니, 트위드",,아니오,높음,아니오,,products-929.json
T071,티아라,베이지 주얼넥  트위드 원피스,베이지 주얼넥  트위드 원피스,MINI,원피스,미니,,,트위드,,,,"원피스, 미니, 트위드",,아니오,높음,아니오,,products-929.json
T072,티아라,그레이  주얼넥 트위드 원피스,그레이  주얼넥 트위드 원피스,MINI,원피스,미니,,,트위드,,,,"원피스, 미니, 트위드",,아니오,높음,아니오,,products-929.json
T073,티아라,아이보리 레이스아플리케 홀터 미니원피스,아이보리 레이스아플리케 홀터 미니원피스,MINI,원피스,미니,홀터넥,,레이스,,,,"원피스, 미니, 홀터넥, 레이스",,아니오,높음,아니오,,products-929.json
T074,티아라,그레이 레이스아플리케 홀터 미니원피스,그레이 레이스아플리케 홀터 미니원피스,MINI,원피스,미니,홀터넥,,레이스,,,,"원피스, 미니, 홀터넥, 레이스",,아니오,높음,아니오,,products-929.json
T075,티아라,블랙 레이스아플리케 홀터 미니원피스,블랙 레이스아플리케 홀터 미니원피스,MINI,원피스,미니,홀터넥,,레이스,,,,"원피스, 미니, 홀터넥, 레이스",,아니오,높음,아니오,,products-929.json
T076,티아라,아이보리 트위드 주얼트림 미니원피스,아이보리 트위드 주얼트림 미니원피스,MINI,원피스,미니,,,트위드,,,,"원피스, 미니, 트위드",,아니오,높음,아니오,,products-929.json
T077,티아라,핑크 트위드 주얼트림 미니원피스,핑크 트위드 주얼트림 미니원피스,MINI,원피스,미니,,,트위드,,,,"원피스, 미니, 트위드",,아니오,높음,아니오,,products-929.json
T078,티아라,화이트 홀터  핑크 레이스 투피스,화이트 홀터  핑크 레이스 투피스,TWO_PIECE,투피스,,홀터넥,,레이스,,,,"투피스, 홀터넥, 레이스",,아니오,중간,아니오,,products-929.json
T079,티아라,핑크 홀터 레이스 투피스,핑크 홀터 레이스 투피스,TWO_PIECE,투피스,,홀터넥,,레이스,,,,"투피스, 홀터넥, 레이스",,아니오,중간,아니오,,products-929.json
T080,티아라,그레이 홀터  블랙 레이스 투피스,그레이 홀터  블랙 레이스 투피스,TWO_PIECE,투피스,,홀터넥,,레이스,,,,"투피스, 홀터넥, 레이스",,아니오,중간,아니오,,products-929.json
T081,티아라,블랙 홀터  화이트 레이스 투피스,블랙 홀터  화이트 레이스 투피스,TWO_PIECE,투피스,,홀터넥,,레이스,,,,"투피스, 홀터넥, 레이스",,아니오,중간,아니오,,products-929.json
T082,티아라,핑크 트위드 니트탑 플리츠 세트,핑크 트위드 니트탑 플리츠 세트,TWO_PIECE,3피스,,,,트위드,플리츠,,,"3피스, 트위드, 플리츠",,아니오,중간,아니오,,products-929.json
T086,펄,아이보리 시스루레이스 와인 미디투피스,아이보리 시스루레이스 와인 미디투피스,TWO_PIECE,투피스,미디,,,레이스,시스루,,,"투피스, 미디, 레이스, 시스루",,아니오,높음,아니오,,products-929.json
T087,펄,블랙 시스루레이스 베이지 미디투피스,블랙 시스루레이스 베이지 미디투피스,TWO_PIECE,투피스,미디,,,레이스,시스루,,,"투피스, 미디, 레이스, 시스루",,아니오,높음,아니오,,products-929.json
T088,펄,블랙 핀스트라이프 벨트 A라인 미니원피스,블랙 핀스트라이프 벨트 A라인 미니원피스,MINI,원피스,미니,,A라인,벨트,,,,"원피스, 미니, A라인, 벨트",,아니오,높음,아니오,,products-929.json
T089,세윤,아이보리 오프숄더 니트 와인 플리츠 투피스,아이보리 오프숄더 니트 와인 플리츠 투피스,TWO_PIECE,투피스,,오프숄더,,플리츠,,,,"투피스, 오프숄더, 플리츠",,아니오,중간,아니오,,products-929.json
T090,세윤,블랙 오프숄더 니트 플리츠 투피스,블랙 오프숄더 니트 플리츠 투피스,TWO_PIECE,투피스,,오프숄더,,플리츠,,,,"투피스, 오프숄더, 플리츠",,아니오,중간,아니오,,products-929.json
T095,지나,아이보리 드레이프 탑원피스,아이보리 드레이프 탑원피스,MINI,탑,미니,,,,,,,"탑, 미니",,아니오,높음,아니오,,products-929.json
T096,지나,베이지  드레이프 탑원피스,베이지  드레이프 탑원피스,MINI,탑,미니,,,,,,,"탑, 미니",,아니오,높음,아니오,,products-929.json
T097,지나,와인 드레이프 탑원피스,와인 드레이프 탑원피스,MINI,탑,미니,,,,,,,"탑, 미니",,아니오,높음,아니오,,products-929.json
T100,희야,아이보리 오프숄더 니트 트위드 투피스,아이보리 오프숄더 니트 트위드 투피스,TWO_PIECE,투피스,,오프숄더,,트위드,,,,"투피스, 오프숄더, 트위드",,아니오,중간,아니오,,products-929.json
T101,희야,핑크 오프숄더 니트 트위드 투피스,핑크 오프숄더 니트 트위드 투피스,TWO_PIECE,투피스,,오프숄더,,트위드,,,,"투피스, 오프숄더, 트위드",,아니오,중간,아니오,,products-929.json
T102,희야,블랙 오프숄더 니트 그레이 트위드 투피스,블랙 오프숄더 니트 그레이 트위드 투피스,TWO_PIECE,투피스,,오프숄더,,트위드,,,,"투피스, 오프숄더, 트위드",,아니오,중간,아니오,,products-929.json
T103,희야,아이보리 주얼트림 트위드 미니원피스,아이보리 주얼트림 트위드 미니원피스,MINI,원피스,미니,,,트위드,,,,"원피스, 미니, 트위드",,아니오,높음,아니오,,products-929.json
T104,희야,블랙 골드트림 트위드 미니원피스,블랙 골드트림 트위드 미니원피스,MINI,원피스,미니,,,트위드,,,,"원피스, 미니, 트위드",,아니오,높음,아니오,,products-929.json
T108,티아라,화이트 원숄더 리본드레이프 투피스,화이트 원숄더 리본드레이프 투피스,TWO_PIECE,투피스,,원숄더,,리본,,,,"투피스, 원숄더, 리본",,아니오,중간,아니오,,products-929.json
T109,티아라,핑크 원숄더 리본드레이프 투피스,핑크 원숄더 리본드레이프 투피스,TWO_PIECE,투피스,,원숄더,,리본,,,,"투피스, 원숄더, 리본",,아니오,중간,아니오,,products-929.json
T110,티아라,블랙 원숄더 리본드레이프 투피스,블랙 원숄더 리본드레이프 투피스,TWO_PIECE,투피스,,원숄더,,리본,,,,"투피스, 원숄더, 리본",,아니오,중간,아니오,,products-929.json
T114,티아라,화이트 타이포인트 블랙 미니투피스,화이트 타이포인트 블랙 미니투피스,TWO_PIECE,투피스,미니,,,,,,,"투피스, 미니",,아니오,높음,아니오,,products-929.json
T115,티아라,스카이블루 타이포인트 그레이 미니투피스,스카이블루 타이포인트 그레이 미니투피스,TWO_PIECE,투피스,미니,,,,,,,"투피스, 미니",,아니오,높음,아니오,,products-929.json
T116,티아라,블랙 타이포인트 화이트 미니투피스,블랙 타이포인트 화이트 미니투피스,TWO_PIECE,투피스,미니,,,,,,,"투피스, 미니",,아니오,높음,아니오,,products-929.json
T117,티아라,브라운 크롭 레더자켓,브라운 크롭 레더자켓,OUTER,자켓,,,,,,,,자켓,,아니오,높음,아니오,,products-929.json
T120,티아라,아이보리 레이스 홀터탑 그레이 플리츠 투피스,아이보리 레이스 홀터탑 그레이 플리츠 투피스,TWO_PIECE,투피스,,홀터넥,,레이스,플리츠,,,"투피스, 홀터넥, 레이스, 플리츠",,아니오,중간,아니오,,products-929.json
T121,티아라,베이지 레이스 홀터탑 플리츠 투피스,베이지 레이스 홀터탑 플리츠 투피스,TWO_PIECE,투피스,,홀터넥,,레이스,플리츠,,,"투피스, 홀터넥, 레이스, 플리츠",,아니오,중간,아니오,,products-929.json
T131,예스,화이트 셔링 크롭탑 블랙 랩 투피스,화이트 셔링 크롭탑 블랙 랩 투피스,TWO_PIECE,투피스,,,,셔링,,,,"투피스, 셔링",,아니오,중간,아니오,,products-929.json
T132,예스,블랙 셔링 크롭탑 와인 랩 투피스,블랙 셔링 크롭탑 와인 랩 투피스,TWO_PIECE,투피스,,,,셔링,,,,"투피스, 셔링",,아니오,중간,아니오,,products-929.json
T133,예스,화이트 포인트 베이비 그레이 배색 셔링 미니원피스,화이트 포인트 베이비 그레이 배색 셔링 미니원피스,MINI,원피스,미니,,,셔링,배색,,,"원피스, 미니, 셔링, 배색",,아니오,높음,아니오,,products-929.json
T134,예스,블랙 포인트 딥그레이 배색 셔링 미니원피스,블랙 포인트 딥그레이 배색 셔링 미니원피스,MINI,원피스,미니,,,셔링,배색,,,"원피스, 미니, 셔링, 배색",,아니오,높음,아니오,,products-929.json
T137,써니,화이트 레이스 원숄더 블랙 배색 미니원피스,화이트 레이스 원숄더 블랙 배색 미니원피스,MINI,원피스,미니,원숄더,,레이스,배색,,,"원피스, 미니, 원숄더, 레이스, 배색",,아니오,높음,아니오,,products-929.json
T138,써니,그레이 레이스 원숄더 블랙 배색 미니원피스,그레이 레이스 원숄더 블랙 배색 미니원피스,MINI,원피스,미니,원숄더,,레이스,배색,,,"원피스, 미니, 원숄더, 레이스, 배색",,아니오,높음,아니오,,products-929.json
T139,써니,그레이 트위드 스퀘어넥 플레어 미니원피스,그레이 트위드 스퀘어넥 플레어 미니원피스,MINI,원피스,미니,스퀘어넥,플레어,트위드,,,,"원피스, 미니, 스퀘어넥, 플레어, 트위드",,아니오,높음,아니오,,products-929.json
T140,써니,블랙 트위드 스퀘어넥 플레어 미니원피스,블랙 트위드 스퀘어넥 플레어 미니원피스,MINI,원피스,미니,스퀘어넥,플레어,트위드,,,,"원피스, 미니, 스퀘어넥, 플레어, 트위드",,아니오,높음,아니오,,products-929.json
T141,티아라,화이트 주얼카라 블랙 셔링 투피스,화이트 주얼카라 블랙 셔링 투피스,TWO_PIECE,투피스,,카라,,셔링,,,,"투피스, 카라, 셔링",,아니오,중간,아니오,,products-929.json
T142,티아라,블랙 주얼카라 베이지 셔링 투피스,블랙 주얼카라 베이지 셔링 투피스,TWO_PIECE,투피스,,카라,,셔링,,,,"투피스, 카라, 셔링",,아니오,중간,아니오,,products-929.json
T143,티아라,아이보리 니트탑 체인포인트 프릴 투피스,아이보리 니트탑 체인포인트 프릴 투피스,TWO_PIECE,투피스,,,,프릴,체인,,,"투피스, 프릴, 체인",,아니오,중간,아니오,,products-929.json
T144,티아라,베이지 니트탑 체인포인트  브라운 프릴 투피스,베이지 니트탑 체인포인트  브라운 프릴 투피스,TWO_PIECE,투피스,,,,프릴,체인,,,"투피스, 프릴, 체인",,아니오,중간,아니오,,products-929.json
T145,티아라,핑크 니트탑 체인포인트  블랙 프릴 투피스,핑크 니트탑 체인포인트  블랙 프릴 투피스,TWO_PIECE,투피스,,,,프릴,체인,,,"투피스, 프릴, 체인",,아니오,중간,아니오,,products-929.json
T146,티아라,블랙 니트탑 체인포인트  화이트 프릴 투피스,블랙 니트탑 체인포인트  화이트 프릴 투피스,TWO_PIECE,투피스,,,,프릴,체인,,,"투피스, 프릴, 체인",,아니오,중간,아니오,,products-929.json
T147,티아라,아이보리 리본브로치 홀터탑 레이어드 투피스,아이보리 리본브로치 홀터탑 레이어드 투피스,TWO_PIECE,투피스,,홀터넥,,리본,,,,"투피스, 홀터넥, 리본",,아니오,중간,아니오,,products-929.json
T148,티아라,블랙 리본브로치 홀터탑 레이어드 투피스,블랙 리본브로치 홀터탑 레이어드 투피스,TWO_PIECE,투피스,,홀터넥,,리본,,,,"투피스, 홀터넥, 리본",,아니오,중간,아니오,,products-929.json
T149,티아라,그레이믹스 리본브로치 홀터탑 화이트 레이어드 투피스,그레이믹스 리본브로치 홀터탑 화이트 레이어드 투피스,TWO_PIECE,투피스,,홀터넥,,리본,,,,"투피스, 홀터넥, 리본",,아니오,중간,아니오,,products-929.json
T150,티아라,블랙믹스 리본브로치 홀터탑 블랙 레이어드 투피스,블랙믹스 리본브로치 홀터탑 블랙 레이어드 투피스,TWO_PIECE,투피스,,홀터넥,,리본,,,,"투피스, 홀터넥, 리본",,아니오,중간,아니오,,products-929.json
T151,티아라,아이보리 리본스타일 트위드뷔스티에 플리츠 세트,아이보리 리본스타일 트위드뷔스티에 플리츠 세트,TWO_PIECE,3피스,,,,리본,트위드,플리츠,,"3피스, 리본, 트위드, 플리츠",,아니오,중간,아니오,,products-929.json
T152,티아라,아이보리 트위드 체인 포인트 미니원피스,아이보리 트위드 체인 포인트 미니원피스,MINI,원피스,미니,,,체인,트위드,,,"원피스, 미니, 체인, 트위드",,아니오,높음,아니오,,products-929.json
T153,티아라,블랙 트위드 체인 포인트 미니원피스,블랙 트위드 체인 포인트 미니원피스,MINI,원피스,미니,,,체인,트위드,,,"원피스, 미니, 체인, 트위드",,아니오,높음,아니오,,products-929.json
T154,티아라,아이보리 쉬폰 오프숄더 로즈벨트 투피스,아이보리 쉬폰 오프숄더 로즈벨트 투피스,TWO_PIECE,투피스,,오프숄더,,벨트,,,,"투피스, 오프숄더, 벨트",,아니오,중간,아니오,,products-929.json
T155,티아라,핑크 쉬폰 오프숄더 로즈벨트 투피스,핑크 쉬폰 오프숄더 로즈벨트 투피스,TWO_PIECE,투피스,,오프숄더,,벨트,,,,"투피스, 오프숄더, 벨트",,아니오,중간,아니오,,products-929.json
T156,티아라,퍼플 쉬폰 오프숄더 로즈벨트 투피스,퍼플 쉬폰 오프숄더 로즈벨트 투피스,TWO_PIECE,투피스,,오프숄더,,벨트,,,,"투피스, 오프숄더, 벨트",,아니오,중간,아니오,,products-929.json
T157,티아라,블랙 쉬폰 오프숄더 로즈벨트 투피스,블랙 쉬폰 오프숄더 로즈벨트 투피스,TWO_PIECE,투피스,,오프숄더,,벨트,,,,"투피스, 오프숄더, 벨트",,아니오,중간,아니오,,products-929.json
T158,펄,화이트 텍스처 집업 크롭탑 랩 투피스,화이트 텍스처 집업 크롭탑 랩 투피스,TWO_PIECE,투피스,,,,,,,,투피스,,아니오,중간,아니오,,products-929.json
T159,펄,블랙 텍스처 집업 크롭탑 랩 투피스,블랙 텍스처 집업 크롭탑 랩 투피스,TWO_PIECE,투피스,,,,,,,,투피스,,아니오,중간,아니오,,products-929.json
T160,펄,핑크 스퀘어넥 셔링 주얼버튼 미니원피스,핑크 스퀘어넥 셔링 주얼버튼 미니원피스,MINI,원피스,미니,스퀘어넥,,셔링,버튼,,,"원피스, 미니, 스퀘어넥, 셔링, 버튼",,아니오,높음,아니오,,products-929.json
T161,펄,블랙 스퀘어넥 셔링 주얼버튼 미니원피스,블랙 스퀘어넥 셔링 주얼버튼 미니원피스,MINI,원피스,미니,스퀘어넥,,셔링,버튼,,,"원피스, 미니, 스퀘어넥, 셔링, 버튼",,아니오,높음,아니오,,products-929.json
T162,세윤,아이보리 시스루 레이스 블랙 랩 투피스,아이보리 시스루 레이스 블랙 랩 투피스,TWO_PIECE,투피스,,,,레이스,시스루,,,"투피스, 레이스, 시스루",,아니오,중간,아니오,,products-929.json
T163,세윤,블랙 시스루 레이스 와인 랩 투피스,블랙 시스루 레이스 와인 랩 투피스,TWO_PIECE,투피스,,,,레이스,시스루,,,"투피스, 레이스, 시스루",,아니오,중간,아니오,,products-929.json
T164,세윤,핑크 퍼프소매 플레어 미니원피스,핑크 퍼프소매 플레어 미니원피스,MINI,원피스,미니,,플레어,퍼프소매,,,,"원피스, 미니, 플레어, 퍼프소매",,아니오,높음,아니오,,products-929.json
T165,세윤,블랙 퍼프소매 플레어 미니원피스,블랙 퍼프소매 플레어 미니원피스,MINI,원피스,미니,,플레어,퍼프소매,,,,"원피스, 미니, 플레어, 퍼프소매",,아니오,높음,아니오,,products-929.json
T166,희야,블랙 체인버클 트위드 미니원피스,블랙 체인버클 트위드 미니원피스,MINI,원피스,미니,,,체인,트위드,,,"원피스, 미니, 체인, 트위드",,아니오,높음,아니오,,products-929.json
T167,희야,아이보리 가디건 니트탑 블랙 티어드 3피스,아이보리 가디건 니트탑 블랙 티어드 3피스,TWO_PIECE,3피스,,,,,,,,3피스,,아니오,중간,아니오,,products-929.json
T168,희야,핑크 가디건 니트탑 브라운 티어드 3피스,핑크 가디건 니트탑 브라운 티어드 3피스,TWO_PIECE,3피스,,,,,,,,3피스,,아니오,중간,아니오,,products-929.json
T169,희야,블랙 가디건 니트탑 그레이 티어드 3피스,블랙 가디건 니트탑 그레이 티어드 3피스,TWO_PIECE,3피스,,,,,,,,3피스,,아니오,중간,아니오,,products-929.json
T170,희야,블랙 주얼카라 러플 화이트 티어드 투피스,블랙 주얼카라 러플 화이트 티어드 투피스,TWO_PIECE,투피스,,카라,,프릴,,,,"투피스, 카라, 프릴",,아니오,중간,아니오,,products-929.json
T171,희야,화이트 리본러플 블랙 티어드 투피스,화이트 리본러플 블랙 티어드 투피스,TWO_PIECE,투피스,,,,리본,프릴,,,"투피스, 리본, 프릴",,아니오,중간,아니오,,products-929.json
T172,희야,블랙 리본러플 핑크 티어드 투피스,블랙 리본러플 핑크 티어드 투피스,TWO_PIECE,투피스,,,,리본,프릴,,,"투피스, 리본, 프릴",,아니오,중간,아니오,,products-929.json
T173,지나,화이트 블랙레이스 패널 미니원피스,화이트 블랙레이스 패널 미니원피스,MINI,원피스,미니,,,레이스,,,,"원피스, 미니, 레이스",,아니오,높음,아니오,,products-929.json
T174,지나,블랙 레이스 패널 미니원피스,블랙 레이스 패널 미니원피스,MINI,원피스,미니,,,레이스,,,,"원피스, 미니, 레이스",,아니오,높음,아니오,,products-929.json
T175,지나,아이보리 사이드러플 미니원피스,아이보리 사이드러플 미니원피스,MINI,원피스,미니,,,프릴,,,,"원피스, 미니, 프릴",,아니오,높음,아니오,,products-929.json
T176,지나,블랙 자카드 사이드러플 미니원피스,블랙 자카드 사이드러플 미니원피스,MINI,원피스,미니,,,프릴,,,,"원피스, 미니, 프릴",,아니오,높음,아니오,,products-929.json
T179,티아라,화이트 랩셔링 탑 & 더블벨트 레더 미니 투피스,화이트 랩셔링 탑 & 더블벨트 레더 미니 투피스,TWO PIECE,투피스,,,,셔링,더블벨트,벨트,화이트/블랙,"화이트/블랙, 투피스, 셔링, 더블벨트, 벨트",,아니오,중간,아니오,,products-tiara1001.json
T180,티아라,아이보리 랩셔링 탑 & 더블벨트 레더 미니 투피스,아이보리 랩셔링 탑 & 더블벨트 레더 미니 투피스,TWO PIECE,투피스,,,,셔링,더블벨트,벨트,아이보리/블랙,"아이보리/블랙, 투피스, 셔링, 더블벨트, 벨트",,아니오,중간,아니오,,products-tiara1001.json
T181,티아라,화이트 크로스 비즈 밴디지 미니원피스,화이트 크로스 비즈 밴디지 미니원피스,MINI,원피스,미니,,,비즈,,,화이트,"화이트, 원피스, 미니, 비즈",,아니오,높음,아니오,,products-tiara1001.json
T182,티아라,블랙 크로스 비즈 밴디지 미니원피스,블랙 크로스 비즈 밴디지 미니원피스,MINI,원피스,미니,,,비즈,,,블랙,"블랙, 원피스, 미니, 비즈",,아니오,높음,아니오,,products-tiara1001.json
T183,티아라,화이트 비즈 프릴 오프숄더 투피스,화이트 비즈 프릴 오프숄더 투피스,TWO PIECE,투피스,,오프숄더,,프릴,비즈,,화이트,"화이트, 투피스, 오프숄더, 프릴, 비즈",,아니오,중간,아니오,,products-tiara1001.json
T184,티아라,아이보리 비즈 프릴 오프숄더 투피스,아이보리 비즈 프릴 오프숄더 투피스,TWO PIECE,투피스,,오프숄더,,프릴,비즈,,아이보리/베이지,"아이보리/베이지, 투피스, 오프숄더, 프릴, 비즈",,아니오,중간,아니오,,products-tiara1001.json
T185,티아라,블랙 비즈 프릴 오프숄더 투피스,블랙 비즈 프릴 오프숄더 투피스,TWO PIECE,투피스,,오프숄더,,프릴,비즈,,블랙,"블랙, 투피스, 오프숄더, 프릴, 비즈",,아니오,중간,아니오,,products-tiara1001.json
T186,티아라,화이트 벨티드 트렌치 자켓 & 미니 투피스,화이트 벨티드 트렌치 자켓 & 미니 투피스,TWO PIECE,투피스,,,,,,,화이트,"화이트, 투피스",,아니오,중간,아니오,,products-tiara1001.json
T187,티아라,베이지 벨티드 트렌치 자켓 & 미니 투피스,베이지 벨티드 트렌치 자켓 & 미니 투피스,TWO PIECE,투피스,,,,,,,베이지,"베이지, 투피스",,아니오,중간,아니오,,products-tiara1001.json
T188,티아라,화이트 블랙라인 리본 니트 미니원피스,화이트 블랙라인 리본 니트 미니원피스,MINI,원피스,미니,,,리본,,,화이트/블랙,"화이트/블랙, 원피스, 미니, 리본",,아니오,높음,아니오,,products-tiara1001.json
T189,티아라,베이지 레이스 진주라인 자켓 & 미니원피스 세트,베이지 레이스 진주라인 자켓 & 미니원피스 세트,TWO PIECE,투피스,미니,,,레이스,,,베이지,"베이지, 투피스, 미니, 레이스",,아니오,높음,아니오,,products-tiara1001.json
T190,티아라,핑크 트위드 플라워버튼 베스트 & 플리츠 투피스,핑크 트위드 플라워버튼 베스트 & 플리츠 투피스,TWO PIECE,투피스,,,,버튼,트위드,플리츠,핑크,"핑크, 투피스, 버튼, 트위드, 플리츠",,아니오,중간,아니오,,products-tiara1001.json
T191,티아라,그레이 트위드 플라워버튼 베스트 & 플리츠 투피스,그레이 트위드 플라워버튼 베스트 & 플리츠 투피스,TWO PIECE,투피스,,,,버튼,트위드,플리츠,그레이,"그레이, 투피스, 버튼, 트위드, 플리츠",,아니오,중간,아니오,,products-tiara1001.json
T192,티아라,아이보리 세일러 니트 & 네이비 플리츠 투피스,아이보리 세일러 니트 & 네이비 플리츠 투피스,TWO PIECE,투피스,,,,플리츠,,,아이보리/네이비,"아이보리/네이비, 투피스, 플리츠",,아니오,중간,아니오,,products-tiara1001.json
T193,티아라,네이비 세일러 니트 & 플리츠 투피스,네이비 세일러 니트 & 플리츠 투피스,TWO PIECE,투피스,,,,플리츠,,,네이비,"네이비, 투피스, 플리츠",,아니오,중간,아니오,,products-tiara1001.json
T194,티아라,그레이 세일러 니트 & 플리츠 투피스,그레이 세일러 니트 & 플리츠 투피스,TWO PIECE,투피스,,,,플리츠,,,그레이,"그레이, 투피스, 플리츠",,아니오,중간,아니오,,products-tiara1001.json
T195,티아라,베이지 스트라이프 셔츠 레이스 랩 미니원피스,베이지 스트라이프 셔츠 레이스 랩 미니원피스,MINI,원피스,미니,,,레이스,,,베이지,"베이지, 원피스, 미니, 레이스",,아니오,높음,아니오,,products-tiara1001.json
T196,티아라,핑크 스트라이프 셔츠 레이스 랩 미니원피스,핑크 스트라이프 셔츠 레이스 랩 미니원피스,MINI,원피스,미니,,,레이스,,,핑크,"핑크, 원피스, 미니, 레이스",,아니오,높음,아니오,,products-tiara1001.json
T197,티아라,소라그레이 스트라이프 셔츠 레이스 랩 미니원피스,소라그레이 스트라이프 셔츠 레이스 랩 미니원피스,MINI,원피스,미니,,,레이스,,,소라그레이,"소라그레이, 원피스, 미니, 레이스",,아니오,높음,아니오,,products-tiara1001.json
T198,티아라,아이보리 카라 브로치 트위드 미니원피스,아이보리 카라 브로치 트위드 미니원피스,MINI,원피스,미니,카라,,트위드,,,아이보리,"아이보리, 원피스, 미니, 카라, 트위드",,아니오,높음,아니오,,products-tiara1001.json
T199,티아라,핑크 카라 브로치 트위드 미니원피스,핑크 카라 브로치 트위드 미니원피스,MINI,원피스,미니,카라,,트위드,,,핑크,"핑크, 원피스, 미니, 카라, 트위드",,아니오,높음,아니오,,products-tiara1001.json
T200,티아라,화이트 & 그레이 후드집업 3피스 세트,화이트 & 그레이 후드집업 3피스 세트,TWO PIECE,3피스,,,,,,,화이트/그레이,"화이트/그레이, 3피스",,아니오,중간,아니오,,products-tiara1001.json
T201,티아라,스카이블루 & 화이트 후드집업 3피스 세트,스카이블루 & 화이트 후드집업 3피스 세트,TWO PIECE,3피스,,,,,,,스카이블루/화이트,"스카이블루/화이트, 3피스",,아니오,중간,아니오,,products-tiara1001.json
T202,티아라,브라운 & 아이보리 후드집업 3피스 세트,브라운 & 아이보리 후드집업 3피스 세트,TWO PIECE,3피스,,,,,,,브라운/아이보리,"브라운/아이보리, 3피스",,아니오,중간,아니오,,products-tiara1001.json
T203,티아라,네이비 & 그레이 후드집업 3피스 세트,네이비 & 그레이 후드집업 3피스 세트,TWO PIECE,3피스,,,,,,,네이비/그레이,"네이비/그레이, 3피스",,아니오,중간,아니오,,products-tiara1001.json
T204,티아라,베이지 셔츠 & 니트숄 미니 3피스,베이지 셔츠 & 니트숄 미니 3피스,TWO PIECE,3피스,,,,,,,베이지,"베이지, 3피스",,아니오,중간,아니오,,products-tiara1001.json
T205,티아라,블루 셔츠 & 네이비 니트숄 미니 3피스,블루 셔츠 & 네이비 니트숄 미니 3피스,TWO PIECE,3피스,,,,,,,블루/네이비,"블루/네이비, 3피스",,아니오,중간,아니오,,products-tiara1001.json
T206,티아라,화이트 펀칭니트 키홀탑 & 레이스 미니 투피스,화이트 펀칭니트 키홀탑 & 레이스 미니 투피스,TWO PIECE,투피스,,,,레이스,,,화이트,"화이트, 투피스, 레이스",,아니오,중간,아니오,,products-tiara1001.json
T207,티아라,베이지 펀칭니트 키홀탑 & 레이스 미니 투피스,베이지 펀칭니트 키홀탑 & 레이스 미니 투피스,TWO PIECE,투피스,,,,레이스,,,베이지,"베이지, 투피스, 레이스",,아니오,중간,아니오,,products-tiara1001.json
T208,티아라,핑크 트위드 빅리본 레이스 투피스,핑크 트위드 빅리본 레이스 투피스,TWO PIECE,투피스,,,,리본,레이스,트위드,핑크/화이트,"핑크/화이트, 투피스, 리본, 레이스, 트위드",,아니오,중간,아니오,,products-tiara1001.json
T209,티아라,아이보리 레이스 프릴 플레어 미니원피스,아이보리 레이스 프릴 플레어 미니원피스,MINI,원피스,미니,,플레어,레이스,프릴,,아이보리,"아이보리, 원피스, 미니, 플레어, 레이스, 프릴",,아니오,높음,아니오,,products-tiara1001.json
T210,티아라,옐로우 배색카라 트위드 자켓 & 스커트 세트,옐로우 배색카라 트위드 자켓 & 스커트 세트,TWO PIECE,투피스,,카라,,배색,트위드,,옐로우/아이보리,"옐로우/아이보리, 투피스, 카라, 배색, 트위드",,아니오,중간,아니오,,products-tiara1001.json
T211,티아라,아이보리 배색카라 트위드 플레어 미니원피스,아이보리 배색카라 트위드 플레어 미니원피스,MINI,원피스,미니,카라,플레어,배색,트위드,,아이보리,"아이보리, 원피스, 미니, 카라, 플레어, 배색, 트위드",,아니오,높음,아니오,,products-tiara1001.json
T212,티아라,핑크 배색카라 트위드 플레어 미니원피스,핑크 배색카라 트위드 플레어 미니원피스,MINI,원피스,미니,카라,플레어,배색,트위드,,핑크,"핑크, 원피스, 미니, 카라, 플레어, 배색, 트위드",,아니오,높음,아니오,,products-tiara1001.json
T213,티아라,스카이블루 배색카라 트위드 플레어 미니원피스,스카이블루 배색카라 트위드 플레어 미니원피스,MINI,원피스,미니,카라,플레어,배색,트위드,,스카이블루,"스카이블루, 원피스, 미니, 카라, 플레어, 배색, 트위드",,아니오,높음,아니오,,products-tiara1001.json
T214,티아라,핑크 트위드 브이넥 빅리본 미니원피스,핑크 트위드 브이넥 빅리본 미니원피스,MINI,원피스,미니,브이넥,,리본,트위드,,핑크/화이트,"핑크/화이트, 원피스, 미니, 브이넥, 리본, 트위드",,아니오,높음,아니오,,products-tiara1001.json
TIA-S756,티아라,하이넥 슬리브리스 니트,하이넥 슬리브리스 니트,TOP,탑,,,,,,,아이보리 / 옐로우 / 소라 / 블랙,"아이보리, 옐로우, 소라, 블랙, 탑",,아니오,높음,아니오,,products.json
TIA-S757,티아라,크롭 플레어 셔츠,크롭 플레어 셔츠,TOP,블라우스,,,플레어,,,,아이보리 / 옐로우 / 소라 / 핑크,"아이보리, 옐로우, 소라, 핑크, 블라우스, 플레어",,아니오,높음,아니오,,products.json
TIA-S758,티아라,스카프패턴 숄블라우스,스카프패턴 숄블라우스,MINI,블라우스,미니,,,,,,블랙 / 핑크 / 오렌지,"블랙, 핑크, 오렌지, 블라우스, 미니",,아니오,높음,아니오,,products.json
TIA-S760,티아라,레이스셔링 끈나시,레이스셔링 끈나시,TOP,탑,,,,셔링,레이스,,문의,"문의, 탑, 셔링, 레이스",,아니오,높음,아니오,,products.json
TIA-S761,티아라,새틴 스트링 자켓,새틴 스트링 자켓,TOP,자켓,,,,새틴,,,문의,"문의, 자켓, 새틴",,아니오,높음,아니오,,products.json
TIA-S762,티아라,비즈홀터 쉬폰 미니원피스,비즈홀터 쉬폰 미니원피스,MINI,원피스,미니,홀터넥,,비즈,,,문의,"문의, 원피스, 미니, 홀터넥, 비즈",,아니오,높음,아니오,,products.json
TIA-S763,티아라,비즈홀터 쉬폰 미니원피스,비즈홀터 쉬폰 미니원피스,MINI,원피스,미니,홀터넥,,비즈,,,문의,"문의, 원피스, 미니, 홀터넥, 비즈",,아니오,높음,아니오,,products.json
TIA-S764,티아라,비즈홀터 쉬폰 롱원피스,비즈홀터 쉬폰 롱원피스,LONG,원피스,롱,홀터넥,,비즈,,,문의,"문의, 원피스, 롱, 홀터넥, 비즈",,아니오,높음,아니오,,products.json
TIA-S765,티아라,비즈홀터 쉬폰 롱원피스,비즈홀터 쉬폰 롱원피스,LONG,원피스,롱,홀터넥,,비즈,,,문의,"문의, 원피스, 롱, 홀터넥, 비즈",,아니오,높음,아니오,,products.json
TIA-S766,티아라,비즈홀터 쉬폰 롱원피스,비즈홀터 쉬폰 롱원피스,LONG,원피스,롱,홀터넥,,비즈,,,문의,"문의, 원피스, 롱, 홀터넥, 비즈",,아니오,높음,아니오,,products.json
TIA-S770,티아라,드레이프셔링 언발 원피스,드레이프셔링 언발 원피스,MINI,원피스,미니,,,셔링,새틴,,문의,"문의, 원피스, 미니, 셔링, 새틴",,아니오,높음,아니오,,products.json
TIA-S771,티아라,드레이프셔링 언발 원피스,드레이프셔링 언발 원피스,MINI,원피스,미니,,,셔링,새틴,,문의,"문의, 원피스, 미니, 셔링, 새틴",,아니오,높음,아니오,,products.json
TIA-S772,티아라,드레이프셔링 언발 원피스,드레이프셔링 언발 원피스,MINI,원피스,미니,,,셔링,새틴,,블랙,"블랙, 원피스, 미니, 셔링, 새틴",,아니오,높음,아니오,,products.json
TIA-S773,티아라,골드버튼 니트플리츠 투피스,골드버튼 니트플리츠 투피스,TWO PIECE,투피스,,,,버튼,플리츠,,아이,"아이, 투피스, 버튼, 플리츠",,아니오,중간,아니오,,products.json
TIA-S774,티아라,골드버튼 니트플리츠 투피스,골드버튼 니트플리츠 투피스,TWO PIECE,투피스,,,,버튼,플리츠,,민트,"민트, 투피스, 버튼, 플리츠",,아니오,중간,아니오,,products.json
TIA-S775,티아라,배색스트랩 슬림 미디원피스,배색스트랩 슬림 미디원피스,MIDI,원피스,미디,,슬림핏,배색,,,아이,"아이, 원피스, 미디, 슬림핏, 배색",,아니오,높음,아니오,,products.json
TIA-S776,티아라,배색스트랩 슬림 미디원피스,배색스트랩 슬림 미디원피스,MIDI,원피스,미디,,슬림핏,배색,,,블랙,"블랙, 원피스, 미디, 슬림핏, 배색",,아니오,높음,아니오,,products.json
TIA-S777,티아라,새틴뷔스티에 미니원피스,새틴뷔스티에 미니원피스,MINI,탑,미니,,,새틴,,,아이,"아이, 탑, 미니, 새틴",,아니오,높음,아니오,,products.json
TIA-S778,티아라,새틴뷔스티에 미니원피스,새틴뷔스티에 미니원피스,MINI,탑,미니,,,새틴,,,블랙,"블랙, 탑, 미니, 새틴",,아니오,높음,아니오,,products.json
TIA-S799,티아라,언발라인 니트 투피스,언발라인 니트 투피스,TWO PIECE,투피스,,,,,,,아이,"아이, 투피스",,아니오,중간,아니오,,products.json
TIA-S800,티아라,언발라인 니트 투피스,언발라인 니트 투피스,TWO PIECE,투피스,,,,,,,소라,"소라, 투피스",,아니오,중간,아니오,,products.json
TIA-S801,티아라,언발라인 니트 투피스,언발라인 니트 투피스,TWO PIECE,투피스,,,,,,,핑크,"핑크, 투피스",,아니오,중간,아니오,,products.json
TIA-S802,티아라,언발라인 니트 투피스,언발라인 니트 투피스,TWO PIECE,투피스,,,,벨트,,,그레이,"그레이, 투피스, 벨트",,아니오,중간,아니오,,products.json
TIA-S803,티아라,언발라인 니트 투피스,언발라인 니트 투피스,TWO PIECE,투피스,,,,벨트,,,블랙,"블랙, 투피스, 벨트",,아니오,중간,아니오,,products.json
TIA-S804,티아라,레이스뷔스티에 미니원피스,레이스뷔스티에 미니원피스,MINI,탑,미니,,,레이스,,,아이,"아이, 탑, 미니, 레이스",,아니오,높음,아니오,,products.json
TIA-S805,티아라,레이스뷔스티에 미니원피스,레이스뷔스티에 미니원피스,MINI,탑,미니,,,레이스,,,핑크,"핑크, 탑, 미니, 레이스",,아니오,높음,아니오,,products.json
TIA-S806,티아라,레이스헴 미니투피스,레이스헴 미니투피스,TWO PIECE,투피스,미니,,,레이스,,,아이,"아이, 투피스, 미니, 레이스",,아니오,높음,아니오,,products.json
TIA-S807,티아라,레이스헴 미니투피스,레이스헴 미니투피스,TWO PIECE,투피스,미니,,,레이스,,,블랙,"블랙, 투피스, 미니, 레이스",,아니오,높음,아니오,,products.json
TIA-S808,티아라,셔링홀터 미니원피스,셔링홀터 미니원피스,MINI,스커트,미니,홀터넥,,셔링,,,아이,"아이, 스커트, 미니, 홀터넥, 셔링",,아니오,높음,아니오,,products.json
TIA-S809,티아라,셔링홀터 미니원피스,셔링홀터 미니원피스,MINI,스커트,미니,홀터넥,,셔링,,,핑크,"핑크, 스커트, 미니, 홀터넥, 셔링",,아니오,높음,아니오,,products.json
TIA-S810,티아라,셔링홀터 미니원피스,셔링홀터 미니원피스,MINI,스커트,미니,홀터넥,,셔링,,,소라,"소라, 스커트, 미니, 홀터넥, 셔링",,아니오,높음,아니오,,products.json
TIA-S811,티아라,셔링홀터 미니원피스,셔링홀터 미니원피스,MINI,스커트,미니,홀터넥,,셔링,,,블랙,"블랙, 스커트, 미니, 홀터넥, 셔링",,아니오,높음,아니오,,products.json
TIA-S812,티아라,오프숄더 리본 플레어 원피스,오프숄더 리본 플레어 원피스,MINI,원피스,미니,오프숄더,플레어,리본,,,아이,"아이, 원피스, 미니, 오프숄더, 플레어, 리본",,아니오,높음,아니오,,products.json
TIA-S813,티아라,오프숄더 리본 플레어 원피스,오프숄더 리본 플레어 원피스,MINI,원피스,미니,오프숄더,플레어,리본,,,민트,"민트, 원피스, 미니, 오프숄더, 플레어, 리본",,아니오,높음,아니오,,products.json
TIA-S814,티아라,티어드프릴 벨트 투피스,티어드프릴 벨트 투피스,TWO PIECE,투피스,,,,프릴,벨트,,아이,"아이, 투피스, 프릴, 벨트",,아니오,중간,아니오,,products.json
TIA-S815,티아라,티어드프릴 벨트 투피스,티어드프릴 벨트 투피스,TWO PIECE,투피스,,,,프릴,벨트,,소라,"소라, 투피스, 프릴, 벨트",,아니오,중간,아니오,,products.json
TIA-S816,티아라,뷔스티에쉬폰 슬릿 미디원피스,뷔스티에쉬폰 슬릿 미디원피스,MIDI,탑,미디,,,,,,핑크,"핑크, 탑, 미디",,아니오,높음,아니오,,products.json
TIA-S817,티아라,뷔스티에쉬폰 슬릿 미디원피스,뷔스티에쉬폰 슬릿 미디원피스,MIDI,탑,미디,,,,,,블랙,"블랙, 탑, 미디",,아니오,높음,아니오,,products.json
TIA-S818,티아라,배색스트라이프 니트원피스,배색스트라이프 니트원피스,MINI,원피스,미니,,,배색,,,아이,"아이, 원피스, 미니, 배색",,아니오,높음,아니오,,products.json
TIA-S819,티아라,배색스트라이프 니트원피스,배색스트라이프 니트원피스,MINI,원피스,미니,,,배색,,,블랙,"블랙, 원피스, 미니, 배색",,아니오,높음,아니오,,products.json
TIA-S838,티아라,골지브이넥 캉캉 투피스,골지브이넥 캉캉 투피스,TWO PIECE,투피스,,브이넥,,,,,아이,"아이, 투피스, 브이넥",,아니오,중간,아니오,,products.json
TIA-S839,티아라,골지브이넥 캉캉 투피스,골지브이넥 캉캉 투피스,TWO PIECE,투피스,,브이넥,,,,,블랙 / 핑크,"블랙, 핑크, 투피스, 브이넥",,아니오,중간,아니오,,products.json
TIA-S840,티아라,골지브이넥 캉캉 투피스,골지브이넥 캉캉 투피스,TWO PIECE,투피스,,브이넥,,,,,화이트 / 블랙,"화이트, 블랙, 투피스, 브이넥",,아니오,중간,아니오,,products.json
TIA-S841,티아라,홀터드레이프 버클 투피스,홀터드레이프 버클 투피스,TWO PIECE,투피스,,홀터넥,,,,,화이트 / 블랙,"화이트, 블랙, 투피스, 홀터넥",,아니오,중간,아니오,,products.json
TIA-S842,티아라,홀터드레이프 버클 투피스,홀터드레이프 버클 투피스,TWO PIECE,투피스,,홀터넥,,,,,브라운,"브라운, 투피스, 홀터넥",,아니오,중간,아니오,,products.json
TIA-S843,티아라,홀터드레이프 버클 투피스,홀터드레이프 버클 투피스,TWO PIECE,투피스,,홀터넥,,,,,아이 / 블랙,"아이, 블랙, 투피스, 홀터넥",,아니오,중간,아니오,,products.json
TIA-S844,티아라,새틴슬림 롱원피스,새틴슬림 롱원피스,LONG,원피스,롱,,슬림핏,새틴,,,아이,"아이, 원피스, 롱, 슬림핏, 새틴",,아니오,높음,아니오,,products.json
TIA-S845,티아라,새틴슬림 롱원피스,새틴슬림 롱원피스,LONG,원피스,롱,,슬림핏,새틴,,,핑크,"핑크, 원피스, 롱, 슬림핏, 새틴",,아니오,높음,아니오,,products.json
TIA-S846,티아라,새틴슬림 롱원피스,새틴슬림 롱원피스,LONG,원피스,롱,,슬림핏,새틴,,,블랙,"블랙, 원피스, 롱, 슬림핏, 새틴",,아니오,높음,아니오,,products.json
TIA-S847,티아라,오프숄더 스트라이프 투피스,오프숄더 스트라이프 투피스,TWO PIECE,투피스,,오프숄더,,,,,그레이,"그레이, 투피스, 오프숄더",,아니오,중간,아니오,,products.json
TIA-S848,티아라,리본타이 홀터 투피스,리본타이 홀터 투피스,TWO PIECE,투피스,,홀터넥,,리본,,,아이,"아이, 투피스, 홀터넥, 리본",,아니오,중간,아니오,,products.json
TIA-S849,티아라,리본타이 홀터 투피스,리본타이 홀터 투피스,TWO PIECE,투피스,,홀터넥,,리본,,,블랙,"블랙, 투피스, 홀터넥, 리본",,아니오,중간,아니오,,products.json
TIA-S850,티아라,드레이프홀터 쇼츠 투피스,드레이프홀터 쇼츠 투피스,TWO PIECE,투피스,,홀터넥,,,,,아이 / 소라,"아이, 소라, 투피스, 홀터넥",,아니오,중간,아니오,,products.json
TIA-S851,티아라,드레이프홀터 쇼츠 투피스,드레이프홀터 쇼츠 투피스,TWO PIECE,투피스,,홀터넥,,,,,블랙 / 핑크,"블랙, 핑크, 투피스, 홀터넥",,아니오,중간,아니오,,products.json
TIA-S852,티아라,드레이프홀터 쇼츠 투피스,드레이프홀터 쇼츠 투피스,TWO PIECE,투피스,,홀터넥,,,,,베이지,"베이지, 투피스, 홀터넥",,아니오,중간,아니오,,products.json
TIA-S856,,핀턱 나시탑,핀턱 나시탑,TOP,탑,,,,,,,아이보리/블랙,"아이보리/블랙, 탑",,아니오,높음,아니오,,products.json
TIA-S857,,플라워 매듭 나시탑,플라워 매듭 나시탑,TOP,탑,,,,,,,아이보리/블랙,"아이보리/블랙, 탑",,아니오,높음,아니오,,products.json
TIA-S858,,아이보리 시퀸 쉬폰 나시 블라우스,아이보리 시퀸 쉬폰 나시 블라우스,TOP,블라우스,,,,,,,아이보리,"아이보리, 블라우스",,아니오,높음,아니오,,products.json
TIA-S860,,블랙 프릴 쉬폰 벨트 미니원피스,블랙 프릴 쉬폰 벨트 미니원피스,MINI,원피스,미니,,슬림핏,프릴,벨트,,블랙,"블랙, 원피스, 미니, 슬림핏, 프릴, 벨트",,아니오,높음,아니오,,products.json
TIA-S861,,오렌지 플라워 쉬폰 캉캉 롱드레스,오렌지 플라워 쉬폰 캉캉 롱드레스,LONG,원피스,롱,,,,,,오렌지,"오렌지, 원피스, 롱",,아니오,높음,아니오,,products.json
TIA-S862,,아이보리 레이스 홀터 쉬폰 미니원피스,아이보리 레이스 홀터 쉬폰 미니원피스,MINI,원피스,미니,홀터넥,슬림핏,레이스,,,아이보리,"아이보리, 원피스, 미니, 홀터넥, 슬림핏, 레이스",,아니오,높음,아니오,,products.json
TIA-S863,,블랙 레이스 홀터 쉬폰 미니원피스,블랙 레이스 홀터 쉬폰 미니원피스,MINI,원피스,미니,홀터넥,슬림핏,레이스,,,블랙,"블랙, 원피스, 미니, 홀터넥, 슬림핏, 레이스",,아니오,높음,아니오,,products.json
TIA-S864,,화이트 레이스 크롭 투피스,화이트 레이스 크롭 투피스,TWO PIECE,투피스,,,,레이스,,,아이보리,"아이보리, 투피스, 레이스",,아니오,중간,아니오,,products.json
TIA-S865,,블랙 레이스 크롭 투피스,블랙 레이스 크롭 투피스,TWO PIECE,투피스,,,,레이스,,,블랙,"블랙, 투피스, 레이스",,아니오,중간,아니오,,products.json
TIA-S866,,아이보리 플라워 코르셋 투피스,아이보리 플라워 코르셋 투피스,TWO PIECE,투피스,,,,,,,아이보리,"아이보리, 투피스",,아니오,중간,아니오,,products.json
TIA-S867,,그레이 셔링 홀터 미니원피스,그레이 셔링 홀터 미니원피스,MINI,원피스,미니,홀터넥,슬림핏,셔링,,,그레이,"그레이, 원피스, 미니, 홀터넥, 슬림핏, 셔링",,아니오,높음,아니오,,products.json
TIA-S868,,아이보리 컷아웃 원숄더 미디원피스,아이보리 컷아웃 원숄더 미디원피스,MIDI,원피스,미디,원숄더,슬림핏,컷아웃,,,아이보리,"아이보리, 원피스, 미디, 원숄더, 슬림핏, 컷아웃",,아니오,높음,아니오,,products.json
TIA-S869,,블랙 컷아웃 원숄더 미디원피스,블랙 컷아웃 원숄더 미디원피스,MIDI,원피스,미디,원숄더,슬림핏,컷아웃,,,블랙,"블랙, 원피스, 미디, 원숄더, 슬림핏, 컷아웃",,아니오,높음,아니오,,products.json
TIA-S870,,아이보리 트위드 버튼 미니원피스,아이보리 트위드 버튼 미니원피스,MINI,원피스,미니,,슬림핏,버튼,트위드,,아이보리,"아이보리, 원피스, 미니, 슬림핏, 버튼, 트위드",,아니오,높음,아니오,,products.json
TIA-S871,,민트 트위드 버튼 미니원피스,민트 트위드 버튼 미니원피스,MINI,원피스,미니,,슬림핏,버튼,트위드,,민트,"민트, 원피스, 미니, 슬림핏, 버튼, 트위드",,아니오,높음,아니오,,products.json
TIA-S873,,아이보리 트위드 홀터 투피스,아이보리 트위드 홀터 투피스,TWO PIECE,투피스,,홀터넥,,트위드,,,아이보리,"아이보리, 투피스, 홀터넥, 트위드",,아니오,중간,아니오,,products.json
TIA-S874,,베이지 진주라인 트위드 미니원피스,베이지 진주라인 트위드 미니원피스,MINI,원피스,미니,,슬림핏,트위드,,,베이지,"베이지, 원피스, 미니, 슬림핏, 트위드",,아니오,높음,아니오,,products.json
TIA-S877,,아이보리 진주스트랩 캉캉 미니원피스,아이보리 진주스트랩 캉캉 미니원피스,MINI,원피스,미니,,슬림핏,,,,아이보리,"아이보리, 원피스, 미니, 슬림핏",,아니오,높음,아니오,,products.json
TIA-S898,,프릴카라 미니 투피스,프릴카라 미니 투피스,TWO PIECE,투피스,,카라,,프릴,,,그레이,"그레이, 투피스, 카라, 프릴",,아니오,중간,아니오,,products.json
TIA-S899,,프릴카라 미니 투피스,프릴카라 미니 투피스,TWO PIECE,투피스,,카라,,프릴,,,블랙,"블랙, 투피스, 카라, 프릴",,아니오,중간,아니오,,products.json
TIA-S900,,아이보리 큐빅 오프숄더 미니원피스,아이보리 큐빅 오프숄더 미니원피스,MINI,원피스,미니,오프숄더,슬림핏,비즈,,,아이보리,"아이보리, 원피스, 미니, 오프숄더, 슬림핏, 비즈",,아니오,높음,아니오,,products.json
TIA-S901,,아이보리 프리미엄 큐빅 오프숄더 미니원피스,아이보리 프리미엄 큐빅 오프숄더 미니원피스,MINI,원피스,미니,오프숄더,슬림핏,비즈,,,아이보리,"아이보리, 원피스, 미니, 오프숄더, 슬림핏, 비즈",,아니오,높음,아니오,,products.json
TIA-S902,,리본벨트 카라 미니원피스,리본벨트 카라 미니원피스,MINI,원피스,미니,카라,슬림핏,리본,벨트,배색,소라배색,"소라배색, 원피스, 미니, 카라, 슬림핏, 리본, 벨트, 배색",,아니오,높음,아니오,,products.json
TIA-S903,,민트 꼬임스트랩 니트 미니원피스,민트 꼬임스트랩 니트 미니원피스,MINI,원피스,미니,,슬림핏,꼬임,,,민트,"민트, 원피스, 미니, 슬림핏, 꼬임",,아니오,높음,아니오,,products.json
TIA-S904,,모카 꼬임스트랩 니트 롱원피스,모카 꼬임스트랩 니트 롱원피스,LONG,원피스,롱,,,꼬임,,,모카,"모카, 원피스, 롱, 꼬임",,아니오,높음,아니오,,products.json
TIA-S905,,아이보리 리본 튜브탑 쇼츠 투피스,아이보리 리본 튜브탑 쇼츠 투피스,TWO PIECE,투피스,,튜브탑,,리본,,,아이보리,"아이보리, 투피스, 튜브탑, 리본",,아니오,중간,아니오,,products.json
TIA-S906,,다크그레이 리본 튜브탑 쇼츠 투피스,다크그레이 리본 튜브탑 쇼츠 투피스,TWO PIECE,투피스,,튜브탑,,리본,,,다크그레이,"다크그레이, 투피스, 튜브탑, 리본",,아니오,중간,아니오,,products.json
TIA-S921,,아이보리 블랙리본 레이스 투피스,아이보리 블랙리본 레이스 투피스,TWO PIECE,투피스,,,,리본,레이스,,아이보리/블랙,"아이보리/블랙, 투피스, 리본, 레이스",,아니오,중간,아니오,,products.json
TIA-S922,,블랙리본 레이스 투피스,블랙리본 레이스 투피스,TWO PIECE,투피스,,,,리본,레이스,,블랙/아이보리,"블랙/아이보리, 투피스, 리본, 레이스",,아니오,중간,아니오,,products.json
TIA-S923,,핑크 블랙리본 레이스 투피스,핑크 블랙리본 레이스 투피스,TWO PIECE,투피스,,,,리본,레이스,,핑크,"핑크, 투피스, 리본, 레이스",,아니오,중간,아니오,,products.json
TIA-S924,,브로치 카라 투피스,브로치 카라 투피스,TWO PIECE,투피스,,카라,,,,,화이트,"화이트, 투피스, 카라",,아니오,중간,아니오,,products.json
TIA-S925,,브로치 카라 투피스,브로치 카라 투피스,TWO PIECE,투피스,,카라,,,,,크림/베이지,"크림/베이지, 투피스, 카라",,아니오,중간,아니오,,products.json
TIA-S926,,브로치 카라 투피스,브로치 카라 투피스,TWO PIECE,투피스,,카라,,,,,블랙,"블랙, 투피스, 카라",,아니오,중간,아니오,,products.json
TIA-S927,,베이지 카라 베스트 시퀸 투피스,베이지 카라 베스트 시퀸 투피스,TWO PIECE,투피스,,카라,,,,,베이지,"베이지, 투피스, 카라",,아니오,중간,아니오,,products.json
TIA-S928,,체인 프린트 나시탑 세트,체인 프린트 나시탑 세트,TWO PIECE,투피스,,,,체인,,,아이보리,"아이보리, 투피스, 체인",,아니오,중간,아니오,,products.json
TIA-S929,,체인 프린트 나시탑 세트,체인 프린트 나시탑 세트,TWO PIECE,투피스,,,,체인,,,블랙/베이지,"블랙/베이지, 투피스, 체인",,아니오,중간,아니오,,products.json
TIA-S930,,도트 프린트 나시탑 세트,도트 프린트 나시탑 세트,TWO PIECE,투피스,,,,,,,소라,"소라, 투피스",,아니오,중간,아니오,,products.json
TIA-S931,,리본 플레어 미니원피스,리본 플레어 미니원피스,MINI,원피스,미니,,플레어 / 슬림핏,리본,,,아이보리,"아이보리, 원피스, 미니, 플레어, 슬림핏, 리본",,아니오,높음,아니오,,products.json
TIA-S932,,리본 플레어 미니원피스,리본 플레어 미니원피스,MINI,원피스,미니,,플레어 / 슬림핏,리본,,,옐로우,"옐로우, 원피스, 미니, 플레어, 슬림핏, 리본",,아니오,높음,아니오,,products.json
TIA-S933,,리본 플레어 미니원피스,리본 플레어 미니원피스,MINI,원피스,미니,,플레어 / 슬림핏,리본,,,소라,"소라, 원피스, 미니, 플레어, 슬림핏, 리본",,아니오,높음,아니오,,products.json
TIA-S934,,리본 플레어 미니원피스,리본 플레어 미니원피스,MINI,원피스,미니,,플레어 / 슬림핏,리본,,,블랙,"블랙, 원피스, 미니, 플레어, 슬림핏, 리본",,아니오,높음,아니오,,products.json
TIA-S935,,드레이프 오프숄더 미디원피스,드레이프 오프숄더 미디원피스,MIDI,원피스,미디,오프숄더,슬림핏,,,,아이보리,"아이보리, 원피스, 미디, 오프숄더, 슬림핏",,아니오,높음,아니오,,products.json
TIA-S936,,드레이프 오프숄더 미디원피스,드레이프 오프숄더 미디원피스,MIDI,원피스,미디,오프숄더,슬림핏,,,,라벤더,"라벤더, 원피스, 미디, 오프숄더, 슬림핏",,아니오,높음,아니오,,products.json
TIA-S937,,드레이프 오프숄더 미디원피스,드레이프 오프숄더 미디원피스,MIDI,원피스,미디,오프숄더,슬림핏,,,,블랙,"블랙, 원피스, 미디, 오프숄더, 슬림핏",,아니오,높음,아니오,,products.json
TIA-S938,,브라운 셔링 홀터 미니원피스,브라운 셔링 홀터 미니원피스,MINI,원피스,미니,홀터넥,슬림핏,셔링,,,브라운,"브라운, 원피스, 미니, 홀터넥, 슬림핏, 셔링",,아니오,높음,아니오,,products.json
YES-S826,예스,타이셔츠 체크 투피스,타이셔츠 체크 투피스,TWO PIECE,투피스,,,,,,,아이,"아이, 투피스",,아니오,중간,아니오,,products.json
YES-S827,예스,타이셔츠 체크 투피스,타이셔츠 체크 투피스,TWO PIECE,투피스,,,,,,,핑크,"핑크, 투피스",,아니오,중간,아니오,,products.json
YES-S828,예스,새틴셔링 슬림 원피스,새틴셔링 슬림 원피스,MINI,원피스,미니,,슬림핏,셔링,새틴,,핑크,"핑크, 원피스, 미니, 슬림핏, 셔링, 새틴",,아니오,높음,아니오,,products.json
YES-S829,예스,새틴셔링 슬림 원피스,새틴셔링 슬림 원피스,MINI,원피스,미니,,슬림핏,셔링,새틴,,소라,"소라, 원피스, 미니, 슬림핏, 셔링, 새틴",,아니오,높음,아니오,,products.json
YES-S853,예스,프릴플레어 미니투피스,프릴플레어 미니투피스,TWO PIECE,투피스,미니,,플레어,프릴,,,블랙,"블랙, 투피스, 미니, 플레어, 프릴",,아니오,높음,아니오,,products.json
YES-S854,예스,프릴플레어 미니투피스,프릴플레어 미니투피스,TWO PIECE,투피스,미니,,플레어,프릴,,,브라운,"브라운, 투피스, 미니, 플레어, 프릴",,아니오,높음,아니오,,products.json
