code,upload_status,showroom_ready,product_name,source_folder,reference_images,output_main_image,output_detail_image,prompt
HH-001,HOLD_DO_NOT_UPLOAD,NO,구찌top 민트,C:\Users\UserK\Documents\GitHub\sunny2026ss\source\highheel\하이힐\구찌top 민트,C:\Users\UserK\Documents\GitHub\sunny2026ss\source\highheel\하이힐\구찌top 민트\구찌top 민트11.jpg | C:\Users\UserK\Documents\GitHub\sunny2026ss\source\highheel\하이힐\구찌top 민트\구찌top 민트09.jpg | C:\Users\UserK\Documents\GitHub\sunny2026ss\source\highheel\하이힐\구찌top 민트\구찌top 민트10.jpg,C:\Users\UserK\Documents\GitHub\sunny2026ss\outputs\highheel_ai_model\HH-001_구찌top 민트_main.png,C:\Users\UserK\Documents\GitHub\sunny2026ss\outputs\highheel_ai_model\HH-001_구찌top 민트_detail.png,"Use case: product-mockup
Asset type: main product image for NICE Showroom upload
Primary request: Create a new original catalog photo of the fixed fictional AI model wearing this product. Use the source images only to understand garment color, silhouette, fabric, and key details; do not copy the original model, face, pose, room, mirror selfie, background, crop, or competitor styling.
Fixed model: use the same original adult Korean female AI model as ai_model_reference_v2_showroom-bg.png: shoulder-length dark brown soft-wave hair, elegant natural face, realistic slim proportions, calm boutique expression.
Product: 구찌top 민트, top or coordinated top look, cool pastel colorway.
Styling rule: keep the actual product's color, silhouette, fabric, and signature details accurate, but freely choose tasteful coordinating bottoms, shoes, and minimal accessories when they are not the core product. Remove or replace outerwear, cardigans, bags, jeans, jewelry, and original styling items unless they are clearly part of the product being sold. The final styling should make the main product easier to see than in the source photo.
Scene/backdrop: tasteful warm ivory Korean boutique showroom studio, softly blurred neutral clothing rack or curved wall detail in the distance, pale matte floor, subtle depth, clean negative space, no readable signs.
Style/medium: photorealistic premium Korean online boutique catalog photography.
Composition/framing: vertical 4:5 full-body or knee-up crop depending on product length, front 3/4 pose, garment clearly visible, no phone, no mirror.
Lighting/mood: soft diffused commercial studio lighting, accurate fabric texture, natural skin tone.
Constraints: original generated image only, no watermark, no text, no logos, no brand symbols, no exact copy of competitor photo, no extra people, no distorted hands.
Avoid: revealing or lingerie styling, celebrity resemblance, dramatic editorial scene, cluttered room, selfie angle."
HH-002,HOLD_DO_NOT_UPLOAD,NO,델핀bl 2,C:\Users\UserK\Documents\GitHub\sunny2026ss\source\highheel\하이힐\델핀bl 2,C:\Users\UserK\Documents\GitHub\sunny2026ss\source\highheel\하이힐\델핀bl 2\델핀bl 206.jpg | C:\Users\UserK\Documents\GitHub\sunny2026ss\source\highheel\하이힐\델핀bl 2\델핀bl 207.jpg | C:\Users\UserK\Documents\GitHub\sunny2026ss\source\highheel\하이힐\델핀bl 2\델핀bl 204.jpg,C:\Users\UserK\Documents\GitHub\sunny2026ss\outputs\highheel_ai_model\HH-002_델핀bl 2_main.png,C:\Users\UserK\Documents\GitHub\sunny2026ss\outputs\highheel_ai_model\HH-002_델핀bl 2_detail.png,"Use case: product-mockup
Asset type: main product image for NICE Showroom upload
Primary request: Create a new original catalog photo of the fixed fictional AI model wearing this product. Use the source images only to understand garment color, silhouette, fabric, and key details; do not copy the original model, face, pose, room, mirror selfie, background, crop, or competitor styling.
Fixed model: use the same original adult Korean female AI model as ai_model_reference_v2_showroom-bg.png: shoulder-length dark brown soft-wave hair, elegant natural face, realistic slim proportions, calm boutique expression.
Product: 델핀bl 2, blouse or coordinated blouse look, follow the reference garment silhouette, color, and fabric details.
Styling rule: keep the actual product's color, silhouette, fabric, and signature details accurate, but freely choose tasteful coordinating bottoms, shoes, and minimal accessories when they are not the core product. Remove or replace outerwear, cardigans, bags, jeans, jewelry, and original styling items unless they are clearly part of the product being sold. The final styling should make the main product easier to see than in the source photo.
Scene/backdrop: tasteful warm ivory Korean boutique showroom studio, softly blurred neutral clothing rack or curved wall detail in the distance, pale matte floor, subtle depth, clean negative space, no readable signs.
Style/medium: photorealistic premium Korean online boutique catalog photography.
Composition/framing: vertical 4:5 full-body or knee-up crop depending on product length, front 3/4 pose, garment clearly visible, no phone, no mirror.
Lighting/mood: soft diffused commercial studio lighting, accurate fabric texture, natural skin tone.
Constraints: original generated image only, no watermark, no text, no logos, no brand symbols, no exact copy of competitor photo, no extra people, no distorted hands.
Avoid: revealing or lingerie styling, celebrity resemblance, dramatic editorial scene, cluttered room, selfie angle."
HH-003,HOLD_DO_NOT_UPLOAD,NO,델핀bl W,C:\Users\UserK\Documents\GitHub\sunny2026ss\source\highheel\하이힐\델핀bl W,C:\Users\UserK\Documents\GitHub\sunny2026ss\source\highheel\하이힐\델핀bl W\델핀bl W10.jpg | C:\Users\UserK\Documents\GitHub\sunny2026ss\source\highheel\하이힐\델핀bl W\델핀bl W04.jpg | C:\Users\UserK\Documents\GitHub\sunny2026ss\source\highheel\하이힐\델핀bl W\델핀bl W07.jpg,C:\Users\UserK\Documents\GitHub\sunny2026ss\outputs\highheel_ai_model\HH-003_델핀bl W_main.png,C:\Users\UserK\Documents\GitHub\sunny2026ss\outputs\highheel_ai_model\HH-003_델핀bl W_detail.png,"Use case: product-mockup
Asset type: main product image for NICE Showroom upload
Primary request: Create a new original catalog photo of the fixed fictional AI model wearing this product. Use the source images only to understand garment color, silhouette, fabric, and key details; do not copy the original model, face, pose, room, mirror selfie, background, crop, or competitor styling.
Fixed model: use the same original adult Korean female AI model as ai_model_reference_v2_showroom-bg.png: shoulder-length dark brown soft-wave hair, elegant natural face, realistic slim proportions, calm boutique expression.
Product: 델핀bl W, blouse or coordinated blouse look, white or ivory colorway.
Styling rule: keep the actual product's color, silhouette, fabric, and signature details accurate, but freely choose tasteful coordinating bottoms, shoes, and minimal accessories when they are not the core product. Remove or replace outerwear, cardigans, bags, jeans, jewelry, and original styling items unless they are clearly part of the product being sold. The final styling should make the main product easier to see than in the source photo.
Scene/backdrop: tasteful warm ivory Korean boutique showroom studio, softly blurred neutral clothing rack or curved wall detail in the distance, pale matte floor, subtle depth, clean negative space, no readable signs.
Style/medium: photorealistic premium Korean online boutique catalog photography.
Composition/framing: vertical 4:5 full-body or knee-up crop depending on product length, front 3/4 pose, garment clearly visible, no phone, no mirror.
Lighting/mood: soft diffused commercial studio lighting, accurate fabric texture, natural skin tone.
Constraints: original generated image only, no watermark, no text, no logos, no brand symbols, no exact copy of competitor photo, no extra people, no distorted hands.
Avoid: revealing or lingerie styling, celebrity resemblance, dramatic editorial scene, cluttered room, selfie angle."
HH-004,HOLD_DO_NOT_UPLOAD,NO,델핀bl 블랙,C:\Users\UserK\Documents\GitHub\sunny2026ss\source\highheel\하이힐\델핀bl 블랙,C:\Users\UserK\Documents\GitHub\sunny2026ss\source\highheel\하이힐\델핀bl 블랙\델핀bl 블랙6.jpg | C:\Users\UserK\Documents\GitHub\sunny2026ss\source\highheel\하이힐\델핀bl 블랙\델핀bl 블랙5.jpg | C:\Users\UserK\Documents\GitHub\sunny2026ss\source\highheel\하이힐\델핀bl 블랙\델핀bl 블랙3.jpg,C:\Users\UserK\Documents\GitHub\sunny2026ss\outputs\highheel_ai_model\HH-004_델핀bl 블랙_main.png,C:\Users\UserK\Documents\GitHub\sunny2026ss\outputs\highheel_ai_model\HH-004_델핀bl 블랙_detail.png,"Use case: product-mockup
Asset type: main product image for NICE Showroom upload
Primary request: Create a new original catalog photo of the fixed fictional AI model wearing this product. Use the source images only to understand garment color, silhouette, fabric, and key details; do not copy the original model, face, pose, room, mirror selfie, background, crop, or competitor styling.
Fixed model: use the same original adult Korean female AI model as ai_model_reference_v2_showroom-bg.png: shoulder-length dark brown soft-wave hair, elegant natural face, realistic slim proportions, calm boutique expression.
Product: 델핀bl 블랙, blouse or coordinated blouse look, black colorway.
Styling rule: keep the actual product's color, silhouette, fabric, and signature details accurate, but freely choose tasteful coordinating bottoms, shoes, and minimal accessories when they are not the core product. Remove or replace outerwear, cardigans, bags, jeans, jewelry, and original styling items unless they are clearly part of the product being sold. The final styling should make the main product easier to see than in the source photo.
Scene/backdrop: tasteful warm ivory Korean boutique showroom studio, softly blurred neutral clothing rack or curved wall detail in the distance, pale matte floor, subtle depth, clean negative space, no readable signs.
Style/medium: photorealistic premium Korean online boutique catalog photography.
Composition/framing: vertical 4:5 full-body or knee-up crop depending on product length, front 3/4 pose, garment clearly visible, no phone, no mirror.
Lighting/mood: soft diffused commercial studio lighting, accurate fabric texture, natural skin tone.
Constraints: original generated image only, no watermark, no text, no logos, no brand symbols, no exact copy of competitor photo, no extra people, no distorted hands.
Avoid: revealing or lingerie styling, celebrity resemblance, dramatic editorial scene, cluttered room, selfie angle."
HH-005,HOLD_DO_NOT_UPLOAD,NO,레니리본bl,C:\Users\UserK\Documents\GitHub\sunny2026ss\source\highheel\하이힐\레니리본bl,C:\Users\UserK\Documents\GitHub\sunny2026ss\source\highheel\하이힐\레니리본bl\레니리본bl10.jpg | C:\Users\UserK\Documents\GitHub\sunny2026ss\source\highheel\하이힐\레니리본bl\레니리본bl09.jpg | C:\Users\UserK\Documents\GitHub\sunny2026ss\source\highheel\하이힐\레니리본bl\레니리본bl04.jpg,C:\Users\UserK\Documents\GitHub\sunny2026ss\outputs\highheel_ai_model\HH-005_레니리본bl_main.png,C:\Users\UserK\Documents\GitHub\sunny2026ss\outputs\highheel_ai_model\HH-005_레니리본bl_detail.png,"Use case: product-mockup
Asset type: main product image for NICE Showroom upload
Primary request: Create a new original catalog photo of the fixed fictional AI model wearing this product. Use the source images only to understand garment color, silhouette, fabric, and key details; do not copy the original model, face, pose, room, mirror selfie, background, crop, or competitor styling.
Fixed model: use the same original adult Korean female AI model as ai_model_reference_v2_showroom-bg.png: shoulder-length dark brown soft-wave hair, elegant natural face, realistic slim proportions, calm boutique expression.
Product: 레니리본bl, blouse or coordinated blouse look, ribbon detail.
Styling rule: keep the actual product's color, silhouette, fabric, and signature details accurate, but freely choose tasteful coordinating bottoms, shoes, and minimal accessories when they are not the core product. Remove or replace outerwear, cardigans, bags, jeans, jewelry, and original styling items unless they are clearly part of the product being sold. The final styling should make the main product easier to see than in the source photo.
Scene/backdrop: tasteful warm ivory Korean boutique showroom studio, softly blurred neutral clothing rack or curved wall detail in the distance, pale matte floor, subtle depth, clean negative space, no readable signs.
Style/medium: photorealistic premium Korean online boutique catalog photography.
Composition/framing: vertical 4:5 full-body or knee-up crop depending on product length, front 3/4 pose, garment clearly visible, no phone, no mirror.
Lighting/mood: soft diffused commercial studio lighting, accurate fabric texture, natural skin tone.
Constraints: original generated image only, no watermark, no text, no logos, no brand symbols, no exact copy of competitor photo, no extra people, no distorted hands.
Avoid: revealing or lingerie styling, celebrity resemblance, dramatic editorial scene, cluttered room, selfie angle."
HH-006,HOLD_DO_NOT_UPLOAD,NO,레오파드top 블랙,C:\Users\UserK\Documents\GitHub\sunny2026ss\source\highheel\하이힐\레오파드top 블랙,C:\Users\UserK\Documents\GitHub\sunny2026ss\source\highheel\하이힐\레오파드top 블랙\레오파드top 블랙21.jpg | C:\Users\UserK\Documents\GitHub\sunny2026ss\source\highheel\하이힐\레오파드top 블랙\레오파드top 블랙11.jpg | C:\Users\UserK\Documents\GitHub\sunny2026ss\source\highheel\하이힐\레오파드top 블랙\레오파드top 블랙12.jpg,C:\Users\UserK\Documents\GitHub\sunny2026ss\outputs\highheel_ai_model\HH-006_레오파드top 블랙_main.png,C:\Users\UserK\Documents\GitHub\sunny2026ss\outputs\highheel_ai_model\HH-006_레오파드top 블랙_detail.png,"Use case: product-mockup
Asset type: main product image for NICE Showroom upload
Primary request: Create a new original catalog photo of the fixed fictional AI model wearing this product. Use the source images only to understand garment color, silhouette, fabric, and key details; do not copy the original model, face, pose, room, mirror selfie, background, crop, or competitor styling.
Fixed model: use the same original adult Korean female AI model as ai_model_reference_v2_showroom-bg.png: shoulder-length dark brown soft-wave hair, elegant natural face, realistic slim proportions, calm boutique expression.
Product: 레오파드top 블랙, top or coordinated top look, black colorway, leopard pattern.
Styling rule: keep the actual product's color, silhouette, fabric, and signature details accurate, but freely choose tasteful coordinating bottoms, shoes, and minimal accessories when they are not the core product. Remove or replace outerwear, cardigans, bags, jeans, jewelry, and original styling items unless they are clearly part of the product being sold. The final styling should make the main product easier to see than in the source photo.
Scene/backdrop: tasteful warm ivory Korean boutique showroom studio, softly blurred neutral clothing rack or curved wall detail in the distance, pale matte floor, subtle depth, clean negative space, no readable signs.
Style/medium: photorealistic premium Korean online boutique catalog photography.
Composition/framing: vertical 4:5 full-body or knee-up crop depending on product length, front 3/4 pose, garment clearly visible, no phone, no mirror.
Lighting/mood: soft diffused commercial studio lighting, accurate fabric texture, natural skin tone.
Constraints: original generated image only, no watermark, no text, no logos, no brand symbols, no exact copy of competitor photo, no extra people, no distorted hands.
Avoid: revealing or lingerie styling, celebrity resemblance, dramatic editorial scene, cluttered room, selfie angle."
HH-007,HOLD_DO_NOT_UPLOAD,NO,레이스top,C:\Users\UserK\Documents\GitHub\sunny2026ss\source\highheel\하이힐\레이스top,C:\Users\UserK\Documents\GitHub\sunny2026ss\source\highheel\하이힐\레이스top\레이스top16.jpg | C:\Users\UserK\Documents\GitHub\sunny2026ss\source\highheel\하이힐\레이스top\레이스top15.jpg | C:\Users\UserK\Documents\GitHub\sunny2026ss\source\highheel\하이힐\레이스top\레이스top10.jpg,C:\Users\UserK\Documents\GitHub\sunny2026ss\outputs\highheel_ai_model\HH-007_레이스top_main.png,C:\Users\UserK\Documents\GitHub\sunny2026ss\outputs\highheel_ai_model\HH-007_레이스top_detail.png,"Use case: product-mockup
Asset type: main product image for NICE Showroom upload
Primary request: Create a new original catalog photo of the fixed fictional AI model wearing this product. Use the source images only to understand garment color, silhouette, fabric, and key details; do not copy the original model, face, pose, room, mirror selfie, background, crop, or competitor styling.
Fixed model: use the same original adult Korean female AI model as ai_model_reference_v2_showroom-bg.png: shoulder-length dark brown soft-wave hair, elegant natural face, realistic slim proportions, calm boutique expression.
Product: 레이스top, top or coordinated top look, lace texture.
Styling rule: keep the actual product's color, silhouette, fabric, and signature details accurate, but freely choose tasteful coordinating bottoms, shoes, and minimal accessories when they are not the core product. Remove or replace outerwear, cardigans, bags, jeans, jewelry, and original styling items unless they are clearly part of the product being sold. The final styling should make the main product easier to see than in the source photo.
Scene/backdrop: tasteful warm ivory Korean boutique showroom studio, softly blurred neutral clothing rack or curved wall detail in the distance, pale matte floor, subtle depth, clean negative space, no readable signs.
Style/medium: photorealistic premium Korean online boutique catalog photography.
Composition/framing: vertical 4:5 full-body or knee-up crop depending on product length, front 3/4 pose, garment clearly visible, no phone, no mirror.
Lighting/mood: soft diffused commercial studio lighting, accurate fabric texture, natural skin tone.
Constraints: original generated image only, no watermark, no text, no logos, no brand symbols, no exact copy of competitor photo, no extra people, no distorted hands.
Avoid: revealing or lingerie styling, celebrity resemblance, dramatic editorial scene, cluttered room, selfie angle."
HH-008,HOLD_DO_NOT_UPLOAD,NO,로사bl,C:\Users\UserK\Documents\GitHub\sunny2026ss\source\highheel\하이힐\로사bl,C:\Users\UserK\Documents\GitHub\sunny2026ss\source\highheel\하이힐\로사bl\로사bl06 (1).jpg | C:\Users\UserK\Documents\GitHub\sunny2026ss\source\highheel\하이힐\로사bl\로사bl09.jpg | C:\Users\UserK\Documents\GitHub\sunny2026ss\source\highheel\하이힐\로사bl\로사bl05 (1).jpg,C:\Users\UserK\Documents\GitHub\sunny2026ss\outputs\highheel_ai_model\HH-008_로사bl_main.png,C:\Users\UserK\Documents\GitHub\sunny2026ss\outputs\highheel_ai_model\HH-008_로사bl_detail.png,"Use case: product-mockup
Asset type: main product image for NICE Showroom upload
Primary request: Create a new original catalog photo of the fixed fictional AI model wearing this product. Use the source images only to understand garment color, silhouette, fabric, and key details; do not copy the original model, face, pose, room, mirror selfie, background, crop, or competitor styling.
Fixed model: use the same original adult Korean female AI model as ai_model_reference_v2_showroom-bg.png: shoulder-length dark brown soft-wave hair, elegant natural face, realistic slim proportions, calm boutique expression.
Product: 로사bl, blouse or coordinated blouse look, follow the reference garment silhouette, color, and fabric details.
Styling rule: keep the actual product's color, silhouette, fabric, and signature details accurate, but freely choose tasteful coordinating bottoms, shoes, and minimal accessories when they are not the core product. Remove or replace outerwear, cardigans, bags, jeans, jewelry, and original styling items unless they are clearly part of the product being sold. The final styling should make the main product easier to see than in the source photo.
Scene/backdrop: tasteful warm ivory Korean boutique showroom studio, softly blurred neutral clothing rack or curved wall detail in the distance, pale matte floor, subtle depth, clean negative space, no readable signs.
Style/medium: photorealistic premium Korean online boutique catalog photography.
Composition/framing: vertical 4:5 full-body or knee-up crop depending on product length, front 3/4 pose, garment clearly visible, no phone, no mirror.
Lighting/mood: soft diffused commercial studio lighting, accurate fabric texture, natural skin tone.
Constraints: original generated image only, no watermark, no text, no logos, no brand symbols, no exact copy of competitor photo, no extra people, no distorted hands.
Avoid: revealing or lingerie styling, celebrity resemblance, dramatic editorial scene, cluttered room, selfie angle."
HH-009,HOLD_DO_NOT_UPLOAD,NO,로에베opsB,C:\Users\UserK\Documents\GitHub\sunny2026ss\source\highheel\하이힐\로에베opsB,C:\Users\UserK\Documents\GitHub\sunny2026ss\source\highheel\하이힐\로에베opsB\로에베opsB05.jpg | C:\Users\UserK\Documents\GitHub\sunny2026ss\source\highheel\하이힐\로에베opsB\로에베opsB07.jpg | C:\Users\UserK\Documents\GitHub\sunny2026ss\source\highheel\하이힐\로에베opsB\로에베opsB01.jpg,C:\Users\UserK\Documents\GitHub\sunny2026ss\outputs\highheel_ai_model\HH-009_로에베opsB_main.png,C:\Users\UserK\Documents\GitHub\sunny2026ss\outputs\highheel_ai_model\HH-009_로에베opsB_detail.png,"Use case: product-mockup
Asset type: main product image for NICE Showroom upload
Primary request: Create a new original catalog photo of the fixed fictional AI model wearing this product. Use the source images only to understand garment color, silhouette, fabric, and key details; do not copy the original model, face, pose, room, mirror selfie, background, crop, or competitor styling.
Fixed model: use the same original adult Korean female AI model as ai_model_reference_v2_showroom-bg.png: shoulder-length dark brown soft-wave hair, elegant natural face, realistic slim proportions, calm boutique expression.
Product: 로에베opsB, one-piece dress, black colorway.
Styling rule: keep the actual product's color, silhouette, fabric, and signature details accurate, but freely choose tasteful coordinating bottoms, shoes, and minimal accessories when they are not the core product. Remove or replace outerwear, cardigans, bags, jeans, jewelry, and original styling items unless they are clearly part of the product being sold. The final styling should make the main product easier to see than in the source photo.
Scene/backdrop: tasteful warm ivory Korean boutique showroom studio, softly blurred neutral clothing rack or curved wall detail in the distance, pale matte floor, subtle depth, clean negative space, no readable signs.
Style/medium: photorealistic premium Korean online boutique catalog photography.
Composition/framing: vertical 4:5 full-body or knee-up crop depending on product length, front 3/4 pose, garment clearly visible, no phone, no mirror.
Lighting/mood: soft diffused commercial studio lighting, accurate fabric texture, natural skin tone.
Constraints: original generated image only, no watermark, no text, no logos, no brand symbols, no exact copy of competitor photo, no extra people, no distorted hands.
Avoid: revealing or lingerie styling, celebrity resemblance, dramatic editorial scene, cluttered room, selfie angle."
HH-010,HOLD_DO_NOT_UPLOAD,NO,로에베opsW,C:\Users\UserK\Documents\GitHub\sunny2026ss\source\highheel\하이힐\로에베opsW,C:\Users\UserK\Documents\GitHub\sunny2026ss\source\highheel\하이힐\로에베opsW\로에베opsW07.jpg | C:\Users\UserK\Documents\GitHub\sunny2026ss\source\highheel\하이힐\로에베opsW\로에베opsW17.jpg | C:\Users\UserK\Documents\GitHub\sunny2026ss\source\highheel\하이힐\로에베opsW\로에베opsW05.jpg,C:\Users\UserK\Documents\GitHub\sunny2026ss\outputs\highheel_ai_model\HH-010_로에베opsW_main.png,C:\Users\UserK\Documents\GitHub\sunny2026ss\outputs\highheel_ai_model\HH-010_로에베opsW_detail.png,"Use case: product-mockup
Asset type: main product image for NICE Showroom upload
Primary request: Create a new original catalog photo of the fixed fictional AI model wearing this product. Use the source images only to understand garment color, silhouette, fabric, and key details; do not copy the original model, face, pose, room, mirror selfie, background, crop, or competitor styling.
Fixed model: use the same original adult Korean female AI model as ai_model_reference_v2_showroom-bg.png: shoulder-length dark brown soft-wave hair, elegant natural face, realistic slim proportions, calm boutique expression.
Product: 로에베opsW, one-piece dress, white or ivory colorway.
Styling rule: keep the actual product's color, silhouette, fabric, and signature details accurate, but freely choose tasteful coordinating bottoms, shoes, and minimal accessories when they are not the core product. Remove or replace outerwear, cardigans, bags, jeans, jewelry, and original styling items unless they are clearly part of the product being sold. The final styling should make the main product easier to see than in the source photo.
Scene/backdrop: tasteful warm ivory Korean boutique showroom studio, softly blurred neutral clothing rack or curved wall detail in the distance, pale matte floor, subtle depth, clean negative space, no readable signs.
Style/medium: photorealistic premium Korean online boutique catalog photography.
Composition/framing: vertical 4:5 full-body or knee-up crop depending on product length, front 3/4 pose, garment clearly visible, no phone, no mirror.
Lighting/mood: soft diffused commercial studio lighting, accurate fabric texture, natural skin tone.
Constraints: original generated image only, no watermark, no text, no logos, no brand symbols, no exact copy of competitor photo, no extra people, no distorted hands.
Avoid: revealing or lingerie styling, celebrity resemblance, dramatic editorial scene, cluttered room, selfie angle."
HH-011,HOLD_DO_NOT_UPLOAD,NO,로웬top 슬림sk,C:\Users\UserK\Documents\GitHub\sunny2026ss\source\highheel\하이힐\로웬top 슬림sk,C:\Users\UserK\Documents\GitHub\sunny2026ss\source\highheel\하이힐\로웬top 슬림sk\로웬top 슬림sk09.jpg | C:\Users\UserK\Documents\GitHub\sunny2026ss\source\highheel\하이힐\로웬top 슬림sk\로웬top 슬림sk11.jpg | C:\Users\UserK\Documents\GitHub\sunny2026ss\source\highheel\하이힐\로웬top 슬림sk\로웬top 슬림sk04.jpg,C:\Users\UserK\Documents\GitHub\sunny2026ss\outputs\highheel_ai_model\HH-011_로웬top 슬림sk_main.png,C:\Users\UserK\Documents\GitHub\sunny2026ss\outputs\highheel_ai_model\HH-011_로웬top 슬림sk_detail.png,"Use case: product-mockup
Asset type: main product image for NICE Showroom upload
Primary request: Create a new original catalog photo of the fixed fictional AI model wearing this product. Use the source images only to understand garment color, silhouette, fabric, and key details; do not copy the original model, face, pose, room, mirror selfie, background, crop, or competitor styling.
Fixed model: use the same original adult Korean female AI model as ai_model_reference_v2_showroom-bg.png: shoulder-length dark brown soft-wave hair, elegant natural face, realistic slim proportions, calm boutique expression.
Product: 로웬top 슬림sk, skirt or coordinated set with skirt, follow the reference garment silhouette, color, and fabric details.
Styling rule: keep the actual product's color, silhouette, fabric, and signature details accurate, but freely choose tasteful coordinating bottoms, shoes, and minimal accessories when they are not the core product. Remove or replace outerwear, cardigans, bags, jeans, jewelry, and original styling items unless they are clearly part of the product being sold. The final styling should make the main product easier to see than in the source photo.
Scene/backdrop: tasteful warm ivory Korean boutique showroom studio, softly blurred neutral clothing rack or curved wall detail in the distance, pale matte floor, subtle depth, clean negative space, no readable signs.
Style/medium: photorealistic premium Korean online boutique catalog photography.
Composition/framing: vertical 4:5 full-body or knee-up crop depending on product length, front 3/4 pose, garment clearly visible, no phone, no mirror.
Lighting/mood: soft diffused commercial studio lighting, accurate fabric texture, natural skin tone.
Constraints: original generated image only, no watermark, no text, no logos, no brand symbols, no exact copy of competitor photo, no extra people, no distorted hands.
Avoid: revealing or lingerie styling, celebrity resemblance, dramatic editorial scene, cluttered room, selfie angle."
HH-012,HOLD_DO_NOT_UPLOAD,NO,루시아ops,C:\Users\UserK\Documents\GitHub\sunny2026ss\source\highheel\하이힐\루시아ops,C:\Users\UserK\Documents\GitHub\sunny2026ss\source\highheel\하이힐\루시아ops\루시아ops07.jpg | C:\Users\UserK\Documents\GitHub\sunny2026ss\source\highheel\하이힐\루시아ops\루시아ops20.jpg | C:\Users\UserK\Documents\GitHub\sunny2026ss\source\highheel\하이힐\루시아ops\루시아ops18.jpg,C:\Users\UserK\Documents\GitHub\sunny2026ss\outputs\highheel_ai_model\HH-012_루시아ops_main.png,C:\Users\UserK\Documents\GitHub\sunny2026ss\outputs\highheel_ai_model\HH-012_루시아ops_detail.png,"Use case: product-mockup
Asset type: main product image for NICE Showroom upload
Primary request: Create a new original catalog photo of the fixed fictional AI model wearing this product. Use the source images only to understand garment color, silhouette, fabric, and key details; do not copy the original model, face, pose, room, mirror selfie, background, crop, or competitor styling.
Fixed model: use the same original adult Korean female AI model as ai_model_reference_v2_showroom-bg.png: shoulder-length dark brown soft-wave hair, elegant natural face, realistic slim proportions, calm boutique expression.
Product: 루시아ops, one-piece dress, follow the reference garment silhouette, color, and fabric details.
Styling rule: keep the actual product's color, silhouette, fabric, and signature details accurate, but freely choose tasteful coordinating bottoms, shoes, and minimal accessories when they are not the core product. Remove or replace outerwear, cardigans, bags, jeans, jewelry, and original styling items unless they are clearly part of the product being sold. The final styling should make the main product easier to see than in the source photo.
Scene/backdrop: tasteful warm ivory Korean boutique showroom studio, softly blurred neutral clothing rack or curved wall detail in the distance, pale matte floor, subtle depth, clean negative space, no readable signs.
Style/medium: photorealistic premium Korean online boutique catalog photography.
Composition/framing: vertical 4:5 full-body or knee-up crop depending on product length, front 3/4 pose, garment clearly visible, no phone, no mirror.
Lighting/mood: soft diffused commercial studio lighting, accurate fabric texture, natural skin tone.
Constraints: original generated image only, no watermark, no text, no logos, no brand symbols, no exact copy of competitor photo, no extra people, no distorted hands.
Avoid: revealing or lingerie styling, celebrity resemblance, dramatic editorial scene, cluttered room, selfie angle."
HH-013,HOLD_DO_NOT_UPLOAD,NO,르메르ops,C:\Users\UserK\Documents\GitHub\sunny2026ss\source\highheel\하이힐\르메르ops,C:\Users\UserK\Documents\GitHub\sunny2026ss\source\highheel\하이힐\르메르ops\르메르ops06 (1).jpg | C:\Users\UserK\Documents\GitHub\sunny2026ss\source\highheel\하이힐\르메르ops\르메르ops1.jpg | C:\Users\UserK\Documents\GitHub\sunny2026ss\source\highheel\하이힐\르메르ops\르메르ops10 (1).jpg,C:\Users\UserK\Documents\GitHub\sunny2026ss\outputs\highheel_ai_model\HH-013_르메르ops_main.png,C:\Users\UserK\Documents\GitHub\sunny2026ss\outputs\highheel_ai_model\HH-013_르메르ops_detail.png,"Use case: product-mockup
Asset type: main product image for NICE Showroom upload
Primary request: Create a new original catalog photo of the fixed fictional AI model wearing this product. Use the source images only to understand garment color, silhouette, fabric, and key details; do not copy the original model, face, pose, room, mirror selfie, background, crop, or competitor styling.
Fixed model: use the same original adult Korean female AI model as ai_model_reference_v2_showroom-bg.png: shoulder-length dark brown soft-wave hair, elegant natural face, realistic slim proportions, calm boutique expression.
Product: 르메르ops, one-piece dress, follow the reference garment silhouette, color, and fabric details.
Styling rule: keep the actual product's color, silhouette, fabric, and signature details accurate, but freely choose tasteful coordinating bottoms, shoes, and minimal accessories when they are not the core product. Remove or replace outerwear, cardigans, bags, jeans, jewelry, and original styling items unless they are clearly part of the product being sold. The final styling should make the main product easier to see than in the source photo.
Scene/backdrop: tasteful warm ivory Korean boutique showroom studio, softly blurred neutral clothing rack or curved wall detail in the distance, pale matte floor, subtle depth, clean negative space, no readable signs.
Style/medium: photorealistic premium Korean online boutique catalog photography.
Composition/framing: vertical 4:5 full-body or knee-up crop depending on product length, front 3/4 pose, garment clearly visible, no phone, no mirror.
Lighting/mood: soft diffused commercial studio lighting, accurate fabric texture, natural skin tone.
Constraints: original generated image only, no watermark, no text, no logos, no brand symbols, no exact copy of competitor photo, no extra people, no distorted hands.
Avoid: revealing or lingerie styling, celebrity resemblance, dramatic editorial scene, cluttered room, selfie angle."
HH-014,HOLD_DO_NOT_UPLOAD,NO,리엔ops,C:\Users\UserK\Documents\GitHub\sunny2026ss\source\highheel\하이힐\리엔ops,C:\Users\UserK\Documents\GitHub\sunny2026ss\source\highheel\하이힐\리엔ops\리엔ops05.jpg | C:\Users\UserK\Documents\GitHub\sunny2026ss\source\highheel\하이힐\리엔ops\리엔ops09.jpg | C:\Users\UserK\Documents\GitHub\sunny2026ss\source\highheel\하이힐\리엔ops\리엔ops10.jpg,C:\Users\UserK\Documents\GitHub\sunny2026ss\outputs\highheel_ai_model\HH-014_리엔ops_main.png,C:\Users\UserK\Documents\GitHub\sunny2026ss\outputs\highheel_ai_model\HH-014_리엔ops_detail.png,"Use case: product-mockup
Asset type: main product image for NICE Showroom upload
Primary request: Create a new original catalog photo of the fixed fictional AI model wearing this product. Use the source images only to understand garment color, silhouette, fabric, and key details; do not copy the original model, face, pose, room, mirror selfie, background, crop, or competitor styling.
Fixed model: use the same original adult Korean female AI model as ai_model_reference_v2_showroom-bg.png: shoulder-length dark brown soft-wave hair, elegant natural face, realistic slim proportions, calm boutique expression.
Product: 리엔ops, one-piece dress, follow the reference garment silhouette, color, and fabric details.
Styling rule: keep the actual product's color, silhouette, fabric, and signature details accurate, but freely choose tasteful coordinating bottoms, shoes, and minimal accessories when they are not the core product. Remove or replace outerwear, cardigans, bags, jeans, jewelry, and original styling items unless they are clearly part of the product being sold. The final styling should make the main product easier to see than in the source photo.
Scene/backdrop: tasteful warm ivory Korean boutique showroom studio, softly blurred neutral clothing rack or curved wall detail in the distance, pale matte floor, subtle depth, clean negative space, no readable signs.
Style/medium: photorealistic premium Korean online boutique catalog photography.
Composition/framing: vertical 4:5 full-body or knee-up crop depending on product length, front 3/4 pose, garment clearly visible, no phone, no mirror.
Lighting/mood: soft diffused commercial studio lighting, accurate fabric texture, natural skin tone.
Constraints: original generated image only, no watermark, no text, no logos, no brand symbols, no exact copy of competitor photo, no extra people, no distorted hands.
Avoid: revealing or lingerie styling, celebrity resemblance, dramatic editorial scene, cluttered room, selfie angle."
HH-015,HOLD_DO_NOT_UPLOAD,NO,릴리bl,C:\Users\UserK\Documents\GitHub\sunny2026ss\source\highheel\하이힐\릴리bl,C:\Users\UserK\Documents\GitHub\sunny2026ss\source\highheel\하이힐\릴리bl\img_l (41).jpg | C:\Users\UserK\Documents\GitHub\sunny2026ss\source\highheel\하이힐\릴리bl\img_l (50).jpg | C:\Users\UserK\Documents\GitHub\sunny2026ss\source\highheel\하이힐\릴리bl\img_l (43).jpg,C:\Users\UserK\Documents\GitHub\sunny2026ss\outputs\highheel_ai_model\HH-015_릴리bl_main.png,C:\Users\UserK\Documents\GitHub\sunny2026ss\outputs\highheel_ai_model\HH-015_릴리bl_detail.png,"Use case: product-mockup
Asset type: main product image for NICE Showroom upload
Primary request: Create a new original catalog photo of the fixed fictional AI model wearing this product. Use the source images only to understand garment color, silhouette, fabric, and key details; do not copy the original model, face, pose, room, mirror selfie, background, crop, or competitor styling.
Fixed model: use the same original adult Korean female AI model as ai_model_reference_v2_showroom-bg.png: shoulder-length dark brown soft-wave hair, elegant natural face, realistic slim proportions, calm boutique expression.
Product: 릴리bl, blouse or coordinated blouse look, follow the reference garment silhouette, color, and fabric details.
Styling rule: keep the actual product's color, silhouette, fabric, and signature details accurate, but freely choose tasteful coordinating bottoms, shoes, and minimal accessories when they are not the core product. Remove or replace outerwear, cardigans, bags, jeans, jewelry, and original styling items unless they are clearly part of the product being sold. The final styling should make the main product easier to see than in the source photo.
Scene/backdrop: tasteful warm ivory Korean boutique showroom studio, softly blurred neutral clothing rack or curved wall detail in the distance, pale matte floor, subtle depth, clean negative space, no readable signs.
Style/medium: photorealistic premium Korean online boutique catalog photography.
Composition/framing: vertical 4:5 full-body or knee-up crop depending on product length, front 3/4 pose, garment clearly visible, no phone, no mirror.
Lighting/mood: soft diffused commercial studio lighting, accurate fabric texture, natural skin tone.
Constraints: original generated image only, no watermark, no text, no logos, no brand symbols, no exact copy of competitor photo, no extra people, no distorted hands.
Avoid: revealing or lingerie styling, celebrity resemblance, dramatic editorial scene, cluttered room, selfie angle."
HH-016,HOLD_DO_NOT_UPLOAD,NO,릴리bl 나나sk,C:\Users\UserK\Documents\GitHub\sunny2026ss\source\highheel\하이힐\릴리bl 나나sk,C:\Users\UserK\Documents\GitHub\sunny2026ss\source\highheel\하이힐\릴리bl 나나sk\릴리bl 나나sk02.jpg | C:\Users\UserK\Documents\GitHub\sunny2026ss\source\highheel\하이힐\릴리bl 나나sk\릴리bl 나나sk05.jpg | C:\Users\UserK\Documents\GitHub\sunny2026ss\source\highheel\하이힐\릴리bl 나나sk\릴리bl 나나sk07.jpg,C:\Users\UserK\Documents\GitHub\sunny2026ss\outputs\highheel_ai_model\HH-016_릴리bl 나나sk_main.png,C:\Users\UserK\Documents\GitHub\sunny2026ss\outputs\highheel_ai_model\HH-016_릴리bl 나나sk_detail.png,"Use case: product-mockup
Asset type: main product image for NICE Showroom upload
Primary request: Create a new original catalog photo of the fixed fictional AI model wearing this product. Use the source images only to understand garment color, silhouette, fabric, and key details; do not copy the original model, face, pose, room, mirror selfie, background, crop, or competitor styling.
Fixed model: use the same original adult Korean female AI model as ai_model_reference_v2_showroom-bg.png: shoulder-length dark brown soft-wave hair, elegant natural face, realistic slim proportions, calm boutique expression.
Product: 릴리bl 나나sk, skirt or coordinated set with skirt, follow the reference garment silhouette, color, and fabric details.
Styling rule: keep the actual product's color, silhouette, fabric, and signature details accurate, but freely choose tasteful coordinating bottoms, shoes, and minimal accessories when they are not the core product. Remove or replace outerwear, cardigans, bags, jeans, jewelry, and original styling items unless they are clearly part of the product being sold. The final styling should make the main product easier to see than in the source photo.
Scene/backdrop: tasteful warm ivory Korean boutique showroom studio, softly blurred neutral clothing rack or curved wall detail in the distance, pale matte floor, subtle depth, clean negative space, no readable signs.
Style/medium: photorealistic premium Korean online boutique catalog photography.
Composition/framing: vertical 4:5 full-body or knee-up crop depending on product length, front 3/4 pose, garment clearly visible, no phone, no mirror.
Lighting/mood: soft diffused commercial studio lighting, accurate fabric texture, natural skin tone.
Constraints: original generated image only, no watermark, no text, no logos, no brand symbols, no exact copy of competitor photo, no extra people, no distorted hands.
Avoid: revealing or lingerie styling, celebrity resemblance, dramatic editorial scene, cluttered room, selfie angle."
HH-017,HOLD_DO_NOT_UPLOAD,NO,미우롱sk,C:\Users\UserK\Documents\GitHub\sunny2026ss\source\highheel\하이힐\미우롱sk,C:\Users\UserK\Documents\GitHub\sunny2026ss\source\highheel\하이힐\미우롱sk\미우롱sk10.jpg | C:\Users\UserK\Documents\GitHub\sunny2026ss\source\highheel\하이힐\미우롱sk\미우롱sk07.jpg | C:\Users\UserK\Documents\GitHub\sunny2026ss\source\highheel\하이힐\미우롱sk\미우롱sk12.jpg,C:\Users\UserK\Documents\GitHub\sunny2026ss\outputs\highheel_ai_model\HH-017_미우롱sk_main.png,C:\Users\UserK\Documents\GitHub\sunny2026ss\outputs\highheel_ai_model\HH-017_미우롱sk_detail.png,"Use case: product-mockup
Asset type: main product image for NICE Showroom upload
Primary request: Create a new original catalog photo of the fixed fictional AI model wearing this product. Use the source images only to understand garment color, silhouette, fabric, and key details; do not copy the original model, face, pose, room, mirror selfie, background, crop, or competitor styling.
Fixed model: use the same original adult Korean female AI model as ai_model_reference_v2_showroom-bg.png: shoulder-length dark brown soft-wave hair, elegant natural face, realistic slim proportions, calm boutique expression.
Product: 미우롱sk, skirt or coordinated set with skirt, follow the reference garment silhouette, color, and fabric details.
Styling rule: keep the actual product's color, silhouette, fabric, and signature details accurate, but freely choose tasteful coordinating bottoms, shoes, and minimal accessories when they are not the core product. Remove or replace outerwear, cardigans, bags, jeans, jewelry, and original styling items unless they are clearly part of the product being sold. The final styling should make the main product easier to see than in the source photo.
Scene/backdrop: tasteful warm ivory Korean boutique showroom studio, softly blurred neutral clothing rack or curved wall detail in the distance, pale matte floor, subtle depth, clean negative space, no readable signs.
Style/medium: photorealistic premium Korean online boutique catalog photography.
Composition/framing: vertical 4:5 full-body or knee-up crop depending on product length, front 3/4 pose, garment clearly visible, no phone, no mirror.
Lighting/mood: soft diffused commercial studio lighting, accurate fabric texture, natural skin tone.
Constraints: original generated image only, no watermark, no text, no logos, no brand symbols, no exact copy of competitor photo, no extra people, no distorted hands.
Avoid: revealing or lingerie styling, celebrity resemblance, dramatic editorial scene, cluttered room, selfie angle."
HH-018,HOLD_DO_NOT_UPLOAD,NO,발렌티노ops,C:\Users\UserK\Documents\GitHub\sunny2026ss\source\highheel\하이힐\발렌티노ops,C:\Users\UserK\Documents\GitHub\sunny2026ss\source\highheel\하이힐\발렌티노ops\img_l (31).jpg | C:\Users\UserK\Documents\GitHub\sunny2026ss\source\highheel\하이힐\발렌티노ops\img_l (28).jpg | C:\Users\UserK\Documents\GitHub\sunny2026ss\source\highheel\하이힐\발렌티노ops\img_l (15).jpg,C:\Users\UserK\Documents\GitHub\sunny2026ss\outputs\highheel_ai_model\HH-018_발렌티노ops_main.png,C:\Users\UserK\Documents\GitHub\sunny2026ss\outputs\highheel_ai_model\HH-018_발렌티노ops_detail.png,"Use case: product-mockup
Asset type: main product image for NICE Showroom upload
Primary request: Create a new original catalog photo of the fixed fictional AI model wearing this product. Use the source images only to understand garment color, silhouette, fabric, and key details; do not copy the original model, face, pose, room, mirror selfie, background, crop, or competitor styling.
Fixed model: use the same original adult Korean female AI model as ai_model_reference_v2_showroom-bg.png: shoulder-length dark brown soft-wave hair, elegant natural face, realistic slim proportions, calm boutique expression.
Product: 발렌티노ops, one-piece dress, follow the reference garment silhouette, color, and fabric details.
Styling rule: keep the actual product's color, silhouette, fabric, and signature details accurate, but freely choose tasteful coordinating bottoms, shoes, and minimal accessories when they are not the core product. Remove or replace outerwear, cardigans, bags, jeans, jewelry, and original styling items unless they are clearly part of the product being sold. The final styling should make the main product easier to see than in the source photo.
Scene/backdrop: tasteful warm ivory Korean boutique showroom studio, softly blurred neutral clothing rack or curved wall detail in the distance, pale matte floor, subtle depth, clean negative space, no readable signs.
Style/medium: photorealistic premium Korean online boutique catalog photography.
Composition/framing: vertical 4:5 full-body or knee-up crop depending on product length, front 3/4 pose, garment clearly visible, no phone, no mirror.
Lighting/mood: soft diffused commercial studio lighting, accurate fabric texture, natural skin tone.
Constraints: original generated image only, no watermark, no text, no logos, no brand symbols, no exact copy of competitor photo, no extra people, no distorted hands.
Avoid: revealing or lingerie styling, celebrity resemblance, dramatic editorial scene, cluttered room, selfie angle."
HH-019,HOLD_DO_NOT_UPLOAD,NO,발렌티노ops 2,C:\Users\UserK\Documents\GitHub\sunny2026ss\source\highheel\하이힐\발렌티노ops 2,C:\Users\UserK\Documents\GitHub\sunny2026ss\source\highheel\하이힐\발렌티노ops 2\발렌티노ops 210.jpg | C:\Users\UserK\Documents\GitHub\sunny2026ss\source\highheel\하이힐\발렌티노ops 2\발렌티노ops 207.jpg | C:\Users\UserK\Documents\GitHub\sunny2026ss\source\highheel\하이힐\발렌티노ops 2\발렌티노ops 206.jpg,C:\Users\UserK\Documents\GitHub\sunny2026ss\outputs\highheel_ai_model\HH-019_발렌티노ops 2_main.png,C:\Users\UserK\Documents\GitHub\sunny2026ss\outputs\highheel_ai_model\HH-019_발렌티노ops 2_detail.png,"Use case: product-mockup
Asset type: main product image for NICE Showroom upload
Primary request: Create a new original catalog photo of the fixed fictional AI model wearing this product. Use the source images only to understand garment color, silhouette, fabric, and key details; do not copy the original model, face, pose, room, mirror selfie, background, crop, or competitor styling.
Fixed model: use the same original adult Korean female AI model as ai_model_reference_v2_showroom-bg.png: shoulder-length dark brown soft-wave hair, elegant natural face, realistic slim proportions, calm boutique expression.
Product: 발렌티노ops 2, one-piece dress, follow the reference garment silhouette, color, and fabric details.
Styling rule: keep the actual product's color, silhouette, fabric, and signature details accurate, but freely choose tasteful coordinating bottoms, shoes, and minimal accessories when they are not the core product. Remove or replace outerwear, cardigans, bags, jeans, jewelry, and original styling items unless they are clearly part of the product being sold. The final styling should make the main product easier to see than in the source photo.
Scene/backdrop: tasteful warm ivory Korean boutique showroom studio, softly blurred neutral clothing rack or curved wall detail in the distance, pale matte floor, subtle depth, clean negative space, no readable signs.
Style/medium: photorealistic premium Korean online boutique catalog photography.
Composition/framing: vertical 4:5 full-body or knee-up crop depending on product length, front 3/4 pose, garment clearly visible, no phone, no mirror.
Lighting/mood: soft diffused commercial studio lighting, accurate fabric texture, natural skin tone.
Constraints: original generated image only, no watermark, no text, no logos, no brand symbols, no exact copy of competitor photo, no extra people, no distorted hands.
Avoid: revealing or lingerie styling, celebrity resemblance, dramatic editorial scene, cluttered room, selfie angle."
HH-020,HOLD_DO_NOT_UPLOAD,NO,발렌티노ops 3,C:\Users\UserK\Documents\GitHub\sunny2026ss\source\highheel\하이힐\발렌티노ops 3,C:\Users\UserK\Documents\GitHub\sunny2026ss\source\highheel\하이힐\발렌티노ops 3\발렌티노ops 320.jpg | C:\Users\UserK\Documents\GitHub\sunny2026ss\source\highheel\하이힐\발렌티노ops 3\발렌티노ops 317.jpg | C:\Users\UserK\Documents\GitHub\sunny2026ss\source\highheel\하이힐\발렌티노ops 3\발렌티노ops 319.jpg,C:\Users\UserK\Documents\GitHub\sunny2026ss\outputs\highheel_ai_model\HH-020_발렌티노ops 3_main.png,C:\Users\UserK\Documents\GitHub\sunny2026ss\outputs\highheel_ai_model\HH-020_발렌티노ops 3_detail.png,"Use case: product-mockup
Asset type: main product image for NICE Showroom upload
Primary request: Create a new original catalog photo of the fixed fictional AI model wearing this product. Use the source images only to understand garment color, silhouette, fabric, and key details; do not copy the original model, face, pose, room, mirror selfie, background, crop, or competitor styling.
Fixed model: use the same original adult Korean female AI model as ai_model_reference_v2_showroom-bg.png: shoulder-length dark brown soft-wave hair, elegant natural face, realistic slim proportions, calm boutique expression.
Product: 발렌티노ops 3, one-piece dress, follow the reference garment silhouette, color, and fabric details.
Styling rule: keep the actual product's color, silhouette, fabric, and signature details accurate, but freely choose tasteful coordinating bottoms, shoes, and minimal accessories when they are not the core product. Remove or replace outerwear, cardigans, bags, jeans, jewelry, and original styling items unless they are clearly part of the product being sold. The final styling should make the main product easier to see than in the source photo.
Scene/backdrop: tasteful warm ivory Korean boutique showroom studio, softly blurred neutral clothing rack or curved wall detail in the distance, pale matte floor, subtle depth, clean negative space, no readable signs.
Style/medium: photorealistic premium Korean online boutique catalog photography.
Composition/framing: vertical 4:5 full-body or knee-up crop depending on product length, front 3/4 pose, garment clearly visible, no phone, no mirror.
Lighting/mood: soft diffused commercial studio lighting, accurate fabric texture, natural skin tone.
Constraints: original generated image only, no watermark, no text, no logos, no brand symbols, no exact copy of competitor photo, no extra people, no distorted hands.
Avoid: revealing or lingerie styling, celebrity resemblance, dramatic editorial scene, cluttered room, selfie angle."
HH-021,HOLD_DO_NOT_UPLOAD,NO,블랑bl 블랙,C:\Users\UserK\Documents\GitHub\sunny2026ss\source\highheel\하이힐\블랑bl 블랙,C:\Users\UserK\Documents\GitHub\sunny2026ss\source\highheel\하이힐\블랑bl 블랙\img_l (36).jpg | C:\Users\UserK\Documents\GitHub\sunny2026ss\source\highheel\하이힐\블랑bl 블랙\img_l (34).jpg | C:\Users\UserK\Documents\GitHub\sunny2026ss\source\highheel\하이힐\블랑bl 블랙\img_l (35).jpg,C:\Users\UserK\Documents\GitHub\sunny2026ss\outputs\highheel_ai_model\HH-021_블랑bl 블랙_main.png,C:\Users\UserK\Documents\GitHub\sunny2026ss\outputs\highheel_ai_model\HH-021_블랑bl 블랙_detail.png,"Use case: product-mockup
Asset type: main product image for NICE Showroom upload
Primary request: Create a new original catalog photo of the fixed fictional AI model wearing this product. Use the source images only to understand garment color, silhouette, fabric, and key details; do not copy the original model, face, pose, room, mirror selfie, background, crop, or competitor styling.
Fixed model: use the same original adult Korean female AI model as ai_model_reference_v2_showroom-bg.png: shoulder-length dark brown soft-wave hair, elegant natural face, realistic slim proportions, calm boutique expression.
Product: 블랑bl 블랙, blouse or coordinated blouse look, black colorway.
Styling rule: keep the actual product's color, silhouette, fabric, and signature details accurate, but freely choose tasteful coordinating bottoms, shoes, and minimal accessories when they are not the core product. Remove or replace outerwear, cardigans, bags, jeans, jewelry, and original styling items unless they are clearly part of the product being sold. The final styling should make the main product easier to see than in the source photo.
Scene/backdrop: tasteful warm ivory Korean boutique showroom studio, softly blurred neutral clothing rack or curved wall detail in the distance, pale matte floor, subtle depth, clean negative space, no readable signs.
Style/medium: photorealistic premium Korean online boutique catalog photography.
Composition/framing: vertical 4:5 full-body or knee-up crop depending on product length, front 3/4 pose, garment clearly visible, no phone, no mirror.
Lighting/mood: soft diffused commercial studio lighting, accurate fabric texture, natural skin tone.
Constraints: original generated image only, no watermark, no text, no logos, no brand symbols, no exact copy of competitor photo, no extra people, no distorted hands.
Avoid: revealing or lingerie styling, celebrity resemblance, dramatic editorial scene, cluttered room, selfie angle."
HH-022,HOLD_DO_NOT_UPLOAD,NO,빅토리아ops,C:\Users\UserK\Documents\GitHub\sunny2026ss\source\highheel\하이힐\빅토리아ops,C:\Users\UserK\Documents\GitHub\sunny2026ss\source\highheel\하이힐\빅토리아ops\빅토리아ops07.jpg | C:\Users\UserK\Documents\GitHub\sunny2026ss\source\highheel\하이힐\빅토리아ops\빅토리아ops06.jpg | C:\Users\UserK\Documents\GitHub\sunny2026ss\source\highheel\하이힐\빅토리아ops\빅토리아ops09.jpg,C:\Users\UserK\Documents\GitHub\sunny2026ss\outputs\highheel_ai_model\HH-022_빅토리아ops_main.png,C:\Users\UserK\Documents\GitHub\sunny2026ss\outputs\highheel_ai_model\HH-022_빅토리아ops_detail.png,"Use case: product-mockup
Asset type: main product image for NICE Showroom upload
Primary request: Create a new original catalog photo of the fixed fictional AI model wearing this product. Use the source images only to understand garment color, silhouette, fabric, and key details; do not copy the original model, face, pose, room, mirror selfie, background, crop, or competitor styling.
Fixed model: use the same original adult Korean female AI model as ai_model_reference_v2_showroom-bg.png: shoulder-length dark brown soft-wave hair, elegant natural face, realistic slim proportions, calm boutique expression.
Product: 빅토리아ops, one-piece dress, follow the reference garment silhouette, color, and fabric details.
Styling rule: keep the actual product's color, silhouette, fabric, and signature details accurate, but freely choose tasteful coordinating bottoms, shoes, and minimal accessories when they are not the core product. Remove or replace outerwear, cardigans, bags, jeans, jewelry, and original styling items unless they are clearly part of the product being sold. The final styling should make the main product easier to see than in the source photo.
Scene/backdrop: tasteful warm ivory Korean boutique showroom studio, softly blurred neutral clothing rack or curved wall detail in the distance, pale matte floor, subtle depth, clean negative space, no readable signs.
Style/medium: photorealistic premium Korean online boutique catalog photography.
Composition/framing: vertical 4:5 full-body or knee-up crop depending on product length, front 3/4 pose, garment clearly visible, no phone, no mirror.
Lighting/mood: soft diffused commercial studio lighting, accurate fabric texture, natural skin tone.
Constraints: original generated image only, no watermark, no text, no logos, no brand symbols, no exact copy of competitor photo, no extra people, no distorted hands.
Avoid: revealing or lingerie styling, celebrity resemblance, dramatic editorial scene, cluttered room, selfie angle."
HH-023,HOLD_DO_NOT_UPLOAD,NO,생로랑bl,C:\Users\UserK\Documents\GitHub\sunny2026ss\source\highheel\하이힐\생로랑bl,C:\Users\UserK\Documents\GitHub\sunny2026ss\source\highheel\하이힐\생로랑bl\생로랑bl3.jpg | C:\Users\UserK\Documents\GitHub\sunny2026ss\source\highheel\하이힐\생로랑bl\생로랑bl12.jpg | C:\Users\UserK\Documents\GitHub\sunny2026ss\source\highheel\하이힐\생로랑bl\생로랑bl13.jpg,C:\Users\UserK\Documents\GitHub\sunny2026ss\outputs\highheel_ai_model\HH-023_생로랑bl_main.png,C:\Users\UserK\Documents\GitHub\sunny2026ss\outputs\highheel_ai_model\HH-023_생로랑bl_detail.png,"Use case: product-mockup
Asset type: main product image for NICE Showroom upload
Primary request: Create a new original catalog photo of the fixed fictional AI model wearing this product. Use the source images only to understand garment color, silhouette, fabric, and key details; do not copy the original model, face, pose, room, mirror selfie, background, crop, or competitor styling.
Fixed model: use the same original adult Korean female AI model as ai_model_reference_v2_showroom-bg.png: shoulder-length dark brown soft-wave hair, elegant natural face, realistic slim proportions, calm boutique expression.
Product: 생로랑bl, blouse or coordinated blouse look, follow the reference garment silhouette, color, and fabric details.
Styling rule: keep the actual product's color, silhouette, fabric, and signature details accurate, but freely choose tasteful coordinating bottoms, shoes, and minimal accessories when they are not the core product. Remove or replace outerwear, cardigans, bags, jeans, jewelry, and original styling items unless they are clearly part of the product being sold. The final styling should make the main product easier to see than in the source photo.
Scene/backdrop: tasteful warm ivory Korean boutique showroom studio, softly blurred neutral clothing rack or curved wall detail in the distance, pale matte floor, subtle depth, clean negative space, no readable signs.
Style/medium: photorealistic premium Korean online boutique catalog photography.
Composition/framing: vertical 4:5 full-body or knee-up crop depending on product length, front 3/4 pose, garment clearly visible, no phone, no mirror.
Lighting/mood: soft diffused commercial studio lighting, accurate fabric texture, natural skin tone.
Constraints: original generated image only, no watermark, no text, no logos, no brand symbols, no exact copy of competitor photo, no extra people, no distorted hands.
Avoid: revealing or lingerie styling, celebrity resemblance, dramatic editorial scene, cluttered room, selfie angle."
HH-024,HOLD_DO_NOT_UPLOAD,NO,생로랑ops,C:\Users\UserK\Documents\GitHub\sunny2026ss\source\highheel\하이힐\생로랑ops,C:\Users\UserK\Documents\GitHub\sunny2026ss\source\highheel\하이힐\생로랑ops\생로랑ops10.jpg | C:\Users\UserK\Documents\GitHub\sunny2026ss\source\highheel\하이힐\생로랑ops\생로랑ops11.jpg | C:\Users\UserK\Documents\GitHub\sunny2026ss\source\highheel\하이힐\생로랑ops\생로랑ops05.jpg,C:\Users\UserK\Documents\GitHub\sunny2026ss\outputs\highheel_ai_model\HH-024_생로랑ops_main.png,C:\Users\UserK\Documents\GitHub\sunny2026ss\outputs\highheel_ai_model\HH-024_생로랑ops_detail.png,"Use case: product-mockup
Asset type: main product image for NICE Showroom upload
Primary request: Create a new original catalog photo of the fixed fictional AI model wearing this product. Use the source images only to understand garment color, silhouette, fabric, and key details; do not copy the original model, face, pose, room, mirror selfie, background, crop, or competitor styling.
Fixed model: use the same original adult Korean female AI model as ai_model_reference_v2_showroom-bg.png: shoulder-length dark brown soft-wave hair, elegant natural face, realistic slim proportions, calm boutique expression.
Product: 생로랑ops, one-piece dress, follow the reference garment silhouette, color, and fabric details.
Styling rule: keep the actual product's color, silhouette, fabric, and signature details accurate, but freely choose tasteful coordinating bottoms, shoes, and minimal accessories when they are not the core product. Remove or replace outerwear, cardigans, bags, jeans, jewelry, and original styling items unless they are clearly part of the product being sold. The final styling should make the main product easier to see than in the source photo.
Scene/backdrop: tasteful warm ivory Korean boutique showroom studio, softly blurred neutral clothing rack or curved wall detail in the distance, pale matte floor, subtle depth, clean negative space, no readable signs.
Style/medium: photorealistic premium Korean online boutique catalog photography.
Composition/framing: vertical 4:5 full-body or knee-up crop depending on product length, front 3/4 pose, garment clearly visible, no phone, no mirror.
Lighting/mood: soft diffused commercial studio lighting, accurate fabric texture, natural skin tone.
Constraints: original generated image only, no watermark, no text, no logos, no brand symbols, no exact copy of competitor photo, no extra people, no distorted hands.
Avoid: revealing or lingerie styling, celebrity resemblance, dramatic editorial scene, cluttered room, selfie angle."
HH-025,HOLD_DO_NOT_UPLOAD,NO,샤넬ops,C:\Users\UserK\Documents\GitHub\sunny2026ss\source\highheel\하이힐\샤넬ops,C:\Users\UserK\Documents\GitHub\sunny2026ss\source\highheel\하이힐\샤넬ops\샤넬ops09.jpg | C:\Users\UserK\Documents\GitHub\sunny2026ss\source\highheel\하이힐\샤넬ops\샤넬ops06.jpg | C:\Users\UserK\Documents\GitHub\sunny2026ss\source\highheel\하이힐\샤넬ops\샤넬ops07.jpg,C:\Users\UserK\Documents\GitHub\sunny2026ss\outputs\highheel_ai_model\HH-025_샤넬ops_main.png,C:\Users\UserK\Documents\GitHub\sunny2026ss\outputs\highheel_ai_model\HH-025_샤넬ops_detail.png,"Use case: product-mockup
Asset type: main product image for NICE Showroom upload
Primary request: Create a new original catalog photo of the fixed fictional AI model wearing this product. Use the source images only to understand garment color, silhouette, fabric, and key details; do not copy the original model, face, pose, room, mirror selfie, background, crop, or competitor styling.
Fixed model: use the same original adult Korean female AI model as ai_model_reference_v2_showroom-bg.png: shoulder-length dark brown soft-wave hair, elegant natural face, realistic slim proportions, calm boutique expression.
Product: 샤넬ops, one-piece dress, follow the reference garment silhouette, color, and fabric details.
Styling rule: keep the actual product's color, silhouette, fabric, and signature details accurate, but freely choose tasteful coordinating bottoms, shoes, and minimal accessories when they are not the core product. Remove or replace outerwear, cardigans, bags, jeans, jewelry, and original styling items unless they are clearly part of the product being sold. The final styling should make the main product easier to see than in the source photo.
Scene/backdrop: tasteful warm ivory Korean boutique showroom studio, softly blurred neutral clothing rack or curved wall detail in the distance, pale matte floor, subtle depth, clean negative space, no readable signs.
Style/medium: photorealistic premium Korean online boutique catalog photography.
Composition/framing: vertical 4:5 full-body or knee-up crop depending on product length, front 3/4 pose, garment clearly visible, no phone, no mirror.
Lighting/mood: soft diffused commercial studio lighting, accurate fabric texture, natural skin tone.
Constraints: original generated image only, no watermark, no text, no logos, no brand symbols, no exact copy of competitor photo, no extra people, no distorted hands.
Avoid: revealing or lingerie styling, celebrity resemblance, dramatic editorial scene, cluttered room, selfie angle."
HH-026,HOLD_DO_NOT_UPLOAD,NO,샤넬top 베이지,C:\Users\UserK\Documents\GitHub\sunny2026ss\source\highheel\하이힐\샤넬top 베이지,C:\Users\UserK\Documents\GitHub\sunny2026ss\source\highheel\하이힐\샤넬top 베이지\샤넬top 베이지9.jpg | C:\Users\UserK\Documents\GitHub\sunny2026ss\source\highheel\하이힐\샤넬top 베이지\샤넬top 베이지6.jpg | C:\Users\UserK\Documents\GitHub\sunny2026ss\source\highheel\하이힐\샤넬top 베이지\샤넬top 베이지5.jpg,C:\Users\UserK\Documents\GitHub\sunny2026ss\outputs\highheel_ai_model\HH-026_샤넬top 베이지_main.png,C:\Users\UserK\Documents\GitHub\sunny2026ss\outputs\highheel_ai_model\HH-026_샤넬top 베이지_detail.png,"Use case: product-mockup
Asset type: main product image for NICE Showroom upload
Primary request: Create a new original catalog photo of the fixed fictional AI model wearing this product. Use the source images only to understand garment color, silhouette, fabric, and key details; do not copy the original model, face, pose, room, mirror selfie, background, crop, or competitor styling.
Fixed model: use the same original adult Korean female AI model as ai_model_reference_v2_showroom-bg.png: shoulder-length dark brown soft-wave hair, elegant natural face, realistic slim proportions, calm boutique expression.
Product: 샤넬top 베이지, top or coordinated top look, follow the reference garment silhouette, color, and fabric details.
Styling rule: keep the actual product's color, silhouette, fabric, and signature details accurate, but freely choose tasteful coordinating bottoms, shoes, and minimal accessories when they are not the core product. Remove or replace outerwear, cardigans, bags, jeans, jewelry, and original styling items unless they are clearly part of the product being sold. The final styling should make the main product easier to see than in the source photo.
Scene/backdrop: tasteful warm ivory Korean boutique showroom studio, softly blurred neutral clothing rack or curved wall detail in the distance, pale matte floor, subtle depth, clean negative space, no readable signs.
Style/medium: photorealistic premium Korean online boutique catalog photography.
Composition/framing: vertical 4:5 full-body or knee-up crop depending on product length, front 3/4 pose, garment clearly visible, no phone, no mirror.
Lighting/mood: soft diffused commercial studio lighting, accurate fabric texture, natural skin tone.
Constraints: original generated image only, no watermark, no text, no logos, no brand symbols, no exact copy of competitor photo, no extra people, no distorted hands.
Avoid: revealing or lingerie styling, celebrity resemblance, dramatic editorial scene, cluttered room, selfie angle."
HH-027,HOLD_DO_NOT_UPLOAD,NO,샤넬top 샤넬레이스sk,C:\Users\UserK\Documents\GitHub\sunny2026ss\source\highheel\하이힐\샤넬top 샤넬레이스sk,C:\Users\UserK\Documents\GitHub\sunny2026ss\source\highheel\하이힐\샤넬top 샤넬레이스sk\샤넬top 샤넬레이스sk09.jpg | C:\Users\UserK\Documents\GitHub\sunny2026ss\source\highheel\하이힐\샤넬top 샤넬레이스sk\샤넬top 샤넬레이스sk06.jpg | C:\Users\UserK\Documents\GitHub\sunny2026ss\source\highheel\하이힐\샤넬top 샤넬레이스sk\샤넬top 샤넬레이스sk18.jpg,C:\Users\UserK\Documents\GitHub\sunny2026ss\outputs\highheel_ai_model\HH-027_샤넬top 샤넬레이스sk_main.png,C:\Users\UserK\Documents\GitHub\sunny2026ss\outputs\highheel_ai_model\HH-027_샤넬top 샤넬레이스sk_detail.png,"Use case: product-mockup
Asset type: main product image for NICE Showroom upload
Primary request: Create a new original catalog photo of the fixed fictional AI model wearing this product. Use the source images only to understand garment color, silhouette, fabric, and key details; do not copy the original model, face, pose, room, mirror selfie, background, crop, or competitor styling.
Fixed model: use the same original adult Korean female AI model as ai_model_reference_v2_showroom-bg.png: shoulder-length dark brown soft-wave hair, elegant natural face, realistic slim proportions, calm boutique expression.
Product: 샤넬top 샤넬레이스sk, skirt or coordinated set with skirt, lace texture.
Styling rule: keep the actual product's color, silhouette, fabric, and signature details accurate, but freely choose tasteful coordinating bottoms, shoes, and minimal accessories when they are not the core product. Remove or replace outerwear, cardigans, bags, jeans, jewelry, and original styling items unless they are clearly part of the product being sold. The final styling should make the main product easier to see than in the source photo.
Scene/backdrop: tasteful warm ivory Korean boutique showroom studio, softly blurred neutral clothing rack or curved wall detail in the distance, pale matte floor, subtle depth, clean negative space, no readable signs.
Style/medium: photorealistic premium Korean online boutique catalog photography.
Composition/framing: vertical 4:5 full-body or knee-up crop depending on product length, front 3/4 pose, garment clearly visible, no phone, no mirror.
Lighting/mood: soft diffused commercial studio lighting, accurate fabric texture, natural skin tone.
Constraints: original generated image only, no watermark, no text, no logos, no brand symbols, no exact copy of competitor photo, no extra people, no distorted hands.
Avoid: revealing or lingerie styling, celebrity resemblance, dramatic editorial scene, cluttered room, selfie angle."
HH-028,HOLD_DO_NOT_UPLOAD,NO,샤넬러플bl 크림,C:\Users\UserK\Documents\GitHub\sunny2026ss\source\highheel\하이힐\샤넬러플bl 크림,C:\Users\UserK\Documents\GitHub\sunny2026ss\source\highheel\하이힐\샤넬러플bl 크림\샤넬러플bl 크림21.jpg | C:\Users\UserK\Documents\GitHub\sunny2026ss\source\highheel\하이힐\샤넬러플bl 크림\샤넬러플bl 크림15.jpg | C:\Users\UserK\Documents\GitHub\sunny2026ss\source\highheel\하이힐\샤넬러플bl 크림\샤넬러플bl 크림23.jpg,C:\Users\UserK\Documents\GitHub\sunny2026ss\outputs\highheel_ai_model\HH-028_샤넬러플bl 크림_main.png,C:\Users\UserK\Documents\GitHub\sunny2026ss\outputs\highheel_ai_model\HH-028_샤넬러플bl 크림_detail.png,"Use case: product-mockup
Asset type: main product image for NICE Showroom upload
Primary request: Create a new original catalog photo of the fixed fictional AI model wearing this product. Use the source images only to understand garment color, silhouette, fabric, and key details; do not copy the original model, face, pose, room, mirror selfie, background, crop, or competitor styling.
Fixed model: use the same original adult Korean female AI model as ai_model_reference_v2_showroom-bg.png: shoulder-length dark brown soft-wave hair, elegant natural face, realistic slim proportions, calm boutique expression.
Product: 샤넬러플bl 크림, blouse or coordinated blouse look, ruffle detail.
Styling rule: keep the actual product's color, silhouette, fabric, and signature details accurate, but freely choose tasteful coordinating bottoms, shoes, and minimal accessories when they are not the core product. Remove or replace outerwear, cardigans, bags, jeans, jewelry, and original styling items unless they are clearly part of the product being sold. The final styling should make the main product easier to see than in the source photo.
Scene/backdrop: tasteful warm ivory Korean boutique showroom studio, softly blurred neutral clothing rack or curved wall detail in the distance, pale matte floor, subtle depth, clean negative space, no readable signs.
Style/medium: photorealistic premium Korean online boutique catalog photography.
Composition/framing: vertical 4:5 full-body or knee-up crop depending on product length, front 3/4 pose, garment clearly visible, no phone, no mirror.
Lighting/mood: soft diffused commercial studio lighting, accurate fabric texture, natural skin tone.
Constraints: original generated image only, no watermark, no text, no logos, no brand symbols, no exact copy of competitor photo, no extra people, no distorted hands.
Avoid: revealing or lingerie styling, celebrity resemblance, dramatic editorial scene, cluttered room, selfie angle."
HH-029,HOLD_DO_NOT_UPLOAD,NO,셔링탑ops,C:\Users\UserK\Documents\GitHub\sunny2026ss\source\highheel\하이힐\셔링탑ops,C:\Users\UserK\Documents\GitHub\sunny2026ss\source\highheel\하이힐\셔링탑ops\img_l (5).jpg | C:\Users\UserK\Documents\GitHub\sunny2026ss\source\highheel\하이힐\셔링탑ops\img_l (3).jpg | C:\Users\UserK\Documents\GitHub\sunny2026ss\source\highheel\하이힐\셔링탑ops\img_l (8).jpg,C:\Users\UserK\Documents\GitHub\sunny2026ss\outputs\highheel_ai_model\HH-029_셔링탑ops_main.png,C:\Users\UserK\Documents\GitHub\sunny2026ss\outputs\highheel_ai_model\HH-029_셔링탑ops_detail.png,"Use case: product-mockup
Asset type: main product image for NICE Showroom upload
Primary request: Create a new original catalog photo of the fixed fictional AI model wearing this product. Use the source images only to understand garment color, silhouette, fabric, and key details; do not copy the original model, face, pose, room, mirror selfie, background, crop, or competitor styling.
Fixed model: use the same original adult Korean female AI model as ai_model_reference_v2_showroom-bg.png: shoulder-length dark brown soft-wave hair, elegant natural face, realistic slim proportions, calm boutique expression.
Product: 셔링탑ops, one-piece dress, follow the reference garment silhouette, color, and fabric details.
Styling rule: keep the actual product's color, silhouette, fabric, and signature details accurate, but freely choose tasteful coordinating bottoms, shoes, and minimal accessories when they are not the core product. Remove or replace outerwear, cardigans, bags, jeans, jewelry, and original styling items unless they are clearly part of the product being sold. The final styling should make the main product easier to see than in the source photo.
Scene/backdrop: tasteful warm ivory Korean boutique showroom studio, softly blurred neutral clothing rack or curved wall detail in the distance, pale matte floor, subtle depth, clean negative space, no readable signs.
Style/medium: photorealistic premium Korean online boutique catalog photography.
Composition/framing: vertical 4:5 full-body or knee-up crop depending on product length, front 3/4 pose, garment clearly visible, no phone, no mirror.
Lighting/mood: soft diffused commercial studio lighting, accurate fabric texture, natural skin tone.
Constraints: original generated image only, no watermark, no text, no logos, no brand symbols, no exact copy of competitor photo, no extra people, no distorted hands.
Avoid: revealing or lingerie styling, celebrity resemblance, dramatic editorial scene, cluttered room, selfie angle."
HH-030,HOLD_DO_NOT_UPLOAD,NO,스카프슬립ops,C:\Users\UserK\Documents\GitHub\sunny2026ss\source\highheel\하이힐\스카프슬립ops,C:\Users\UserK\Documents\GitHub\sunny2026ss\source\highheel\하이힐\스카프슬립ops\스카프슬립ops13.jpg | C:\Users\UserK\Documents\GitHub\sunny2026ss\source\highheel\하이힐\스카프슬립ops\스카프슬립ops15.jpg | C:\Users\UserK\Documents\GitHub\sunny2026ss\source\highheel\하이힐\스카프슬립ops\스카프슬립ops07.jpg,C:\Users\UserK\Documents\GitHub\sunny2026ss\outputs\highheel_ai_model\HH-030_스카프슬립ops_main.png,C:\Users\UserK\Documents\GitHub\sunny2026ss\outputs\highheel_ai_model\HH-030_스카프슬립ops_detail.png,"Use case: product-mockup
Asset type: main product image for NICE Showroom upload
Primary request: Create a new original catalog photo of the fixed fictional AI model wearing this product. Use the source images only to understand garment color, silhouette, fabric, and key details; do not copy the original model, face, pose, room, mirror selfie, background, crop, or competitor styling.
Fixed model: use the same original adult Korean female AI model as ai_model_reference_v2_showroom-bg.png: shoulder-length dark brown soft-wave hair, elegant natural face, realistic slim proportions, calm boutique expression.
Product: 스카프슬립ops, one-piece dress, follow the reference garment silhouette, color, and fabric details.
Styling rule: keep the actual product's color, silhouette, fabric, and signature details accurate, but freely choose tasteful coordinating bottoms, shoes, and minimal accessories when they are not the core product. Remove or replace outerwear, cardigans, bags, jeans, jewelry, and original styling items unless they are clearly part of the product being sold. The final styling should make the main product easier to see than in the source photo.
Scene/backdrop: tasteful warm ivory Korean boutique showroom studio, softly blurred neutral clothing rack or curved wall detail in the distance, pale matte floor, subtle depth, clean negative space, no readable signs.
Style/medium: photorealistic premium Korean online boutique catalog photography.
Composition/framing: vertical 4:5 full-body or knee-up crop depending on product length, front 3/4 pose, garment clearly visible, no phone, no mirror.
Lighting/mood: soft diffused commercial studio lighting, accurate fabric texture, natural skin tone.
Constraints: original generated image only, no watermark, no text, no logos, no brand symbols, no exact copy of competitor photo, no extra people, no distorted hands.
Avoid: revealing or lingerie styling, celebrity resemblance, dramatic editorial scene, cluttered room, selfie angle."
HH-031,HOLD_DO_NOT_UPLOAD,NO,시크릿ops,C:\Users\UserK\Documents\GitHub\sunny2026ss\source\highheel\하이힐\시크릿ops,C:\Users\UserK\Documents\GitHub\sunny2026ss\source\highheel\하이힐\시크릿ops\시크릿ops19.jpg | C:\Users\UserK\Documents\GitHub\sunny2026ss\source\highheel\하이힐\시크릿ops\시크릿ops09.jpg | C:\Users\UserK\Documents\GitHub\sunny2026ss\source\highheel\하이힐\시크릿ops\시크릿ops08.jpg,C:\Users\UserK\Documents\GitHub\sunny2026ss\outputs\highheel_ai_model\HH-031_시크릿ops_main.png,C:\Users\UserK\Documents\GitHub\sunny2026ss\outputs\highheel_ai_model\HH-031_시크릿ops_detail.png,"Use case: product-mockup
Asset type: main product image for NICE Showroom upload
Primary request: Create a new original catalog photo of the fixed fictional AI model wearing this product. Use the source images only to understand garment color, silhouette, fabric, and key details; do not copy the original model, face, pose, room, mirror selfie, background, crop, or competitor styling.
Fixed model: use the same original adult Korean female AI model as ai_model_reference_v2_showroom-bg.png: shoulder-length dark brown soft-wave hair, elegant natural face, realistic slim proportions, calm boutique expression.
Product: 시크릿ops, one-piece dress, follow the reference garment silhouette, color, and fabric details.
Styling rule: keep the actual product's color, silhouette, fabric, and signature details accurate, but freely choose tasteful coordinating bottoms, shoes, and minimal accessories when they are not the core product. Remove or replace outerwear, cardigans, bags, jeans, jewelry, and original styling items unless they are clearly part of the product being sold. The final styling should make the main product easier to see than in the source photo.
Scene/backdrop: tasteful warm ivory Korean boutique showroom studio, softly blurred neutral clothing rack or curved wall detail in the distance, pale matte floor, subtle depth, clean negative space, no readable signs.
Style/medium: photorealistic premium Korean online boutique catalog photography.
Composition/framing: vertical 4:5 full-body or knee-up crop depending on product length, front 3/4 pose, garment clearly visible, no phone, no mirror.
Lighting/mood: soft diffused commercial studio lighting, accurate fabric texture, natural skin tone.
Constraints: original generated image only, no watermark, no text, no logos, no brand symbols, no exact copy of competitor photo, no extra people, no distorted hands.
Avoid: revealing or lingerie styling, celebrity resemblance, dramatic editorial scene, cluttered room, selfie angle."
HH-032,HOLD_DO_NOT_UPLOAD,NO,알마BL,C:\Users\UserK\Documents\GitHub\sunny2026ss\source\highheel\하이힐\알마BL,C:\Users\UserK\Documents\GitHub\sunny2026ss\source\highheel\하이힐\알마BL\알마BL4.jpg | C:\Users\UserK\Documents\GitHub\sunny2026ss\source\highheel\하이힐\알마BL\알마BL1.jpg | C:\Users\UserK\Documents\GitHub\sunny2026ss\source\highheel\하이힐\알마BL\알마BL3.jpg,C:\Users\UserK\Documents\GitHub\sunny2026ss\outputs\highheel_ai_model\HH-032_알마BL_main.png,C:\Users\UserK\Documents\GitHub\sunny2026ss\outputs\highheel_ai_model\HH-032_알마BL_detail.png,"Use case: product-mockup
Asset type: main product image for NICE Showroom upload
Primary request: Create a new original catalog photo of the fixed fictional AI model wearing this product. Use the source images only to understand garment color, silhouette, fabric, and key details; do not copy the original model, face, pose, room, mirror selfie, background, crop, or competitor styling.
Fixed model: use the same original adult Korean female AI model as ai_model_reference_v2_showroom-bg.png: shoulder-length dark brown soft-wave hair, elegant natural face, realistic slim proportions, calm boutique expression.
Product: 알마BL, blouse or coordinated blouse look, follow the reference garment silhouette, color, and fabric details.
Styling rule: keep the actual product's color, silhouette, fabric, and signature details accurate, but freely choose tasteful coordinating bottoms, shoes, and minimal accessories when they are not the core product. Remove or replace outerwear, cardigans, bags, jeans, jewelry, and original styling items unless they are clearly part of the product being sold. The final styling should make the main product easier to see than in the source photo.
Scene/backdrop: tasteful warm ivory Korean boutique showroom studio, softly blurred neutral clothing rack or curved wall detail in the distance, pale matte floor, subtle depth, clean negative space, no readable signs.
Style/medium: photorealistic premium Korean online boutique catalog photography.
Composition/framing: vertical 4:5 full-body or knee-up crop depending on product length, front 3/4 pose, garment clearly visible, no phone, no mirror.
Lighting/mood: soft diffused commercial studio lighting, accurate fabric texture, natural skin tone.
Constraints: original generated image only, no watermark, no text, no logos, no brand symbols, no exact copy of competitor photo, no extra people, no distorted hands.
Avoid: revealing or lingerie styling, celebrity resemblance, dramatic editorial scene, cluttered room, selfie angle."
HH-033,HOLD_DO_NOT_UPLOAD,NO,애니ops,C:\Users\UserK\Documents\GitHub\sunny2026ss\source\highheel\하이힐\애니ops,C:\Users\UserK\Documents\GitHub\sunny2026ss\source\highheel\하이힐\애니ops\애니ops04.jpg | C:\Users\UserK\Documents\GitHub\sunny2026ss\source\highheel\하이힐\애니ops\애니ops14.jpg | C:\Users\UserK\Documents\GitHub\sunny2026ss\source\highheel\하이힐\애니ops\애니ops05.jpg,C:\Users\UserK\Documents\GitHub\sunny2026ss\outputs\highheel_ai_model\HH-033_애니ops_main.png,C:\Users\UserK\Documents\GitHub\sunny2026ss\outputs\highheel_ai_model\HH-033_애니ops_detail.png,"Use case: product-mockup
Asset type: main product image for NICE Showroom upload
Primary request: Create a new original catalog photo of the fixed fictional AI model wearing this product. Use the source images only to understand garment color, silhouette, fabric, and key details; do not copy the original model, face, pose, room, mirror selfie, background, crop, or competitor styling.
Fixed model: use the same original adult Korean female AI model as ai_model_reference_v2_showroom-bg.png: shoulder-length dark brown soft-wave hair, elegant natural face, realistic slim proportions, calm boutique expression.
Product: 애니ops, one-piece dress, follow the reference garment silhouette, color, and fabric details.
Styling rule: keep the actual product's color, silhouette, fabric, and signature details accurate, but freely choose tasteful coordinating bottoms, shoes, and minimal accessories when they are not the core product. Remove or replace outerwear, cardigans, bags, jeans, jewelry, and original styling items unless they are clearly part of the product being sold. The final styling should make the main product easier to see than in the source photo.
Scene/backdrop: tasteful warm ivory Korean boutique showroom studio, softly blurred neutral clothing rack or curved wall detail in the distance, pale matte floor, subtle depth, clean negative space, no readable signs.
Style/medium: photorealistic premium Korean online boutique catalog photography.
Composition/framing: vertical 4:5 full-body or knee-up crop depending on product length, front 3/4 pose, garment clearly visible, no phone, no mirror.
Lighting/mood: soft diffused commercial studio lighting, accurate fabric texture, natural skin tone.
Constraints: original generated image only, no watermark, no text, no logos, no brand symbols, no exact copy of competitor photo, no extra people, no distorted hands.
Avoid: revealing or lingerie styling, celebrity resemblance, dramatic editorial scene, cluttered room, selfie angle."
HH-034,HOLD_DO_NOT_UPLOAD,NO,엔끌루ops,C:\Users\UserK\Documents\GitHub\sunny2026ss\source\highheel\하이힐\엔끌루ops,C:\Users\UserK\Documents\GitHub\sunny2026ss\source\highheel\하이힐\엔끌루ops\엔끌루ops10.jpg | C:\Users\UserK\Documents\GitHub\sunny2026ss\source\highheel\하이힐\엔끌루ops\엔끌루ops09.jpg | C:\Users\UserK\Documents\GitHub\sunny2026ss\source\highheel\하이힐\엔끌루ops\엔끌루ops11.jpg,C:\Users\UserK\Documents\GitHub\sunny2026ss\outputs\highheel_ai_model\HH-034_엔끌루ops_main.png,C:\Users\UserK\Documents\GitHub\sunny2026ss\outputs\highheel_ai_model\HH-034_엔끌루ops_detail.png,"Use case: product-mockup
Asset type: main product image for NICE Showroom upload
Primary request: Create a new original catalog photo of the fixed fictional AI model wearing this product. Use the source images only to understand garment color, silhouette, fabric, and key details; do not copy the original model, face, pose, room, mirror selfie, background, crop, or competitor styling.
Fixed model: use the same original adult Korean female AI model as ai_model_reference_v2_showroom-bg.png: shoulder-length dark brown soft-wave hair, elegant natural face, realistic slim proportions, calm boutique expression.
Product: 엔끌루ops, one-piece dress, follow the reference garment silhouette, color, and fabric details.
Styling rule: keep the actual product's color, silhouette, fabric, and signature details accurate, but freely choose tasteful coordinating bottoms, shoes, and minimal accessories when they are not the core product. Remove or replace outerwear, cardigans, bags, jeans, jewelry, and original styling items unless they are clearly part of the product being sold. The final styling should make the main product easier to see than in the source photo.
Scene/backdrop: tasteful warm ivory Korean boutique showroom studio, softly blurred neutral clothing rack or curved wall detail in the distance, pale matte floor, subtle depth, clean negative space, no readable signs.
Style/medium: photorealistic premium Korean online boutique catalog photography.
Composition/framing: vertical 4:5 full-body or knee-up crop depending on product length, front 3/4 pose, garment clearly visible, no phone, no mirror.
Lighting/mood: soft diffused commercial studio lighting, accurate fabric texture, natural skin tone.
Constraints: original generated image only, no watermark, no text, no logos, no brand symbols, no exact copy of competitor photo, no extra people, no distorted hands.
Avoid: revealing or lingerie styling, celebrity resemblance, dramatic editorial scene, cluttered room, selfie angle."
HH-035,HOLD_DO_NOT_UPLOAD,NO,엘리BL,C:\Users\UserK\Documents\GitHub\sunny2026ss\source\highheel\하이힐\엘리BL,C:\Users\UserK\Documents\GitHub\sunny2026ss\source\highheel\하이힐\엘리BL\엘리BL03.jpg | C:\Users\UserK\Documents\GitHub\sunny2026ss\source\highheel\하이힐\엘리BL\엘리bl07 (1).jpg | C:\Users\UserK\Documents\GitHub\sunny2026ss\source\highheel\하이힐\엘리BL\엘리bl12.jpg,C:\Users\UserK\Documents\GitHub\sunny2026ss\outputs\highheel_ai_model\HH-035_엘리BL_main.png,C:\Users\UserK\Documents\GitHub\sunny2026ss\outputs\highheel_ai_model\HH-035_엘리BL_detail.png,"Use case: product-mockup
Asset type: main product image for NICE Showroom upload
Primary request: Create a new original catalog photo of the fixed fictional AI model wearing this product. Use the source images only to understand garment color, silhouette, fabric, and key details; do not copy the original model, face, pose, room, mirror selfie, background, crop, or competitor styling.
Fixed model: use the same original adult Korean female AI model as ai_model_reference_v2_showroom-bg.png: shoulder-length dark brown soft-wave hair, elegant natural face, realistic slim proportions, calm boutique expression.
Product: 엘리BL, blouse or coordinated blouse look, follow the reference garment silhouette, color, and fabric details.
Styling rule: keep the actual product's color, silhouette, fabric, and signature details accurate, but freely choose tasteful coordinating bottoms, shoes, and minimal accessories when they are not the core product. Remove or replace outerwear, cardigans, bags, jeans, jewelry, and original styling items unless they are clearly part of the product being sold. The final styling should make the main product easier to see than in the source photo.
Scene/backdrop: tasteful warm ivory Korean boutique showroom studio, softly blurred neutral clothing rack or curved wall detail in the distance, pale matte floor, subtle depth, clean negative space, no readable signs.
Style/medium: photorealistic premium Korean online boutique catalog photography.
Composition/framing: vertical 4:5 full-body or knee-up crop depending on product length, front 3/4 pose, garment clearly visible, no phone, no mirror.
Lighting/mood: soft diffused commercial studio lighting, accurate fabric texture, natural skin tone.
Constraints: original generated image only, no watermark, no text, no logos, no brand symbols, no exact copy of competitor photo, no extra people, no distorted hands.
Avoid: revealing or lingerie styling, celebrity resemblance, dramatic editorial scene, cluttered room, selfie angle."
HH-036,HOLD_DO_NOT_UPLOAD,NO,엠마ops,C:\Users\UserK\Documents\GitHub\sunny2026ss\source\highheel\하이힐\엠마ops,C:\Users\UserK\Documents\GitHub\sunny2026ss\source\highheel\하이힐\엠마ops\엠마ops3.jpg | C:\Users\UserK\Documents\GitHub\sunny2026ss\source\highheel\하이힐\엠마ops\엠마ops6.jpg | C:\Users\UserK\Documents\GitHub\sunny2026ss\source\highheel\하이힐\엠마ops\엠마ops4.jpg,C:\Users\UserK\Documents\GitHub\sunny2026ss\outputs\highheel_ai_model\HH-036_엠마ops_main.png,C:\Users\UserK\Documents\GitHub\sunny2026ss\outputs\highheel_ai_model\HH-036_엠마ops_detail.png,"Use case: product-mockup
Asset type: main product image for NICE Showroom upload
Primary request: Create a new original catalog photo of the fixed fictional AI model wearing this product. Use the source images only to understand garment color, silhouette, fabric, and key details; do not copy the original model, face, pose, room, mirror selfie, background, crop, or competitor styling.
Fixed model: use the same original adult Korean female AI model as ai_model_reference_v2_showroom-bg.png: shoulder-length dark brown soft-wave hair, elegant natural face, realistic slim proportions, calm boutique expression.
Product: 엠마ops, one-piece dress, follow the reference garment silhouette, color, and fabric details.
Styling rule: keep the actual product's color, silhouette, fabric, and signature details accurate, but freely choose tasteful coordinating bottoms, shoes, and minimal accessories when they are not the core product. Remove or replace outerwear, cardigans, bags, jeans, jewelry, and original styling items unless they are clearly part of the product being sold. The final styling should make the main product easier to see than in the source photo.
Scene/backdrop: tasteful warm ivory Korean boutique showroom studio, softly blurred neutral clothing rack or curved wall detail in the distance, pale matte floor, subtle depth, clean negative space, no readable signs.
Style/medium: photorealistic premium Korean online boutique catalog photography.
Composition/framing: vertical 4:5 full-body or knee-up crop depending on product length, front 3/4 pose, garment clearly visible, no phone, no mirror.
Lighting/mood: soft diffused commercial studio lighting, accurate fabric texture, natural skin tone.
Constraints: original generated image only, no watermark, no text, no logos, no brand symbols, no exact copy of competitor photo, no extra people, no distorted hands.
Avoid: revealing or lingerie styling, celebrity resemblance, dramatic editorial scene, cluttered room, selfie angle."
HH-037,HOLD_DO_NOT_UPLOAD,NO,오프코튼bl,C:\Users\UserK\Documents\GitHub\sunny2026ss\source\highheel\하이힐\오프코튼bl,C:\Users\UserK\Documents\GitHub\sunny2026ss\source\highheel\하이힐\오프코튼bl\오프코튼bl09.jpg | C:\Users\UserK\Documents\GitHub\sunny2026ss\source\highheel\하이힐\오프코튼bl\오프코튼bl10.jpg | C:\Users\UserK\Documents\GitHub\sunny2026ss\source\highheel\하이힐\오프코튼bl\오프코튼bl12.jpg,C:\Users\UserK\Documents\GitHub\sunny2026ss\outputs\highheel_ai_model\HH-037_오프코튼bl_main.png,C:\Users\UserK\Documents\GitHub\sunny2026ss\outputs\highheel_ai_model\HH-037_오프코튼bl_detail.png,"Use case: product-mockup
Asset type: main product image for NICE Showroom upload
Primary request: Create a new original catalog photo of the fixed fictional AI model wearing this product. Use the source images only to understand garment color, silhouette, fabric, and key details; do not copy the original model, face, pose, room, mirror selfie, background, crop, or competitor styling.
Fixed model: use the same original adult Korean female AI model as ai_model_reference_v2_showroom-bg.png: shoulder-length dark brown soft-wave hair, elegant natural face, realistic slim proportions, calm boutique expression.
Product: 오프코튼bl, blouse or coordinated blouse look, follow the reference garment silhouette, color, and fabric details.
Styling rule: keep the actual product's color, silhouette, fabric, and signature details accurate, but freely choose tasteful coordinating bottoms, shoes, and minimal accessories when they are not the core product. Remove or replace outerwear, cardigans, bags, jeans, jewelry, and original styling items unless they are clearly part of the product being sold. The final styling should make the main product easier to see than in the source photo.
Scene/backdrop: tasteful warm ivory Korean boutique showroom studio, softly blurred neutral clothing rack or curved wall detail in the distance, pale matte floor, subtle depth, clean negative space, no readable signs.
Style/medium: photorealistic premium Korean online boutique catalog photography.
Composition/framing: vertical 4:5 full-body or knee-up crop depending on product length, front 3/4 pose, garment clearly visible, no phone, no mirror.
Lighting/mood: soft diffused commercial studio lighting, accurate fabric texture, natural skin tone.
Constraints: original generated image only, no watermark, no text, no logos, no brand symbols, no exact copy of competitor photo, no extra people, no distorted hands.
Avoid: revealing or lingerie styling, celebrity resemblance, dramatic editorial scene, cluttered room, selfie angle."
HH-038,HOLD_DO_NOT_UPLOAD,NO,절개훌sk,C:\Users\UserK\Documents\GitHub\sunny2026ss\source\highheel\하이힐\절개훌sk,C:\Users\UserK\Documents\GitHub\sunny2026ss\source\highheel\하이힐\절개훌sk\절개훌sk07 (1).jpg | C:\Users\UserK\Documents\GitHub\sunny2026ss\source\highheel\하이힐\절개훌sk\절개훌sk05 (1).jpg | C:\Users\UserK\Documents\GitHub\sunny2026ss\source\highheel\하이힐\절개훌sk\절개훌sk09 (1).jpg,C:\Users\UserK\Documents\GitHub\sunny2026ss\outputs\highheel_ai_model\HH-038_절개훌sk_main.png,C:\Users\UserK\Documents\GitHub\sunny2026ss\outputs\highheel_ai_model\HH-038_절개훌sk_detail.png,"Use case: product-mockup
Asset type: main product image for NICE Showroom upload
Primary request: Create a new original catalog photo of the fixed fictional AI model wearing this product. Use the source images only to understand garment color, silhouette, fabric, and key details; do not copy the original model, face, pose, room, mirror selfie, background, crop, or competitor styling.
Fixed model: use the same original adult Korean female AI model as ai_model_reference_v2_showroom-bg.png: shoulder-length dark brown soft-wave hair, elegant natural face, realistic slim proportions, calm boutique expression.
Product: 절개훌sk, skirt or coordinated set with skirt, follow the reference garment silhouette, color, and fabric details.
Styling rule: keep the actual product's color, silhouette, fabric, and signature details accurate, but freely choose tasteful coordinating bottoms, shoes, and minimal accessories when they are not the core product. Remove or replace outerwear, cardigans, bags, jeans, jewelry, and original styling items unless they are clearly part of the product being sold. The final styling should make the main product easier to see than in the source photo.
Scene/backdrop: tasteful warm ivory Korean boutique showroom studio, softly blurred neutral clothing rack or curved wall detail in the distance, pale matte floor, subtle depth, clean negative space, no readable signs.
Style/medium: photorealistic premium Korean online boutique catalog photography.
Composition/framing: vertical 4:5 full-body or knee-up crop depending on product length, front 3/4 pose, garment clearly visible, no phone, no mirror.
Lighting/mood: soft diffused commercial studio lighting, accurate fabric texture, natural skin tone.
Constraints: original generated image only, no watermark, no text, no logos, no brand symbols, no exact copy of competitor photo, no extra people, no distorted hands.
Avoid: revealing or lingerie styling, celebrity resemblance, dramatic editorial scene, cluttered room, selfie angle."
HH-039,HOLD_DO_NOT_UPLOAD,NO,제니BL,C:\Users\UserK\Documents\GitHub\sunny2026ss\source\highheel\하이힐\제니BL,C:\Users\UserK\Documents\GitHub\sunny2026ss\source\highheel\하이힐\제니BL\제니BL16.jpg | C:\Users\UserK\Documents\GitHub\sunny2026ss\source\highheel\하이힐\제니BL\제니BL10.jpg | C:\Users\UserK\Documents\GitHub\sunny2026ss\source\highheel\하이힐\제니BL\제니BL12.jpg,C:\Users\UserK\Documents\GitHub\sunny2026ss\outputs\highheel_ai_model\HH-039_제니BL_main.png,C:\Users\UserK\Documents\GitHub\sunny2026ss\outputs\highheel_ai_model\HH-039_제니BL_detail.png,"Use case: product-mockup
Asset type: main product image for NICE Showroom upload
Primary request: Create a new original catalog photo of the fixed fictional AI model wearing this product. Use the source images only to understand garment color, silhouette, fabric, and key details; do not copy the original model, face, pose, room, mirror selfie, background, crop, or competitor styling.
Fixed model: use the same original adult Korean female AI model as ai_model_reference_v2_showroom-bg.png: shoulder-length dark brown soft-wave hair, elegant natural face, realistic slim proportions, calm boutique expression.
Product: 제니BL, blouse or coordinated blouse look, follow the reference garment silhouette, color, and fabric details.
Styling rule: keep the actual product's color, silhouette, fabric, and signature details accurate, but freely choose tasteful coordinating bottoms, shoes, and minimal accessories when they are not the core product. Remove or replace outerwear, cardigans, bags, jeans, jewelry, and original styling items unless they are clearly part of the product being sold. The final styling should make the main product easier to see than in the source photo.
Scene/backdrop: tasteful warm ivory Korean boutique showroom studio, softly blurred neutral clothing rack or curved wall detail in the distance, pale matte floor, subtle depth, clean negative space, no readable signs.
Style/medium: photorealistic premium Korean online boutique catalog photography.
Composition/framing: vertical 4:5 full-body or knee-up crop depending on product length, front 3/4 pose, garment clearly visible, no phone, no mirror.
Lighting/mood: soft diffused commercial studio lighting, accurate fabric texture, natural skin tone.
Constraints: original generated image only, no watermark, no text, no logos, no brand symbols, no exact copy of competitor photo, no extra people, no distorted hands.
Avoid: revealing or lingerie styling, celebrity resemblance, dramatic editorial scene, cluttered room, selfie angle."
HH-040,HOLD_DO_NOT_UPLOAD,NO,지젤top,C:\Users\UserK\Documents\GitHub\sunny2026ss\source\highheel\하이힐\지젤top,C:\Users\UserK\Documents\GitHub\sunny2026ss\source\highheel\하이힐\지젤top\지젤top07.jpg | C:\Users\UserK\Documents\GitHub\sunny2026ss\source\highheel\하이힐\지젤top\지젤top12.jpg | C:\Users\UserK\Documents\GitHub\sunny2026ss\source\highheel\하이힐\지젤top\지젤top11.jpg,C:\Users\UserK\Documents\GitHub\sunny2026ss\outputs\highheel_ai_model\HH-040_지젤top_main.png,C:\Users\UserK\Documents\GitHub\sunny2026ss\outputs\highheel_ai_model\HH-040_지젤top_detail.png,"Use case: product-mockup
Asset type: main product image for NICE Showroom upload
Primary request: Create a new original catalog photo of the fixed fictional AI model wearing this product. Use the source images only to understand garment color, silhouette, fabric, and key details; do not copy the original model, face, pose, room, mirror selfie, background, crop, or competitor styling.
Fixed model: use the same original adult Korean female AI model as ai_model_reference_v2_showroom-bg.png: shoulder-length dark brown soft-wave hair, elegant natural face, realistic slim proportions, calm boutique expression.
Product: 지젤top, top or coordinated top look, follow the reference garment silhouette, color, and fabric details.
Styling rule: keep the actual product's color, silhouette, fabric, and signature details accurate, but freely choose tasteful coordinating bottoms, shoes, and minimal accessories when they are not the core product. Remove or replace outerwear, cardigans, bags, jeans, jewelry, and original styling items unless they are clearly part of the product being sold. The final styling should make the main product easier to see than in the source photo.
Scene/backdrop: tasteful warm ivory Korean boutique showroom studio, softly blurred neutral clothing rack or curved wall detail in the distance, pale matte floor, subtle depth, clean negative space, no readable signs.
Style/medium: photorealistic premium Korean online boutique catalog photography.
Composition/framing: vertical 4:5 full-body or knee-up crop depending on product length, front 3/4 pose, garment clearly visible, no phone, no mirror.
Lighting/mood: soft diffused commercial studio lighting, accurate fabric texture, natural skin tone.
Constraints: original generated image only, no watermark, no text, no logos, no brand symbols, no exact copy of competitor photo, no extra people, no distorted hands.
Avoid: revealing or lingerie styling, celebrity resemblance, dramatic editorial scene, cluttered room, selfie angle."
HH-041,HOLD_DO_NOT_UPLOAD,NO,체크top 그리스sk,C:\Users\UserK\Documents\GitHub\sunny2026ss\source\highheel\하이힐\체크top 그리스sk,C:\Users\UserK\Documents\GitHub\sunny2026ss\source\highheel\하이힐\체크top 그리스sk\체크top 그리스sk07.jpg | C:\Users\UserK\Documents\GitHub\sunny2026ss\source\highheel\하이힐\체크top 그리스sk\체크top 그리스sk12.jpg | C:\Users\UserK\Documents\GitHub\sunny2026ss\source\highheel\하이힐\체크top 그리스sk\체크top 그리스sk03.jpg,C:\Users\UserK\Documents\GitHub\sunny2026ss\outputs\highheel_ai_model\HH-041_체크top 그리스sk_main.png,C:\Users\UserK\Documents\GitHub\sunny2026ss\outputs\highheel_ai_model\HH-041_체크top 그리스sk_detail.png,"Use case: product-mockup
Asset type: main product image for NICE Showroom upload
Primary request: Create a new original catalog photo of the fixed fictional AI model wearing this product. Use the source images only to understand garment color, silhouette, fabric, and key details; do not copy the original model, face, pose, room, mirror selfie, background, crop, or competitor styling.
Fixed model: use the same original adult Korean female AI model as ai_model_reference_v2_showroom-bg.png: shoulder-length dark brown soft-wave hair, elegant natural face, realistic slim proportions, calm boutique expression.
Product: 체크top 그리스sk, skirt or coordinated set with skirt, check pattern.
Styling rule: keep the actual product's color, silhouette, fabric, and signature details accurate, but freely choose tasteful coordinating bottoms, shoes, and minimal accessories when they are not the core product. Remove or replace outerwear, cardigans, bags, jeans, jewelry, and original styling items unless they are clearly part of the product being sold. The final styling should make the main product easier to see than in the source photo.
Scene/backdrop: tasteful warm ivory Korean boutique showroom studio, softly blurred neutral clothing rack or curved wall detail in the distance, pale matte floor, subtle depth, clean negative space, no readable signs.
Style/medium: photorealistic premium Korean online boutique catalog photography.
Composition/framing: vertical 4:5 full-body or knee-up crop depending on product length, front 3/4 pose, garment clearly visible, no phone, no mirror.
Lighting/mood: soft diffused commercial studio lighting, accurate fabric texture, natural skin tone.
Constraints: original generated image only, no watermark, no text, no logos, no brand symbols, no exact copy of competitor photo, no extra people, no distorted hands.
Avoid: revealing or lingerie styling, celebrity resemblance, dramatic editorial scene, cluttered room, selfie angle."
HH-042,HOLD_DO_NOT_UPLOAD,NO,체크top 사틴sk,C:\Users\UserK\Documents\GitHub\sunny2026ss\source\highheel\하이힐\체크top 사틴sk,C:\Users\UserK\Documents\GitHub\sunny2026ss\source\highheel\하이힐\체크top 사틴sk\체크top 사틴sk2.jpg | C:\Users\UserK\Documents\GitHub\sunny2026ss\source\highheel\하이힐\체크top 사틴sk\체크top 사틴sk3.jpg | C:\Users\UserK\Documents\GitHub\sunny2026ss\source\highheel\하이힐\체크top 사틴sk\체크top 사틴sk1.jpg,C:\Users\UserK\Documents\GitHub\sunny2026ss\outputs\highheel_ai_model\HH-042_체크top 사틴sk_main.png,C:\Users\UserK\Documents\GitHub\sunny2026ss\outputs\highheel_ai_model\HH-042_체크top 사틴sk_detail.png,"Use case: product-mockup
Asset type: main product image for NICE Showroom upload
Primary request: Create a new original catalog photo of the fixed fictional AI model wearing this product. Use the source images only to understand garment color, silhouette, fabric, and key details; do not copy the original model, face, pose, room, mirror selfie, background, crop, or competitor styling.
Fixed model: use the same original adult Korean female AI model as ai_model_reference_v2_showroom-bg.png: shoulder-length dark brown soft-wave hair, elegant natural face, realistic slim proportions, calm boutique expression.
Product: 체크top 사틴sk, skirt or coordinated set with skirt, check pattern.
Styling rule: keep the actual product's color, silhouette, fabric, and signature details accurate, but freely choose tasteful coordinating bottoms, shoes, and minimal accessories when they are not the core product. Remove or replace outerwear, cardigans, bags, jeans, jewelry, and original styling items unless they are clearly part of the product being sold. The final styling should make the main product easier to see than in the source photo.
Scene/backdrop: tasteful warm ivory Korean boutique showroom studio, softly blurred neutral clothing rack or curved wall detail in the distance, pale matte floor, subtle depth, clean negative space, no readable signs.
Style/medium: photorealistic premium Korean online boutique catalog photography.
Composition/framing: vertical 4:5 full-body or knee-up crop depending on product length, front 3/4 pose, garment clearly visible, no phone, no mirror.
Lighting/mood: soft diffused commercial studio lighting, accurate fabric texture, natural skin tone.
Constraints: original generated image only, no watermark, no text, no logos, no brand symbols, no exact copy of competitor photo, no extra people, no distorted hands.
Avoid: revealing or lingerie styling, celebrity resemblance, dramatic editorial scene, cluttered room, selfie angle."
HH-043,HOLD_DO_NOT_UPLOAD,NO,켄달sk,C:\Users\UserK\Documents\GitHub\sunny2026ss\source\highheel\하이힐\켄달sk,C:\Users\UserK\Documents\GitHub\sunny2026ss\source\highheel\하이힐\켄달sk\켄달sk9.jpg | C:\Users\UserK\Documents\GitHub\sunny2026ss\source\highheel\하이힐\켄달sk\켄달sk4.jpg | C:\Users\UserK\Documents\GitHub\sunny2026ss\source\highheel\하이힐\켄달sk\켄달sk7.jpg,C:\Users\UserK\Documents\GitHub\sunny2026ss\outputs\highheel_ai_model\HH-043_켄달sk_main.png,C:\Users\UserK\Documents\GitHub\sunny2026ss\outputs\highheel_ai_model\HH-043_켄달sk_detail.png,"Use case: product-mockup
Asset type: main product image for NICE Showroom upload
Primary request: Create a new original catalog photo of the fixed fictional AI model wearing this product. Use the source images only to understand garment color, silhouette, fabric, and key details; do not copy the original model, face, pose, room, mirror selfie, background, crop, or competitor styling.
Fixed model: use the same original adult Korean female AI model as ai_model_reference_v2_showroom-bg.png: shoulder-length dark brown soft-wave hair, elegant natural face, realistic slim proportions, calm boutique expression.
Product: 켄달sk, skirt or coordinated set with skirt, follow the reference garment silhouette, color, and fabric details.
Styling rule: keep the actual product's color, silhouette, fabric, and signature details accurate, but freely choose tasteful coordinating bottoms, shoes, and minimal accessories when they are not the core product. Remove or replace outerwear, cardigans, bags, jeans, jewelry, and original styling items unless they are clearly part of the product being sold. The final styling should make the main product easier to see than in the source photo.
Scene/backdrop: tasteful warm ivory Korean boutique showroom studio, softly blurred neutral clothing rack or curved wall detail in the distance, pale matte floor, subtle depth, clean negative space, no readable signs.
Style/medium: photorealistic premium Korean online boutique catalog photography.
Composition/framing: vertical 4:5 full-body or knee-up crop depending on product length, front 3/4 pose, garment clearly visible, no phone, no mirror.
Lighting/mood: soft diffused commercial studio lighting, accurate fabric texture, natural skin tone.
Constraints: original generated image only, no watermark, no text, no logos, no brand symbols, no exact copy of competitor photo, no extra people, no distorted hands.
Avoid: revealing or lingerie styling, celebrity resemblance, dramatic editorial scene, cluttered room, selfie angle."
HH-044,HOLD_DO_NOT_UPLOAD,NO,코나bl B,C:\Users\UserK\Documents\GitHub\sunny2026ss\source\highheel\하이힐\코나bl B,C:\Users\UserK\Documents\GitHub\sunny2026ss\source\highheel\하이힐\코나bl B\코나bl11.jpg | C:\Users\UserK\Documents\GitHub\sunny2026ss\source\highheel\하이힐\코나bl B\코나bl04.jpg | C:\Users\UserK\Documents\GitHub\sunny2026ss\source\highheel\하이힐\코나bl B\코나bl09.jpg,C:\Users\UserK\Documents\GitHub\sunny2026ss\outputs\highheel_ai_model\HH-044_코나bl B_main.png,C:\Users\UserK\Documents\GitHub\sunny2026ss\outputs\highheel_ai_model\HH-044_코나bl B_detail.png,"Use case: product-mockup
Asset type: main product image for NICE Showroom upload
Primary request: Create a new original catalog photo of the fixed fictional AI model wearing this product. Use the source images only to understand garment color, silhouette, fabric, and key details; do not copy the original model, face, pose, room, mirror selfie, background, crop, or competitor styling.
Fixed model: use the same original adult Korean female AI model as ai_model_reference_v2_showroom-bg.png: shoulder-length dark brown soft-wave hair, elegant natural face, realistic slim proportions, calm boutique expression.
Product: 코나bl B, blouse or coordinated blouse look, black colorway.
Styling rule: keep the actual product's color, silhouette, fabric, and signature details accurate, but freely choose tasteful coordinating bottoms, shoes, and minimal accessories when they are not the core product. Remove or replace outerwear, cardigans, bags, jeans, jewelry, and original styling items unless they are clearly part of the product being sold. The final styling should make the main product easier to see than in the source photo.
Scene/backdrop: tasteful warm ivory Korean boutique showroom studio, softly blurred neutral clothing rack or curved wall detail in the distance, pale matte floor, subtle depth, clean negative space, no readable signs.
Style/medium: photorealistic premium Korean online boutique catalog photography.
Composition/framing: vertical 4:5 full-body or knee-up crop depending on product length, front 3/4 pose, garment clearly visible, no phone, no mirror.
Lighting/mood: soft diffused commercial studio lighting, accurate fabric texture, natural skin tone.
Constraints: original generated image only, no watermark, no text, no logos, no brand symbols, no exact copy of competitor photo, no extra people, no distorted hands.
Avoid: revealing or lingerie styling, celebrity resemblance, dramatic editorial scene, cluttered room, selfie angle."
HH-045,HOLD_DO_NOT_UPLOAD,NO,코나bl I,C:\Users\UserK\Documents\GitHub\sunny2026ss\source\highheel\하이힐\코나bl I,C:\Users\UserK\Documents\GitHub\sunny2026ss\source\highheel\하이힐\코나bl I\코나bl I5.jpg | C:\Users\UserK\Documents\GitHub\sunny2026ss\source\highheel\하이힐\코나bl I\코나bl I6.jpg | C:\Users\UserK\Documents\GitHub\sunny2026ss\source\highheel\하이힐\코나bl I\코나bl I4.jpg,C:\Users\UserK\Documents\GitHub\sunny2026ss\outputs\highheel_ai_model\HH-045_코나bl I_main.png,C:\Users\UserK\Documents\GitHub\sunny2026ss\outputs\highheel_ai_model\HH-045_코나bl I_detail.png,"Use case: product-mockup
Asset type: main product image for NICE Showroom upload
Primary request: Create a new original catalog photo of the fixed fictional AI model wearing this product. Use the source images only to understand garment color, silhouette, fabric, and key details; do not copy the original model, face, pose, room, mirror selfie, background, crop, or competitor styling.
Fixed model: use the same original adult Korean female AI model as ai_model_reference_v2_showroom-bg.png: shoulder-length dark brown soft-wave hair, elegant natural face, realistic slim proportions, calm boutique expression.
Product: 코나bl I, blouse or coordinated blouse look, follow the reference garment silhouette, color, and fabric details.
Styling rule: keep the actual product's color, silhouette, fabric, and signature details accurate, but freely choose tasteful coordinating bottoms, shoes, and minimal accessories when they are not the core product. Remove or replace outerwear, cardigans, bags, jeans, jewelry, and original styling items unless they are clearly part of the product being sold. The final styling should make the main product easier to see than in the source photo.
Scene/backdrop: tasteful warm ivory Korean boutique showroom studio, softly blurred neutral clothing rack or curved wall detail in the distance, pale matte floor, subtle depth, clean negative space, no readable signs.
Style/medium: photorealistic premium Korean online boutique catalog photography.
Composition/framing: vertical 4:5 full-body or knee-up crop depending on product length, front 3/4 pose, garment clearly visible, no phone, no mirror.
Lighting/mood: soft diffused commercial studio lighting, accurate fabric texture, natural skin tone.
Constraints: original generated image only, no watermark, no text, no logos, no brand symbols, no exact copy of competitor photo, no extra people, no distorted hands.
Avoid: revealing or lingerie styling, celebrity resemblance, dramatic editorial scene, cluttered room, selfie angle."
HH-046,HOLD_DO_NOT_UPLOAD,NO,코나bl sk,C:\Users\UserK\Documents\GitHub\sunny2026ss\source\highheel\하이힐\코나bl sk,C:\Users\UserK\Documents\GitHub\sunny2026ss\source\highheel\하이힐\코나bl sk\코나bl sk03.jpg | C:\Users\UserK\Documents\GitHub\sunny2026ss\source\highheel\하이힐\코나bl sk\코나bl sk08.jpg | C:\Users\UserK\Documents\GitHub\sunny2026ss\source\highheel\하이힐\코나bl sk\코나bl sk09.jpg,C:\Users\UserK\Documents\GitHub\sunny2026ss\outputs\highheel_ai_model\HH-046_코나bl sk_main.png,C:\Users\UserK\Documents\GitHub\sunny2026ss\outputs\highheel_ai_model\HH-046_코나bl sk_detail.png,"Use case: product-mockup
Asset type: main product image for NICE Showroom upload
Primary request: Create a new original catalog photo of the fixed fictional AI model wearing this product. Use the source images only to understand garment color, silhouette, fabric, and key details; do not copy the original model, face, pose, room, mirror selfie, background, crop, or competitor styling.
Fixed model: use the same original adult Korean female AI model as ai_model_reference_v2_showroom-bg.png: shoulder-length dark brown soft-wave hair, elegant natural face, realistic slim proportions, calm boutique expression.
Product: 코나bl sk, skirt or coordinated set with skirt, follow the reference garment silhouette, color, and fabric details.
Styling rule: keep the actual product's color, silhouette, fabric, and signature details accurate, but freely choose tasteful coordinating bottoms, shoes, and minimal accessories when they are not the core product. Remove or replace outerwear, cardigans, bags, jeans, jewelry, and original styling items unless they are clearly part of the product being sold. The final styling should make the main product easier to see than in the source photo.
Scene/backdrop: tasteful warm ivory Korean boutique showroom studio, softly blurred neutral clothing rack or curved wall detail in the distance, pale matte floor, subtle depth, clean negative space, no readable signs.
Style/medium: photorealistic premium Korean online boutique catalog photography.
Composition/framing: vertical 4:5 full-body or knee-up crop depending on product length, front 3/4 pose, garment clearly visible, no phone, no mirror.
Lighting/mood: soft diffused commercial studio lighting, accurate fabric texture, natural skin tone.
Constraints: original generated image only, no watermark, no text, no logos, no brand symbols, no exact copy of competitor photo, no extra people, no distorted hands.
Avoid: revealing or lingerie styling, celebrity resemblance, dramatic editorial scene, cluttered room, selfie angle."
HH-047,HOLD_DO_NOT_UPLOAD,NO,코나bl sk 2,C:\Users\UserK\Documents\GitHub\sunny2026ss\source\highheel\하이힐\코나bl sk 2,C:\Users\UserK\Documents\GitHub\sunny2026ss\source\highheel\하이힐\코나bl sk 2\코나bl sk 205.jpg | C:\Users\UserK\Documents\GitHub\sunny2026ss\source\highheel\하이힐\코나bl sk 2\코나bl sk 211.jpg | C:\Users\UserK\Documents\GitHub\sunny2026ss\source\highheel\하이힐\코나bl sk 2\코나bl sk 209.jpg,C:\Users\UserK\Documents\GitHub\sunny2026ss\outputs\highheel_ai_model\HH-047_코나bl sk 2_main.png,C:\Users\UserK\Documents\GitHub\sunny2026ss\outputs\highheel_ai_model\HH-047_코나bl sk 2_detail.png,"Use case: product-mockup
Asset type: main product image for NICE Showroom upload
Primary request: Create a new original catalog photo of the fixed fictional AI model wearing this product. Use the source images only to understand garment color, silhouette, fabric, and key details; do not copy the original model, face, pose, room, mirror selfie, background, crop, or competitor styling.
Fixed model: use the same original adult Korean female AI model as ai_model_reference_v2_showroom-bg.png: shoulder-length dark brown soft-wave hair, elegant natural face, realistic slim proportions, calm boutique expression.
Product: 코나bl sk 2, skirt or coordinated set with skirt, follow the reference garment silhouette, color, and fabric details.
Styling rule: keep the actual product's color, silhouette, fabric, and signature details accurate, but freely choose tasteful coordinating bottoms, shoes, and minimal accessories when they are not the core product. Remove or replace outerwear, cardigans, bags, jeans, jewelry, and original styling items unless they are clearly part of the product being sold. The final styling should make the main product easier to see than in the source photo.
Scene/backdrop: tasteful warm ivory Korean boutique showroom studio, softly blurred neutral clothing rack or curved wall detail in the distance, pale matte floor, subtle depth, clean negative space, no readable signs.
Style/medium: photorealistic premium Korean online boutique catalog photography.
Composition/framing: vertical 4:5 full-body or knee-up crop depending on product length, front 3/4 pose, garment clearly visible, no phone, no mirror.
Lighting/mood: soft diffused commercial studio lighting, accurate fabric texture, natural skin tone.
Constraints: original generated image only, no watermark, no text, no logos, no brand symbols, no exact copy of competitor photo, no extra people, no distorted hands.
Avoid: revealing or lingerie styling, celebrity resemblance, dramatic editorial scene, cluttered room, selfie angle."
HH-048,HOLD_DO_NOT_UPLOAD,NO,크로스sk 소라,C:\Users\UserK\Documents\GitHub\sunny2026ss\source\highheel\하이힐\크로스sk 소라,C:\Users\UserK\Documents\GitHub\sunny2026ss\source\highheel\하이힐\크로스sk 소라\크로스sk 소라13.jpg | C:\Users\UserK\Documents\GitHub\sunny2026ss\source\highheel\하이힐\크로스sk 소라\크로스sk 소라09.jpg | C:\Users\UserK\Documents\GitHub\sunny2026ss\source\highheel\하이힐\크로스sk 소라\크로스sk 소라10.jpg,C:\Users\UserK\Documents\GitHub\sunny2026ss\outputs\highheel_ai_model\HH-048_크로스sk 소라_main.png,C:\Users\UserK\Documents\GitHub\sunny2026ss\outputs\highheel_ai_model\HH-048_크로스sk 소라_detail.png,"Use case: product-mockup
Asset type: main product image for NICE Showroom upload
Primary request: Create a new original catalog photo of the fixed fictional AI model wearing this product. Use the source images only to understand garment color, silhouette, fabric, and key details; do not copy the original model, face, pose, room, mirror selfie, background, crop, or competitor styling.
Fixed model: use the same original adult Korean female AI model as ai_model_reference_v2_showroom-bg.png: shoulder-length dark brown soft-wave hair, elegant natural face, realistic slim proportions, calm boutique expression.
Product: 크로스sk 소라, skirt or coordinated set with skirt, cool pastel colorway.
Styling rule: keep the actual product's color, silhouette, fabric, and signature details accurate, but freely choose tasteful coordinating bottoms, shoes, and minimal accessories when they are not the core product. Remove or replace outerwear, cardigans, bags, jeans, jewelry, and original styling items unless they are clearly part of the product being sold. The final styling should make the main product easier to see than in the source photo.
Scene/backdrop: tasteful warm ivory Korean boutique showroom studio, softly blurred neutral clothing rack or curved wall detail in the distance, pale matte floor, subtle depth, clean negative space, no readable signs.
Style/medium: photorealistic premium Korean online boutique catalog photography.
Composition/framing: vertical 4:5 full-body or knee-up crop depending on product length, front 3/4 pose, garment clearly visible, no phone, no mirror.
Lighting/mood: soft diffused commercial studio lighting, accurate fabric texture, natural skin tone.
Constraints: original generated image only, no watermark, no text, no logos, no brand symbols, no exact copy of competitor photo, no extra people, no distorted hands.
Avoid: revealing or lingerie styling, celebrity resemblance, dramatic editorial scene, cluttered room, selfie angle."
HH-049,HOLD_DO_NOT_UPLOAD,NO,트리오페bl,C:\Users\UserK\Documents\GitHub\sunny2026ss\source\highheel\하이힐\트리오페bl,C:\Users\UserK\Documents\GitHub\sunny2026ss\source\highheel\하이힐\트리오페bl\트리오페bl07.jpg | C:\Users\UserK\Documents\GitHub\sunny2026ss\source\highheel\하이힐\트리오페bl\트리오페bl05.jpg | C:\Users\UserK\Documents\GitHub\sunny2026ss\source\highheel\하이힐\트리오페bl\트리오페bl03.jpg,C:\Users\UserK\Documents\GitHub\sunny2026ss\outputs\highheel_ai_model\HH-049_트리오페bl_main.png,C:\Users\UserK\Documents\GitHub\sunny2026ss\outputs\highheel_ai_model\HH-049_트리오페bl_detail.png,"Use case: product-mockup
Asset type: main product image for NICE Showroom upload
Primary request: Create a new original catalog photo of the fixed fictional AI model wearing this product. Use the source images only to understand garment color, silhouette, fabric, and key details; do not copy the original model, face, pose, room, mirror selfie, background, crop, or competitor styling.
Fixed model: use the same original adult Korean female AI model as ai_model_reference_v2_showroom-bg.png: shoulder-length dark brown soft-wave hair, elegant natural face, realistic slim proportions, calm boutique expression.
Product: 트리오페bl, blouse or coordinated blouse look, follow the reference garment silhouette, color, and fabric details.
Styling rule: keep the actual product's color, silhouette, fabric, and signature details accurate, but freely choose tasteful coordinating bottoms, shoes, and minimal accessories when they are not the core product. Remove or replace outerwear, cardigans, bags, jeans, jewelry, and original styling items unless they are clearly part of the product being sold. The final styling should make the main product easier to see than in the source photo.
Scene/backdrop: tasteful warm ivory Korean boutique showroom studio, softly blurred neutral clothing rack or curved wall detail in the distance, pale matte floor, subtle depth, clean negative space, no readable signs.
Style/medium: photorealistic premium Korean online boutique catalog photography.
Composition/framing: vertical 4:5 full-body or knee-up crop depending on product length, front 3/4 pose, garment clearly visible, no phone, no mirror.
Lighting/mood: soft diffused commercial studio lighting, accurate fabric texture, natural skin tone.
Constraints: original generated image only, no watermark, no text, no logos, no brand symbols, no exact copy of competitor photo, no extra people, no distorted hands.
Avoid: revealing or lingerie styling, celebrity resemblance, dramatic editorial scene, cluttered room, selfie angle."
HH-050,HOLD_DO_NOT_UPLOAD,NO,트리오페bl 2,C:\Users\UserK\Documents\GitHub\sunny2026ss\source\highheel\하이힐\트리오페bl 2,C:\Users\UserK\Documents\GitHub\sunny2026ss\source\highheel\하이힐\트리오페bl 2\트리오페bl 204.jpg | C:\Users\UserK\Documents\GitHub\sunny2026ss\source\highheel\하이힐\트리오페bl 2\트리오페bl 210.jpg | C:\Users\UserK\Documents\GitHub\sunny2026ss\source\highheel\하이힐\트리오페bl 2\트리오페bl 206.jpg,C:\Users\UserK\Documents\GitHub\sunny2026ss\outputs\highheel_ai_model\HH-050_트리오페bl 2_main.png,C:\Users\UserK\Documents\GitHub\sunny2026ss\outputs\highheel_ai_model\HH-050_트리오페bl 2_detail.png,"Use case: product-mockup
Asset type: main product image for NICE Showroom upload
Primary request: Create a new original catalog photo of the fixed fictional AI model wearing this product. Use the source images only to understand garment color, silhouette, fabric, and key details; do not copy the original model, face, pose, room, mirror selfie, background, crop, or competitor styling.
Fixed model: use the same original adult Korean female AI model as ai_model_reference_v2_showroom-bg.png: shoulder-length dark brown soft-wave hair, elegant natural face, realistic slim proportions, calm boutique expression.
Product: 트리오페bl 2, blouse or coordinated blouse look, follow the reference garment silhouette, color, and fabric details.
Styling rule: keep the actual product's color, silhouette, fabric, and signature details accurate, but freely choose tasteful coordinating bottoms, shoes, and minimal accessories when they are not the core product. Remove or replace outerwear, cardigans, bags, jeans, jewelry, and original styling items unless they are clearly part of the product being sold. The final styling should make the main product easier to see than in the source photo.
Scene/backdrop: tasteful warm ivory Korean boutique showroom studio, softly blurred neutral clothing rack or curved wall detail in the distance, pale matte floor, subtle depth, clean negative space, no readable signs.
Style/medium: photorealistic premium Korean online boutique catalog photography.
Composition/framing: vertical 4:5 full-body or knee-up crop depending on product length, front 3/4 pose, garment clearly visible, no phone, no mirror.
Lighting/mood: soft diffused commercial studio lighting, accurate fabric texture, natural skin tone.
Constraints: original generated image only, no watermark, no text, no logos, no brand symbols, no exact copy of competitor photo, no extra people, no distorted hands.
Avoid: revealing or lingerie styling, celebrity resemblance, dramatic editorial scene, cluttered room, selfie angle."
HH-051,HOLD_DO_NOT_UPLOAD,NO,팬디리본bl 카이2 sk,C:\Users\UserK\Documents\GitHub\sunny2026ss\source\highheel\하이힐\팬디리본bl 카이2 sk,C:\Users\UserK\Documents\GitHub\sunny2026ss\source\highheel\하이힐\팬디리본bl 카이2 sk\팬디리본bl 카이2 sk13.jpg | C:\Users\UserK\Documents\GitHub\sunny2026ss\source\highheel\하이힐\팬디리본bl 카이2 sk\팬디리본bl 카이2 sk09.jpg | C:\Users\UserK\Documents\GitHub\sunny2026ss\source\highheel\하이힐\팬디리본bl 카이2 sk\팬디리본bl 카이2 sk05.jpg,C:\Users\UserK\Documents\GitHub\sunny2026ss\outputs\highheel_ai_model\HH-051_팬디리본bl 카이2 sk_main.png,C:\Users\UserK\Documents\GitHub\sunny2026ss\outputs\highheel_ai_model\HH-051_팬디리본bl 카이2 sk_detail.png,"Use case: product-mockup
Asset type: main product image for NICE Showroom upload
Primary request: Create a new original catalog photo of the fixed fictional AI model wearing this product. Use the source images only to understand garment color, silhouette, fabric, and key details; do not copy the original model, face, pose, room, mirror selfie, background, crop, or competitor styling.
Fixed model: use the same original adult Korean female AI model as ai_model_reference_v2_showroom-bg.png: shoulder-length dark brown soft-wave hair, elegant natural face, realistic slim proportions, calm boutique expression.
Product: 팬디리본bl 카이2 sk, skirt or coordinated set with skirt, ribbon detail.
Styling rule: keep the actual product's color, silhouette, fabric, and signature details accurate, but freely choose tasteful coordinating bottoms, shoes, and minimal accessories when they are not the core product. Remove or replace outerwear, cardigans, bags, jeans, jewelry, and original styling items unless they are clearly part of the product being sold. The final styling should make the main product easier to see than in the source photo.
Scene/backdrop: tasteful warm ivory Korean boutique showroom studio, softly blurred neutral clothing rack or curved wall detail in the distance, pale matte floor, subtle depth, clean negative space, no readable signs.
Style/medium: photorealistic premium Korean online boutique catalog photography.
Composition/framing: vertical 4:5 full-body or knee-up crop depending on product length, front 3/4 pose, garment clearly visible, no phone, no mirror.
Lighting/mood: soft diffused commercial studio lighting, accurate fabric texture, natural skin tone.
Constraints: original generated image only, no watermark, no text, no logos, no brand symbols, no exact copy of competitor photo, no extra people, no distorted hands.
Avoid: revealing or lingerie styling, celebrity resemblance, dramatic editorial scene, cluttered room, selfie angle."
HH-052,HOLD_DO_NOT_UPLOAD,NO,하니top,C:\Users\UserK\Documents\GitHub\sunny2026ss\source\highheel\하이힐\하니top,C:\Users\UserK\Documents\GitHub\sunny2026ss\source\highheel\하이힐\하니top\하니top07.jpg | C:\Users\UserK\Documents\GitHub\sunny2026ss\source\highheel\하이힐\하니top\하니top06.jpg | C:\Users\UserK\Documents\GitHub\sunny2026ss\source\highheel\하이힐\하니top\하니top10.jpg,C:\Users\UserK\Documents\GitHub\sunny2026ss\outputs\highheel_ai_model\HH-052_하니top_main.png,C:\Users\UserK\Documents\GitHub\sunny2026ss\outputs\highheel_ai_model\HH-052_하니top_detail.png,"Use case: product-mockup
Asset type: main product image for NICE Showroom upload
Primary request: Create a new original catalog photo of the fixed fictional AI model wearing this product. Use the source images only to understand garment color, silhouette, fabric, and key details; do not copy the original model, face, pose, room, mirror selfie, background, crop, or competitor styling.
Fixed model: use the same original adult Korean female AI model as ai_model_reference_v2_showroom-bg.png: shoulder-length dark brown soft-wave hair, elegant natural face, realistic slim proportions, calm boutique expression.
Product: 하니top, top or coordinated top look, follow the reference garment silhouette, color, and fabric details.
Styling rule: keep the actual product's color, silhouette, fabric, and signature details accurate, but freely choose tasteful coordinating bottoms, shoes, and minimal accessories when they are not the core product. Remove or replace outerwear, cardigans, bags, jeans, jewelry, and original styling items unless they are clearly part of the product being sold. The final styling should make the main product easier to see than in the source photo.
Scene/backdrop: tasteful warm ivory Korean boutique showroom studio, softly blurred neutral clothing rack or curved wall detail in the distance, pale matte floor, subtle depth, clean negative space, no readable signs.
Style/medium: photorealistic premium Korean online boutique catalog photography.
Composition/framing: vertical 4:5 full-body or knee-up crop depending on product length, front 3/4 pose, garment clearly visible, no phone, no mirror.
Lighting/mood: soft diffused commercial studio lighting, accurate fabric texture, natural skin tone.
Constraints: original generated image only, no watermark, no text, no logos, no brand symbols, no exact copy of competitor photo, no extra people, no distorted hands.
Avoid: revealing or lingerie styling, celebrity resemblance, dramatic editorial scene, cluttered room, selfie angle."
HH-053,HOLD_DO_NOT_UPLOAD,NO,헤라bl sk,C:\Users\UserK\Documents\GitHub\sunny2026ss\source\highheel\하이힐\헤라bl sk,C:\Users\UserK\Documents\GitHub\sunny2026ss\source\highheel\하이힐\헤라bl sk\헤라bl sk12.jpg | C:\Users\UserK\Documents\GitHub\sunny2026ss\source\highheel\하이힐\헤라bl sk\헤라bl sk08.jpg | C:\Users\UserK\Documents\GitHub\sunny2026ss\source\highheel\하이힐\헤라bl sk\헤라bl sk04.jpg,C:\Users\UserK\Documents\GitHub\sunny2026ss\outputs\highheel_ai_model\HH-053_헤라bl sk_main.png,C:\Users\UserK\Documents\GitHub\sunny2026ss\outputs\highheel_ai_model\HH-053_헤라bl sk_detail.png,"Use case: product-mockup
Asset type: main product image for NICE Showroom upload
Primary request: Create a new original catalog photo of the fixed fictional AI model wearing this product. Use the source images only to understand garment color, silhouette, fabric, and key details; do not copy the original model, face, pose, room, mirror selfie, background, crop, or competitor styling.
Fixed model: use the same original adult Korean female AI model as ai_model_reference_v2_showroom-bg.png: shoulder-length dark brown soft-wave hair, elegant natural face, realistic slim proportions, calm boutique expression.
Product: 헤라bl sk, skirt or coordinated set with skirt, follow the reference garment silhouette, color, and fabric details.
Styling rule: keep the actual product's color, silhouette, fabric, and signature details accurate, but freely choose tasteful coordinating bottoms, shoes, and minimal accessories when they are not the core product. Remove or replace outerwear, cardigans, bags, jeans, jewelry, and original styling items unless they are clearly part of the product being sold. The final styling should make the main product easier to see than in the source photo.
Scene/backdrop: tasteful warm ivory Korean boutique showroom studio, softly blurred neutral clothing rack or curved wall detail in the distance, pale matte floor, subtle depth, clean negative space, no readable signs.
Style/medium: photorealistic premium Korean online boutique catalog photography.
Composition/framing: vertical 4:5 full-body or knee-up crop depending on product length, front 3/4 pose, garment clearly visible, no phone, no mirror.
Lighting/mood: soft diffused commercial studio lighting, accurate fabric texture, natural skin tone.
Constraints: original generated image only, no watermark, no text, no logos, no brand symbols, no exact copy of competitor photo, no extra people, no distorted hands.
Avoid: revealing or lingerie styling, celebrity resemblance, dramatic editorial scene, cluttered room, selfie angle."
HH-054,HOLD_DO_NOT_UPLOAD,NO,헤라sk,C:\Users\UserK\Documents\GitHub\sunny2026ss\source\highheel\하이힐\헤라sk,C:\Users\UserK\Documents\GitHub\sunny2026ss\source\highheel\하이힐\헤라sk\헤라sk02.jpg | C:\Users\UserK\Documents\GitHub\sunny2026ss\source\highheel\하이힐\헤라sk\헤라sk11.jpg | C:\Users\UserK\Documents\GitHub\sunny2026ss\source\highheel\하이힐\헤라sk\헤라sk01.jpg,C:\Users\UserK\Documents\GitHub\sunny2026ss\outputs\highheel_ai_model\HH-054_헤라sk_main.png,C:\Users\UserK\Documents\GitHub\sunny2026ss\outputs\highheel_ai_model\HH-054_헤라sk_detail.png,"Use case: product-mockup
Asset type: main product image for NICE Showroom upload
Primary request: Create a new original catalog photo of the fixed fictional AI model wearing this product. Use the source images only to understand garment color, silhouette, fabric, and key details; do not copy the original model, face, pose, room, mirror selfie, background, crop, or competitor styling.
Fixed model: use the same original adult Korean female AI model as ai_model_reference_v2_showroom-bg.png: shoulder-length dark brown soft-wave hair, elegant natural face, realistic slim proportions, calm boutique expression.
Product: 헤라sk, skirt or coordinated set with skirt, follow the reference garment silhouette, color, and fabric details.
Styling rule: keep the actual product's color, silhouette, fabric, and signature details accurate, but freely choose tasteful coordinating bottoms, shoes, and minimal accessories when they are not the core product. Remove or replace outerwear, cardigans, bags, jeans, jewelry, and original styling items unless they are clearly part of the product being sold. The final styling should make the main product easier to see than in the source photo.
Scene/backdrop: tasteful warm ivory Korean boutique showroom studio, softly blurred neutral clothing rack or curved wall detail in the distance, pale matte floor, subtle depth, clean negative space, no readable signs.
Style/medium: photorealistic premium Korean online boutique catalog photography.
Composition/framing: vertical 4:5 full-body or knee-up crop depending on product length, front 3/4 pose, garment clearly visible, no phone, no mirror.
Lighting/mood: soft diffused commercial studio lighting, accurate fabric texture, natural skin tone.
Constraints: original generated image only, no watermark, no text, no logos, no brand symbols, no exact copy of competitor photo, no extra people, no distorted hands.
Avoid: revealing or lingerie styling, celebrity resemblance, dramatic editorial scene, cluttered room, selfie angle."
HH-055,HOLD_DO_NOT_UPLOAD,NO,효민bl 쥬얼리sk,C:\Users\UserK\Documents\GitHub\sunny2026ss\source\highheel\하이힐\효민bl 쥬얼리sk,C:\Users\UserK\Documents\GitHub\sunny2026ss\source\highheel\하이힐\효민bl 쥬얼리sk\효민bl 쥬얼리sk10.jpg | C:\Users\UserK\Documents\GitHub\sunny2026ss\source\highheel\하이힐\효민bl 쥬얼리sk\효민bl 쥬얼리sk12.jpg | C:\Users\UserK\Documents\GitHub\sunny2026ss\source\highheel\하이힐\효민bl 쥬얼리sk\효민bl 쥬얼리sk04.jpg,C:\Users\UserK\Documents\GitHub\sunny2026ss\outputs\highheel_ai_model\HH-055_효민bl 쥬얼리sk_main.png,C:\Users\UserK\Documents\GitHub\sunny2026ss\outputs\highheel_ai_model\HH-055_효민bl 쥬얼리sk_detail.png,"Use case: product-mockup
Asset type: main product image for NICE Showroom upload
Primary request: Create a new original catalog photo of the fixed fictional AI model wearing this product. Use the source images only to understand garment color, silhouette, fabric, and key details; do not copy the original model, face, pose, room, mirror selfie, background, crop, or competitor styling.
Fixed model: use the same original adult Korean female AI model as ai_model_reference_v2_showroom-bg.png: shoulder-length dark brown soft-wave hair, elegant natural face, realistic slim proportions, calm boutique expression.
Product: 효민bl 쥬얼리sk, skirt or coordinated set with skirt, jewelry-like trim.
Styling rule: keep the actual product's color, silhouette, fabric, and signature details accurate, but freely choose tasteful coordinating bottoms, shoes, and minimal accessories when they are not the core product. Remove or replace outerwear, cardigans, bags, jeans, jewelry, and original styling items unless they are clearly part of the product being sold. The final styling should make the main product easier to see than in the source photo.
Scene/backdrop: tasteful warm ivory Korean boutique showroom studio, softly blurred neutral clothing rack or curved wall detail in the distance, pale matte floor, subtle depth, clean negative space, no readable signs.
Style/medium: photorealistic premium Korean online boutique catalog photography.
Composition/framing: vertical 4:5 full-body or knee-up crop depending on product length, front 3/4 pose, garment clearly visible, no phone, no mirror.
Lighting/mood: soft diffused commercial studio lighting, accurate fabric texture, natural skin tone.
Constraints: original generated image only, no watermark, no text, no logos, no brand symbols, no exact copy of competitor photo, no extra people, no distorted hands.
Avoid: revealing or lingerie styling, celebrity resemblance, dramatic editorial scene, cluttered room, selfie angle."
