code,상품명,기존이미지경로,새이미지경로,대표이미지여부,상세이미지순서,컷구분,생성방식,검수상태,승인여부,검수결과,수정필요사항,실물대조필요,우선검수순번,대표컷적합여부,A라인검수,슬림핏검수,비고
ANC-4001,버튼셔링 원피스,outputs/ank_single_image_cut_system/ank_single_image_cut_review.csv,assets/products/ank/generated/ANC-4001/ANC-4001-main.jpg,예,1,대표 쇼룸컷,기존 생성컷,검수필요,승인,상세페이지 이미지 생성/교체 완료,,아니오,1,검수필요,기존 검수값 유지,기존 검수값 유지,
ANC-4001,버튼셔링 원피스,,assets/products/ank/generated/ANC-4001/ANC-4001-full.jpg,아니오,2,전신컷,기존 생성컷,검수필요,승인,상세페이지 이미지 생성/교체 완료,,아니오,1,검수필요,기존 검수값 유지,기존 검수값 유지,
ANC-4001,버튼셔링 원피스,,assets/products/ank/generated/ANC-4001/ANC-4001-front.jpg,아니오,3,상세 디테일 보드,기존 생성컷,검수필요,승인,상세페이지 이미지 생성/교체 완료,후면/측면은 원본 정보 부족으로 디테일 보드 대체. 사용자 품질 검수 필요,아니오,1,검수필요,기존 검수값 유지,기존 검수값 유지,
ANC-4001,버튼셔링 원피스,,assets/products/ank/generated/ANC-4001/ANC-4001-upper.jpg,아니오,4,넥라인 확대,기존 생성컷,검수필요,승인,상세페이지 이미지 생성/교체 완료,,아니오,1,검수필요,기존 검수값 유지,기존 검수값 유지,
ANC-4001,버튼셔링 원피스,,assets/products/ank/generated/ANC-4001/ANC-4001-lower.jpg,아니오,5,허리/라인 확대,기존 생성컷,검수필요,승인,상세페이지 이미지 생성/교체 완료,,아니오,1,검수필요,기존 검수값 유지,기존 검수값 유지,
ANC-4001,버튼셔링 원피스,,assets/products/ank/generated/ANC-4001/ANC-4001-product.jpg,아니오,6,밑단 확대,기존 생성컷,검수필요,승인,상세페이지 이미지 생성/교체 완료,,아니오,1,검수필요,기존 검수값 유지,기존 검수값 유지,
ANC-4001,버튼셔링 원피스,,assets/products/ank/generated/ANC-4001/ANC-4001-detail-neckline.jpg,아니오,7,원단 확대,기존 생성컷,검수필요,승인,상세페이지 이미지 생성/교체 완료,,아니오,1,검수필요,기존 검수값 유지,기존 검수값 유지,
ANC-4001,버튼셔링 원피스,,assets/products/ank/generated/ANC-4001/ANC-4001-detail-waist.jpg,아니오,8,제품컷,기존 생성컷,검수필요,승인,상세페이지 이미지 생성/교체 완료,,아니오,1,검수필요,기존 검수값 유지,기존 검수값 유지,
ANC-4001,버튼셔링 원피스,,assets/products/ank/generated/ANC-4001/ANC-4001-detail-hem.jpg,아니오,9,원본 보존컷,기존 생성컷,검수필요,승인,상세페이지 이미지 생성/교체 완료,,아니오,1,검수필요,기존 검수값 유지,기존 검수값 유지,
ANC-4001,버튼셔링 원피스,,assets/products/ank/generated/ANC-4001/ANC-4001-detail-fabric.jpg,아니오,10,추가컷,기존 생성컷,검수필요,승인,상세페이지 이미지 생성/교체 완료,,아니오,1,검수필요,기존 검수값 유지,기존 검수값 유지,
ANC-4001,버튼셔링 원피스,,assets/products/ank/generated/ANC-4001/ANC-4001-detail-board.jpg,아니오,11,추가컷,기존 생성컷,검수필요,승인,상세페이지 이미지 생성/교체 완료,,아니오,1,검수필요,기존 검수값 유지,기존 검수값 유지,
ANC-4001,버튼셔링 원피스,,assets/ANC-4001_01.jpg,아니오,12,추가컷,기존 생성컷,검수필요,승인,상세페이지 이미지 생성/교체 완료,,아니오,1,검수필요,기존 검수값 유지,기존 검수값 유지,원본 보존
ANC-4002,배색스퀘어 플레어 원피스,assets/ANC-4002_01.jpg,assets/products/ank/generated/ANC-4002/ANC-4002-main.jpg,예,1,대표 쇼룸컷,original-based detail crop set,검수필요,수정,상세페이지 이미지 생성/교체 완료,,예,2,검수필요,기존 검수값 유지,기존 검수값 유지,
ANC-4002,배색스퀘어 플레어 원피스,,assets/products/ank/generated/ANC-4002/ANC-4002-full.jpg,아니오,2,전신컷,original-based detail crop set,검수필요,수정,상세페이지 이미지 생성/교체 완료,,예,2,검수필요,기존 검수값 유지,기존 검수값 유지,
ANC-4002,배색스퀘어 플레어 원피스,,assets/products/ank/generated/ANC-4002/ANC-4002-detail-board.jpg,아니오,3,상세 디테일 보드,original-based detail crop set,검수필요,수정,상세페이지 이미지 생성/교체 완료,후면/측면은 원본 정보 부족으로 디테일 보드 대체. 사용자 품질 검수 필요,예,2,검수필요,기존 검수값 유지,기존 검수값 유지,
ANC-4002,배색스퀘어 플레어 원피스,,assets/products/ank/generated/ANC-4002/ANC-4002-detail-neckline.jpg,아니오,4,넥라인 확대,original-based detail crop set,검수필요,수정,상세페이지 이미지 생성/교체 완료,,예,2,검수필요,기존 검수값 유지,기존 검수값 유지,
ANC-4002,배색스퀘어 플레어 원피스,,assets/products/ank/generated/ANC-4002/ANC-4002-detail-waist.jpg,아니오,5,허리/라인 확대,original-based detail crop set,검수필요,수정,상세페이지 이미지 생성/교체 완료,,예,2,검수필요,기존 검수값 유지,기존 검수값 유지,
ANC-4002,배색스퀘어 플레어 원피스,,assets/products/ank/generated/ANC-4002/ANC-4002-detail-hem.jpg,아니오,6,밑단 확대,original-based detail crop set,검수필요,수정,상세페이지 이미지 생성/교체 완료,,예,2,검수필요,기존 검수값 유지,기존 검수값 유지,
ANC-4002,배색스퀘어 플레어 원피스,,assets/products/ank/generated/ANC-4002/ANC-4002-detail-fabric.jpg,아니오,7,원단 확대,original-based detail crop set,검수필요,수정,상세페이지 이미지 생성/교체 완료,,예,2,검수필요,기존 검수값 유지,기존 검수값 유지,
ANC-4002,배색스퀘어 플레어 원피스,,assets/products/ank/generated/ANC-4002/ANC-4002-product.jpg,아니오,8,제품컷,original-based detail crop set,검수필요,수정,상세페이지 이미지 생성/교체 완료,,예,2,검수필요,기존 검수값 유지,기존 검수값 유지,
ANC-4002,배색스퀘어 플레어 원피스,,assets/ANC-4002_01.jpg,아니오,9,원본 보존컷,original-based detail crop set,검수필요,수정,상세페이지 이미지 생성/교체 완료,,예,2,검수필요,기존 검수값 유지,기존 검수값 유지,원본 보존
ANC-4003,프릴블라우스 배색 원피스,outputs/ank_single_image_cut_system/ank_single_image_cut_review.csv,assets/products/ank/generated/ANC-4003/ANC-4003-main-clean.jpg,예,1,대표 쇼룸컷,기존 생성컷,검수필요,승인,상세페이지 이미지 생성/교체 완료,,아니오,3,검수필요,기존 검수값 유지,기존 검수값 유지,
ANC-4003,프릴블라우스 배색 원피스,,assets/products/ank/generated/ANC-4003/ANC-4003-full.jpg,아니오,2,전신컷,기존 생성컷,검수필요,승인,상세페이지 이미지 생성/교체 완료,,아니오,3,검수필요,기존 검수값 유지,기존 검수값 유지,
ANC-4003,프릴블라우스 배색 원피스,,assets/products/ank/generated/ANC-4003/ANC-4003-detail-board.jpg,아니오,3,상세 디테일 보드,기존 생성컷,검수필요,승인,상세페이지 이미지 생성/교체 완료,후면/측면은 원본 정보 부족으로 디테일 보드 대체. 사용자 품질 검수 필요,아니오,3,검수필요,기존 검수값 유지,기존 검수값 유지,
ANC-4003,프릴블라우스 배색 원피스,,assets/products/ank/generated/ANC-4003/ANC-4003-detail-neckline.jpg,아니오,4,넥라인 확대,기존 생성컷,검수필요,승인,상세페이지 이미지 생성/교체 완료,,아니오,3,검수필요,기존 검수값 유지,기존 검수값 유지,
ANC-4003,프릴블라우스 배색 원피스,,assets/products/ank/generated/ANC-4003/ANC-4003-detail-waist.jpg,아니오,5,허리/라인 확대,기존 생성컷,검수필요,승인,상세페이지 이미지 생성/교체 완료,,아니오,3,검수필요,기존 검수값 유지,기존 검수값 유지,
ANC-4003,프릴블라우스 배색 원피스,,assets/products/ank/generated/ANC-4003/ANC-4003-detail-hem.jpg,아니오,6,밑단 확대,기존 생성컷,검수필요,승인,상세페이지 이미지 생성/교체 완료,,아니오,3,검수필요,기존 검수값 유지,기존 검수값 유지,
ANC-4003,프릴블라우스 배색 원피스,,assets/products/ank/generated/ANC-4003/ANC-4003-detail-fabric.jpg,아니오,7,원단 확대,기존 생성컷,검수필요,승인,상세페이지 이미지 생성/교체 완료,,아니오,3,검수필요,기존 검수값 유지,기존 검수값 유지,
ANC-4003,프릴블라우스 배색 원피스,,assets/products/ank/generated/ANC-4003/ANC-4003-product-large.jpg,아니오,8,제품컷,기존 생성컷,검수필요,승인,상세페이지 이미지 생성/교체 완료,,아니오,3,검수필요,기존 검수값 유지,기존 검수값 유지,원본 보존
ANC-4004,세일러카라 플레어 원피스,assets/ANC-4004_01.jpg,assets/products/ank/generated/ANC-4004/ANC-4004-main.jpg,예,1,대표 쇼룸컷,original-based detail crop set,검수필요,수정,상세페이지 이미지 생성/교체 완료,,예,4,검수필요,기존 검수값 유지,기존 검수값 유지,
ANC-4004,세일러카라 플레어 원피스,,assets/products/ank/generated/ANC-4004/ANC-4004-full.jpg,아니오,2,전신컷,original-based detail crop set,검수필요,수정,상세페이지 이미지 생성/교체 완료,,예,4,검수필요,기존 검수값 유지,기존 검수값 유지,
ANC-4004,세일러카라 플레어 원피스,,assets/products/ank/generated/ANC-4004/ANC-4004-detail-board.jpg,아니오,3,상세 디테일 보드,original-based detail crop set,검수필요,수정,상세페이지 이미지 생성/교체 완료,후면/측면은 원본 정보 부족으로 디테일 보드 대체. 사용자 품질 검수 필요,예,4,검수필요,기존 검수값 유지,기존 검수값 유지,
ANC-4004,세일러카라 플레어 원피스,,assets/products/ank/generated/ANC-4004/ANC-4004-detail-neckline.jpg,아니오,4,넥라인 확대,original-based detail crop set,검수필요,수정,상세페이지 이미지 생성/교체 완료,,예,4,검수필요,기존 검수값 유지,기존 검수값 유지,
ANC-4004,세일러카라 플레어 원피스,,assets/products/ank/generated/ANC-4004/ANC-4004-detail-waist.jpg,아니오,5,허리/라인 확대,original-based detail crop set,검수필요,수정,상세페이지 이미지 생성/교체 완료,,예,4,검수필요,기존 검수값 유지,기존 검수값 유지,
ANC-4004,세일러카라 플레어 원피스,,assets/products/ank/generated/ANC-4004/ANC-4004-detail-hem.jpg,아니오,6,밑단 확대,original-based detail crop set,검수필요,수정,상세페이지 이미지 생성/교체 완료,,예,4,검수필요,기존 검수값 유지,기존 검수값 유지,
ANC-4004,세일러카라 플레어 원피스,,assets/products/ank/generated/ANC-4004/ANC-4004-detail-fabric.jpg,아니오,7,원단 확대,original-based detail crop set,검수필요,수정,상세페이지 이미지 생성/교체 완료,,예,4,검수필요,기존 검수값 유지,기존 검수값 유지,
ANC-4004,세일러카라 플레어 원피스,,assets/products/ank/generated/ANC-4004/ANC-4004-product.jpg,아니오,8,제품컷,original-based detail crop set,검수필요,수정,상세페이지 이미지 생성/교체 완료,,예,4,검수필요,기존 검수값 유지,기존 검수값 유지,
ANC-4004,세일러카라 플레어 원피스,,assets/ANC-4004_01.jpg,아니오,9,원본 보존컷,original-based detail crop set,검수필요,수정,상세페이지 이미지 생성/교체 완료,,예,4,검수필요,기존 검수값 유지,기존 검수값 유지,원본 보존
ANC-4005,오프숄더 러플 원피스,assets/ANC-4005_01.jpg,assets/products/ank/generated/ANC-4005/ANC-4005-main.jpg,예,1,대표 쇼룸컷,original-based detail crop set,검수필요,수정,상세페이지 이미지 생성/교체 완료,,예,5,검수필요,기존 검수값 유지,기존 검수값 유지,
ANC-4005,오프숄더 러플 원피스,,assets/products/ank/generated/ANC-4005/ANC-4005-full.jpg,아니오,2,전신컷,original-based detail crop set,검수필요,수정,상세페이지 이미지 생성/교체 완료,,예,5,검수필요,기존 검수값 유지,기존 검수값 유지,
ANC-4005,오프숄더 러플 원피스,,assets/products/ank/generated/ANC-4005/ANC-4005-detail-board.jpg,아니오,3,상세 디테일 보드,original-based detail crop set,검수필요,수정,상세페이지 이미지 생성/교체 완료,후면/측면은 원본 정보 부족으로 디테일 보드 대체. 사용자 품질 검수 필요,예,5,검수필요,기존 검수값 유지,기존 검수값 유지,
ANC-4005,오프숄더 러플 원피스,,assets/products/ank/generated/ANC-4005/ANC-4005-detail-neckline.jpg,아니오,4,넥라인 확대,original-based detail crop set,검수필요,수정,상세페이지 이미지 생성/교체 완료,,예,5,검수필요,기존 검수값 유지,기존 검수값 유지,
ANC-4005,오프숄더 러플 원피스,,assets/products/ank/generated/ANC-4005/ANC-4005-detail-waist.jpg,아니오,5,허리/라인 확대,original-based detail crop set,검수필요,수정,상세페이지 이미지 생성/교체 완료,,예,5,검수필요,기존 검수값 유지,기존 검수값 유지,
ANC-4005,오프숄더 러플 원피스,,assets/products/ank/generated/ANC-4005/ANC-4005-detail-hem.jpg,아니오,6,밑단 확대,original-based detail crop set,검수필요,수정,상세페이지 이미지 생성/교체 완료,,예,5,검수필요,기존 검수값 유지,기존 검수값 유지,
ANC-4005,오프숄더 러플 원피스,,assets/products/ank/generated/ANC-4005/ANC-4005-detail-fabric.jpg,아니오,7,원단 확대,original-based detail crop set,검수필요,수정,상세페이지 이미지 생성/교체 완료,,예,5,검수필요,기존 검수값 유지,기존 검수값 유지,
ANC-4005,오프숄더 러플 원피스,,assets/products/ank/generated/ANC-4005/ANC-4005-product.jpg,아니오,8,제품컷,original-based detail crop set,검수필요,수정,상세페이지 이미지 생성/교체 완료,,예,5,검수필요,기존 검수값 유지,기존 검수값 유지,
ANC-4005,오프숄더 러플 원피스,,assets/ANC-4005_01.jpg,아니오,9,원본 보존컷,original-based detail crop set,검수필요,수정,상세페이지 이미지 생성/교체 완료,,예,5,검수필요,기존 검수값 유지,기존 검수값 유지,원본 보존
ANC-4006,레이스숄더 플레어 원피스,assets/ANC-4006_01.jpg,assets/products/ank/generated/ANC-4006/ANC-4006-main.jpg,예,1,대표 쇼룸컷,original-based detail crop set,검수필요,수정,상세페이지 이미지 생성/교체 완료,,예,6,검수필요,기존 검수값 유지,기존 검수값 유지,
ANC-4006,레이스숄더 플레어 원피스,,assets/products/ank/generated/ANC-4006/ANC-4006-full.jpg,아니오,2,전신컷,original-based detail crop set,검수필요,수정,상세페이지 이미지 생성/교체 완료,,예,6,검수필요,기존 검수값 유지,기존 검수값 유지,
ANC-4006,레이스숄더 플레어 원피스,,assets/products/ank/generated/ANC-4006/ANC-4006-detail-board.jpg,아니오,3,상세 디테일 보드,original-based detail crop set,검수필요,수정,상세페이지 이미지 생성/교체 완료,후면/측면은 원본 정보 부족으로 디테일 보드 대체. 사용자 품질 검수 필요,예,6,검수필요,기존 검수값 유지,기존 검수값 유지,
ANC-4006,레이스숄더 플레어 원피스,,assets/products/ank/generated/ANC-4006/ANC-4006-detail-neckline.jpg,아니오,4,넥라인 확대,original-based detail crop set,검수필요,수정,상세페이지 이미지 생성/교체 완료,,예,6,검수필요,기존 검수값 유지,기존 검수값 유지,
ANC-4006,레이스숄더 플레어 원피스,,assets/products/ank/generated/ANC-4006/ANC-4006-detail-waist.jpg,아니오,5,허리/라인 확대,original-based detail crop set,검수필요,수정,상세페이지 이미지 생성/교체 완료,,예,6,검수필요,기존 검수값 유지,기존 검수값 유지,
ANC-4006,레이스숄더 플레어 원피스,,assets/products/ank/generated/ANC-4006/ANC-4006-detail-hem.jpg,아니오,6,밑단 확대,original-based detail crop set,검수필요,수정,상세페이지 이미지 생성/교체 완료,,예,6,검수필요,기존 검수값 유지,기존 검수값 유지,
ANC-4006,레이스숄더 플레어 원피스,,assets/products/ank/generated/ANC-4006/ANC-4006-detail-fabric.jpg,아니오,7,원단 확대,original-based detail crop set,검수필요,수정,상세페이지 이미지 생성/교체 완료,,예,6,검수필요,기존 검수값 유지,기존 검수값 유지,
ANC-4006,레이스숄더 플레어 원피스,,assets/products/ank/generated/ANC-4006/ANC-4006-product.jpg,아니오,8,제품컷,original-based detail crop set,검수필요,수정,상세페이지 이미지 생성/교체 완료,,예,6,검수필요,기존 검수값 유지,기존 검수값 유지,
ANC-4006,레이스숄더 플레어 원피스,,assets/ANC-4006_01.jpg,아니오,9,원본 보존컷,original-based detail crop set,검수필요,수정,상세페이지 이미지 생성/교체 완료,,예,6,검수필요,기존 검수값 유지,기존 검수값 유지,원본 보존
ANC-4007,체크셔링 원피스,assets/ANC-4007_01.jpg,assets/products/ank/generated/ANC-4007/ANC-4007-main.jpg,예,1,대표 쇼룸컷,original-based detail crop set,검수필요,수정,상세페이지 이미지 생성/교체 완료,,예,7,검수필요,기존 검수값 유지,기존 검수값 유지,
ANC-4007,체크셔링 원피스,,assets/products/ank/generated/ANC-4007/ANC-4007-full.jpg,아니오,2,전신컷,original-based detail crop set,검수필요,수정,상세페이지 이미지 생성/교체 완료,,예,7,검수필요,기존 검수값 유지,기존 검수값 유지,
ANC-4007,체크셔링 원피스,,assets/products/ank/generated/ANC-4007/ANC-4007-detail-board.jpg,아니오,3,상세 디테일 보드,original-based detail crop set,검수필요,수정,상세페이지 이미지 생성/교체 완료,후면/측면은 원본 정보 부족으로 디테일 보드 대체. 사용자 품질 검수 필요,예,7,검수필요,기존 검수값 유지,기존 검수값 유지,
ANC-4007,체크셔링 원피스,,assets/products/ank/generated/ANC-4007/ANC-4007-detail-neckline.jpg,아니오,4,넥라인 확대,original-based detail crop set,검수필요,수정,상세페이지 이미지 생성/교체 완료,,예,7,검수필요,기존 검수값 유지,기존 검수값 유지,
ANC-4007,체크셔링 원피스,,assets/products/ank/generated/ANC-4007/ANC-4007-detail-waist.jpg,아니오,5,허리/라인 확대,original-based detail crop set,검수필요,수정,상세페이지 이미지 생성/교체 완료,,예,7,검수필요,기존 검수값 유지,기존 검수값 유지,
ANC-4007,체크셔링 원피스,,assets/products/ank/generated/ANC-4007/ANC-4007-detail-hem.jpg,아니오,6,밑단 확대,original-based detail crop set,검수필요,수정,상세페이지 이미지 생성/교체 완료,,예,7,검수필요,기존 검수값 유지,기존 검수값 유지,
ANC-4007,체크셔링 원피스,,assets/products/ank/generated/ANC-4007/ANC-4007-detail-fabric.jpg,아니오,7,원단 확대,original-based detail crop set,검수필요,수정,상세페이지 이미지 생성/교체 완료,,예,7,검수필요,기존 검수값 유지,기존 검수값 유지,
ANC-4007,체크셔링 원피스,,assets/products/ank/generated/ANC-4007/ANC-4007-product.jpg,아니오,8,제품컷,original-based detail crop set,검수필요,수정,상세페이지 이미지 생성/교체 완료,,예,7,검수필요,기존 검수값 유지,기존 검수값 유지,
ANC-4007,체크셔링 원피스,,assets/ANC-4007_01.jpg,아니오,9,원본 보존컷,original-based detail crop set,검수필요,수정,상세페이지 이미지 생성/교체 완료,,예,7,검수필요,기존 검수값 유지,기존 검수값 유지,원본 보존
ANC-4008,펀칭레이스 플레어 원피스,assets/ANC-4008_01.jpg,assets/products/ank/generated/ANC-4008/ANC-4008-main.jpg,예,1,대표 쇼룸컷,original-based detail crop set,검수필요,수정,상세페이지 이미지 생성/교체 완료,,예,8,검수필요,기존 검수값 유지,기존 검수값 유지,
ANC-4008,펀칭레이스 플레어 원피스,,assets/products/ank/generated/ANC-4008/ANC-4008-full.jpg,아니오,2,전신컷,original-based detail crop set,검수필요,수정,상세페이지 이미지 생성/교체 완료,,예,8,검수필요,기존 검수값 유지,기존 검수값 유지,
ANC-4008,펀칭레이스 플레어 원피스,,assets/products/ank/generated/ANC-4008/ANC-4008-detail-board.jpg,아니오,3,상세 디테일 보드,original-based detail crop set,검수필요,수정,상세페이지 이미지 생성/교체 완료,후면/측면은 원본 정보 부족으로 디테일 보드 대체. 사용자 품질 검수 필요,예,8,검수필요,기존 검수값 유지,기존 검수값 유지,
ANC-4008,펀칭레이스 플레어 원피스,,assets/products/ank/generated/ANC-4008/ANC-4008-detail-neckline.jpg,아니오,4,넥라인 확대,original-based detail crop set,검수필요,수정,상세페이지 이미지 생성/교체 완료,,예,8,검수필요,기존 검수값 유지,기존 검수값 유지,
ANC-4008,펀칭레이스 플레어 원피스,,assets/products/ank/generated/ANC-4008/ANC-4008-detail-waist.jpg,아니오,5,허리/라인 확대,original-based detail crop set,검수필요,수정,상세페이지 이미지 생성/교체 완료,,예,8,검수필요,기존 검수값 유지,기존 검수값 유지,
ANC-4008,펀칭레이스 플레어 원피스,,assets/products/ank/generated/ANC-4008/ANC-4008-detail-hem.jpg,아니오,6,밑단 확대,original-based detail crop set,검수필요,수정,상세페이지 이미지 생성/교체 완료,,예,8,검수필요,기존 검수값 유지,기존 검수값 유지,
ANC-4008,펀칭레이스 플레어 원피스,,assets/products/ank/generated/ANC-4008/ANC-4008-detail-fabric.jpg,아니오,7,원단 확대,original-based detail crop set,검수필요,수정,상세페이지 이미지 생성/교체 완료,,예,8,검수필요,기존 검수값 유지,기존 검수값 유지,
ANC-4008,펀칭레이스 플레어 원피스,,assets/products/ank/generated/ANC-4008/ANC-4008-product.jpg,아니오,8,제품컷,original-based detail crop set,검수필요,수정,상세페이지 이미지 생성/교체 완료,,예,8,검수필요,기존 검수값 유지,기존 검수값 유지,
ANC-4008,펀칭레이스 플레어 원피스,,assets/ANC-4008_01.jpg,아니오,9,원본 보존컷,original-based detail crop set,검수필요,수정,상세페이지 이미지 생성/교체 완료,,예,8,검수필요,기존 검수값 유지,기존 검수값 유지,원본 보존
ANC-4009,랩셔링 원피스,assets/ANC-4009_01.jpg,assets/products/ank/generated/ANC-4009/ANC-4009-main.jpg,예,1,대표 쇼룸컷,original-based detail crop set,검수필요,수정,상세페이지 이미지 생성/교체 완료,,예,9,검수필요,기존 검수값 유지,기존 검수값 유지,
ANC-4009,랩셔링 원피스,,assets/products/ank/generated/ANC-4009/ANC-4009-full.jpg,아니오,2,전신컷,original-based detail crop set,검수필요,수정,상세페이지 이미지 생성/교체 완료,,예,9,검수필요,기존 검수값 유지,기존 검수값 유지,
ANC-4009,랩셔링 원피스,,assets/products/ank/generated/ANC-4009/ANC-4009-detail-board.jpg,아니오,3,상세 디테일 보드,original-based detail crop set,검수필요,수정,상세페이지 이미지 생성/교체 완료,후면/측면은 원본 정보 부족으로 디테일 보드 대체. 사용자 품질 검수 필요,예,9,검수필요,기존 검수값 유지,기존 검수값 유지,
ANC-4009,랩셔링 원피스,,assets/products/ank/generated/ANC-4009/ANC-4009-detail-neckline.jpg,아니오,4,넥라인 확대,original-based detail crop set,검수필요,수정,상세페이지 이미지 생성/교체 완료,,예,9,검수필요,기존 검수값 유지,기존 검수값 유지,
ANC-4009,랩셔링 원피스,,assets/products/ank/generated/ANC-4009/ANC-4009-detail-waist.jpg,아니오,5,허리/라인 확대,original-based detail crop set,검수필요,수정,상세페이지 이미지 생성/교체 완료,,예,9,검수필요,기존 검수값 유지,기존 검수값 유지,
ANC-4009,랩셔링 원피스,,assets/products/ank/generated/ANC-4009/ANC-4009-detail-hem.jpg,아니오,6,밑단 확대,original-based detail crop set,검수필요,수정,상세페이지 이미지 생성/교체 완료,,예,9,검수필요,기존 검수값 유지,기존 검수값 유지,
ANC-4009,랩셔링 원피스,,assets/products/ank/generated/ANC-4009/ANC-4009-detail-fabric.jpg,아니오,7,원단 확대,original-based detail crop set,검수필요,수정,상세페이지 이미지 생성/교체 완료,,예,9,검수필요,기존 검수값 유지,기존 검수값 유지,
ANC-4009,랩셔링 원피스,,assets/products/ank/generated/ANC-4009/ANC-4009-product.jpg,아니오,8,제품컷,original-based detail crop set,검수필요,수정,상세페이지 이미지 생성/교체 완료,,예,9,검수필요,기존 검수값 유지,기존 검수값 유지,
ANC-4009,랩셔링 원피스,,assets/ANC-4009_01.jpg,아니오,9,원본 보존컷,original-based detail crop set,검수필요,수정,상세페이지 이미지 생성/교체 완료,,예,9,검수필요,기존 검수값 유지,기존 검수값 유지,원본 보존
ANC-4010,스트라이프 플레어 원피스,assets/ANC-4010_01.jpg,assets/products/ank/generated/ANC-4010/ANC-4010-main.jpg,예,1,대표 쇼룸컷,original-based detail crop set,검수필요,수정,상세페이지 이미지 생성/교체 완료,,예,10,검수필요,기존 검수값 유지,기존 검수값 유지,
ANC-4010,스트라이프 플레어 원피스,,assets/products/ank/generated/ANC-4010/ANC-4010-full.jpg,아니오,2,전신컷,original-based detail crop set,검수필요,수정,상세페이지 이미지 생성/교체 완료,,예,10,검수필요,기존 검수값 유지,기존 검수값 유지,
ANC-4010,스트라이프 플레어 원피스,,assets/products/ank/generated/ANC-4010/ANC-4010-detail-board.jpg,아니오,3,상세 디테일 보드,original-based detail crop set,검수필요,수정,상세페이지 이미지 생성/교체 완료,후면/측면은 원본 정보 부족으로 디테일 보드 대체. 사용자 품질 검수 필요,예,10,검수필요,기존 검수값 유지,기존 검수값 유지,
ANC-4010,스트라이프 플레어 원피스,,assets/products/ank/generated/ANC-4010/ANC-4010-detail-neckline.jpg,아니오,4,넥라인 확대,original-based detail crop set,검수필요,수정,상세페이지 이미지 생성/교체 완료,,예,10,검수필요,기존 검수값 유지,기존 검수값 유지,
ANC-4010,스트라이프 플레어 원피스,,assets/products/ank/generated/ANC-4010/ANC-4010-detail-waist.jpg,아니오,5,허리/라인 확대,original-based detail crop set,검수필요,수정,상세페이지 이미지 생성/교체 완료,,예,10,검수필요,기존 검수값 유지,기존 검수값 유지,
ANC-4010,스트라이프 플레어 원피스,,assets/products/ank/generated/ANC-4010/ANC-4010-detail-hem.jpg,아니오,6,밑단 확대,original-based detail crop set,검수필요,수정,상세페이지 이미지 생성/교체 완료,,예,10,검수필요,기존 검수값 유지,기존 검수값 유지,
ANC-4010,스트라이프 플레어 원피스,,assets/products/ank/generated/ANC-4010/ANC-4010-detail-fabric.jpg,아니오,7,원단 확대,original-based detail crop set,검수필요,수정,상세페이지 이미지 생성/교체 완료,,예,10,검수필요,기존 검수값 유지,기존 검수값 유지,
ANC-4010,스트라이프 플레어 원피스,,assets/products/ank/generated/ANC-4010/ANC-4010-product.jpg,아니오,8,제품컷,original-based detail crop set,검수필요,수정,상세페이지 이미지 생성/교체 완료,,예,10,검수필요,기존 검수값 유지,기존 검수값 유지,
ANC-4010,스트라이프 플레어 원피스,,assets/ANC-4010_01.jpg,아니오,9,원본 보존컷,original-based detail crop set,검수필요,수정,상세페이지 이미지 생성/교체 완료,,예,10,검수필요,기존 검수값 유지,기존 검수값 유지,원본 보존
ANC-4011,드레이프셔링 원피스,assets/ANC-4011_01.jpg,assets/products/ank/generated/ANC-4011/ANC-4011-main.jpg,예,1,대표 쇼룸컷,original-based detail crop set,검수필요,수정,상세페이지 이미지 생성/교체 완료,,예,11,검수필요,기존 검수값 유지,기존 검수값 유지,
ANC-4011,드레이프셔링 원피스,,assets/products/ank/generated/ANC-4011/ANC-4011-full.jpg,아니오,2,전신컷,original-based detail crop set,검수필요,수정,상세페이지 이미지 생성/교체 완료,,예,11,검수필요,기존 검수값 유지,기존 검수값 유지,
ANC-4011,드레이프셔링 원피스,,assets/products/ank/generated/ANC-4011/ANC-4011-detail-board.jpg,아니오,3,상세 디테일 보드,original-based detail crop set,검수필요,수정,상세페이지 이미지 생성/교체 완료,후면/측면은 원본 정보 부족으로 디테일 보드 대체. 사용자 품질 검수 필요,예,11,검수필요,기존 검수값 유지,기존 검수값 유지,
ANC-4011,드레이프셔링 원피스,,assets/products/ank/generated/ANC-4011/ANC-4011-detail-neckline.jpg,아니오,4,넥라인 확대,original-based detail crop set,검수필요,수정,상세페이지 이미지 생성/교체 완료,,예,11,검수필요,기존 검수값 유지,기존 검수값 유지,
ANC-4011,드레이프셔링 원피스,,assets/products/ank/generated/ANC-4011/ANC-4011-detail-waist.jpg,아니오,5,허리/라인 확대,original-based detail crop set,검수필요,수정,상세페이지 이미지 생성/교체 완료,,예,11,검수필요,기존 검수값 유지,기존 검수값 유지,
ANC-4011,드레이프셔링 원피스,,assets/products/ank/generated/ANC-4011/ANC-4011-detail-hem.jpg,아니오,6,밑단 확대,original-based detail crop set,검수필요,수정,상세페이지 이미지 생성/교체 완료,,예,11,검수필요,기존 검수값 유지,기존 검수값 유지,
ANC-4011,드레이프셔링 원피스,,assets/products/ank/generated/ANC-4011/ANC-4011-detail-fabric.jpg,아니오,7,원단 확대,original-based detail crop set,검수필요,수정,상세페이지 이미지 생성/교체 완료,,예,11,검수필요,기존 검수값 유지,기존 검수값 유지,
ANC-4011,드레이프셔링 원피스,,assets/products/ank/generated/ANC-4011/ANC-4011-product.jpg,아니오,8,제품컷,original-based detail crop set,검수필요,수정,상세페이지 이미지 생성/교체 완료,,예,11,검수필요,기존 검수값 유지,기존 검수값 유지,
ANC-4011,드레이프셔링 원피스,,assets/ANC-4011_01.jpg,아니오,9,원본 보존컷,original-based detail crop set,검수필요,수정,상세페이지 이미지 생성/교체 완료,,예,11,검수필요,기존 검수값 유지,기존 검수값 유지,원본 보존
ANC-4012,더블버튼 플레어 원피스,assets/ANC-4012_01.jpg,assets/products/ank/generated/ANC-4012/ANC-4012-main.jpg,예,1,대표 쇼룸컷,original-based detail crop set,검수필요,수정,상세페이지 이미지 생성/교체 완료,,예,12,검수필요,기존 검수값 유지,기존 검수값 유지,
ANC-4012,더블버튼 플레어 원피스,,assets/products/ank/generated/ANC-4012/ANC-4012-full.jpg,아니오,2,전신컷,original-based detail crop set,검수필요,수정,상세페이지 이미지 생성/교체 완료,,예,12,검수필요,기존 검수값 유지,기존 검수값 유지,
ANC-4012,더블버튼 플레어 원피스,,assets/products/ank/generated/ANC-4012/ANC-4012-detail-board.jpg,아니오,3,상세 디테일 보드,original-based detail crop set,검수필요,수정,상세페이지 이미지 생성/교체 완료,후면/측면은 원본 정보 부족으로 디테일 보드 대체. 사용자 품질 검수 필요,예,12,검수필요,기존 검수값 유지,기존 검수값 유지,
ANC-4012,더블버튼 플레어 원피스,,assets/products/ank/generated/ANC-4012/ANC-4012-detail-neckline.jpg,아니오,4,넥라인 확대,original-based detail crop set,검수필요,수정,상세페이지 이미지 생성/교체 완료,,예,12,검수필요,기존 검수값 유지,기존 검수값 유지,
ANC-4012,더블버튼 플레어 원피스,,assets/products/ank/generated/ANC-4012/ANC-4012-detail-waist.jpg,아니오,5,허리/라인 확대,original-based detail crop set,검수필요,수정,상세페이지 이미지 생성/교체 완료,,예,12,검수필요,기존 검수값 유지,기존 검수값 유지,
ANC-4012,더블버튼 플레어 원피스,,assets/products/ank/generated/ANC-4012/ANC-4012-detail-hem.jpg,아니오,6,밑단 확대,original-based detail crop set,검수필요,수정,상세페이지 이미지 생성/교체 완료,,예,12,검수필요,기존 검수값 유지,기존 검수값 유지,
ANC-4012,더블버튼 플레어 원피스,,assets/products/ank/generated/ANC-4012/ANC-4012-detail-fabric.jpg,아니오,7,원단 확대,original-based detail crop set,검수필요,수정,상세페이지 이미지 생성/교체 완료,,예,12,검수필요,기존 검수값 유지,기존 검수값 유지,
ANC-4012,더블버튼 플레어 원피스,,assets/products/ank/generated/ANC-4012/ANC-4012-product.jpg,아니오,8,제품컷,original-based detail crop set,검수필요,수정,상세페이지 이미지 생성/교체 완료,,예,12,검수필요,기존 검수값 유지,기존 검수값 유지,
ANC-4012,더블버튼 플레어 원피스,,assets/ANC-4012_01.jpg,아니오,9,원본 보존컷,original-based detail crop set,검수필요,수정,상세페이지 이미지 생성/교체 완료,,예,12,검수필요,기존 검수값 유지,기존 검수값 유지,원본 보존
ANC-4013,리본블라우스 셔링 원피스,assets/ANC-4013_01.jpg,assets/products/ank/generated/ANC-4013/ANC-4013-main.jpg,예,1,대표 쇼룸컷,original-based detail crop set,검수필요,수정,상세페이지 이미지 생성/교체 완료,,예,13,검수필요,기존 검수값 유지,기존 검수값 유지,
ANC-4013,리본블라우스 셔링 원피스,,assets/products/ank/generated/ANC-4013/ANC-4013-full.jpg,아니오,2,전신컷,original-based detail crop set,검수필요,수정,상세페이지 이미지 생성/교체 완료,,예,13,검수필요,기존 검수값 유지,기존 검수값 유지,
ANC-4013,리본블라우스 셔링 원피스,,assets/products/ank/generated/ANC-4013/ANC-4013-detail-board.jpg,아니오,3,상세 디테일 보드,original-based detail crop set,검수필요,수정,상세페이지 이미지 생성/교체 완료,후면/측면은 원본 정보 부족으로 디테일 보드 대체. 사용자 품질 검수 필요,예,13,검수필요,기존 검수값 유지,기존 검수값 유지,
ANC-4013,리본블라우스 셔링 원피스,,assets/products/ank/generated/ANC-4013/ANC-4013-detail-neckline.jpg,아니오,4,넥라인 확대,original-based detail crop set,검수필요,수정,상세페이지 이미지 생성/교체 완료,,예,13,검수필요,기존 검수값 유지,기존 검수값 유지,
ANC-4013,리본블라우스 셔링 원피스,,assets/products/ank/generated/ANC-4013/ANC-4013-detail-waist.jpg,아니오,5,허리/라인 확대,original-based detail crop set,검수필요,수정,상세페이지 이미지 생성/교체 완료,,예,13,검수필요,기존 검수값 유지,기존 검수값 유지,
ANC-4013,리본블라우스 셔링 원피스,,assets/products/ank/generated/ANC-4013/ANC-4013-detail-hem.jpg,아니오,6,밑단 확대,original-based detail crop set,검수필요,수정,상세페이지 이미지 생성/교체 완료,,예,13,검수필요,기존 검수값 유지,기존 검수값 유지,
ANC-4013,리본블라우스 셔링 원피스,,assets/products/ank/generated/ANC-4013/ANC-4013-detail-fabric.jpg,아니오,7,원단 확대,original-based detail crop set,검수필요,수정,상세페이지 이미지 생성/교체 완료,,예,13,검수필요,기존 검수값 유지,기존 검수값 유지,
ANC-4013,리본블라우스 셔링 원피스,,assets/products/ank/generated/ANC-4013/ANC-4013-product.jpg,아니오,8,제품컷,original-based detail crop set,검수필요,수정,상세페이지 이미지 생성/교체 완료,,예,13,검수필요,기존 검수값 유지,기존 검수값 유지,
ANC-4013,리본블라우스 셔링 원피스,,assets/ANC-4013_01.jpg,아니오,9,원본 보존컷,original-based detail crop set,검수필요,수정,상세페이지 이미지 생성/교체 완료,,예,13,검수필요,기존 검수값 유지,기존 검수값 유지,원본 보존
ANC-4014,더블버튼 레이스 원피스,assets/ANC-4014_01.jpg,assets/products/ank/generated/ANC-4014/ANC-4014-main.jpg,예,1,대표 쇼룸컷,original-based detail crop set,검수필요,수정,상세페이지 이미지 생성/교체 완료,,예,14,검수필요,기존 검수값 유지,기존 검수값 유지,
ANC-4014,더블버튼 레이스 원피스,,assets/products/ank/generated/ANC-4014/ANC-4014-full.jpg,아니오,2,전신컷,original-based detail crop set,검수필요,수정,상세페이지 이미지 생성/교체 완료,,예,14,검수필요,기존 검수값 유지,기존 검수값 유지,
ANC-4014,더블버튼 레이스 원피스,,assets/products/ank/generated/ANC-4014/ANC-4014-detail-board.jpg,아니오,3,상세 디테일 보드,original-based detail crop set,검수필요,수정,상세페이지 이미지 생성/교체 완료,후면/측면은 원본 정보 부족으로 디테일 보드 대체. 사용자 품질 검수 필요,예,14,검수필요,기존 검수값 유지,기존 검수값 유지,
ANC-4014,더블버튼 레이스 원피스,,assets/products/ank/generated/ANC-4014/ANC-4014-detail-neckline.jpg,아니오,4,넥라인 확대,original-based detail crop set,검수필요,수정,상세페이지 이미지 생성/교체 완료,,예,14,검수필요,기존 검수값 유지,기존 검수값 유지,
ANC-4014,더블버튼 레이스 원피스,,assets/products/ank/generated/ANC-4014/ANC-4014-detail-waist.jpg,아니오,5,허리/라인 확대,original-based detail crop set,검수필요,수정,상세페이지 이미지 생성/교체 완료,,예,14,검수필요,기존 검수값 유지,기존 검수값 유지,
ANC-4014,더블버튼 레이스 원피스,,assets/products/ank/generated/ANC-4014/ANC-4014-detail-hem.jpg,아니오,6,밑단 확대,original-based detail crop set,검수필요,수정,상세페이지 이미지 생성/교체 완료,,예,14,검수필요,기존 검수값 유지,기존 검수값 유지,
ANC-4014,더블버튼 레이스 원피스,,assets/products/ank/generated/ANC-4014/ANC-4014-detail-fabric.jpg,아니오,7,원단 확대,original-based detail crop set,검수필요,수정,상세페이지 이미지 생성/교체 완료,,예,14,검수필요,기존 검수값 유지,기존 검수값 유지,
ANC-4014,더블버튼 레이스 원피스,,assets/products/ank/generated/ANC-4014/ANC-4014-product.jpg,아니오,8,제품컷,original-based detail crop set,검수필요,수정,상세페이지 이미지 생성/교체 완료,,예,14,검수필요,기존 검수값 유지,기존 검수값 유지,
ANC-4014,더블버튼 레이스 원피스,,assets/ANC-4014_01.jpg,아니오,9,원본 보존컷,original-based detail crop set,검수필요,수정,상세페이지 이미지 생성/교체 완료,,예,14,검수필요,기존 검수값 유지,기존 검수값 유지,원본 보존
ANC-4015,랩카라 셔링 원피스,assets/ANC-4015_01.jpg,assets/products/ank/generated/ANC-4015/ANC-4015-main.jpg,예,1,대표 쇼룸컷,original-based detail crop set,검수필요,수정,상세페이지 이미지 생성/교체 완료,,예,15,검수필요,기존 검수값 유지,기존 검수값 유지,
ANC-4015,랩카라 셔링 원피스,,assets/products/ank/generated/ANC-4015/ANC-4015-full.jpg,아니오,2,전신컷,original-based detail crop set,검수필요,수정,상세페이지 이미지 생성/교체 완료,,예,15,검수필요,기존 검수값 유지,기존 검수값 유지,
ANC-4015,랩카라 셔링 원피스,,assets/products/ank/generated/ANC-4015/ANC-4015-detail-board.jpg,아니오,3,상세 디테일 보드,original-based detail crop set,검수필요,수정,상세페이지 이미지 생성/교체 완료,후면/측면은 원본 정보 부족으로 디테일 보드 대체. 사용자 품질 검수 필요,예,15,검수필요,기존 검수값 유지,기존 검수값 유지,
ANC-4015,랩카라 셔링 원피스,,assets/products/ank/generated/ANC-4015/ANC-4015-detail-neckline.jpg,아니오,4,넥라인 확대,original-based detail crop set,검수필요,수정,상세페이지 이미지 생성/교체 완료,,예,15,검수필요,기존 검수값 유지,기존 검수값 유지,
ANC-4015,랩카라 셔링 원피스,,assets/products/ank/generated/ANC-4015/ANC-4015-detail-waist.jpg,아니오,5,허리/라인 확대,original-based detail crop set,검수필요,수정,상세페이지 이미지 생성/교체 완료,,예,15,검수필요,기존 검수값 유지,기존 검수값 유지,
ANC-4015,랩카라 셔링 원피스,,assets/products/ank/generated/ANC-4015/ANC-4015-detail-hem.jpg,아니오,6,밑단 확대,original-based detail crop set,검수필요,수정,상세페이지 이미지 생성/교체 완료,,예,15,검수필요,기존 검수값 유지,기존 검수값 유지,
ANC-4015,랩카라 셔링 원피스,,assets/products/ank/generated/ANC-4015/ANC-4015-detail-fabric.jpg,아니오,7,원단 확대,original-based detail crop set,검수필요,수정,상세페이지 이미지 생성/교체 완료,,예,15,검수필요,기존 검수값 유지,기존 검수값 유지,
ANC-4015,랩카라 셔링 원피스,,assets/products/ank/generated/ANC-4015/ANC-4015-product.jpg,아니오,8,제품컷,original-based detail crop set,검수필요,수정,상세페이지 이미지 생성/교체 완료,,예,15,검수필요,기존 검수값 유지,기존 검수값 유지,
ANC-4015,랩카라 셔링 원피스,,assets/ANC-4015_01.jpg,아니오,9,원본 보존컷,original-based detail crop set,검수필요,수정,상세페이지 이미지 생성/교체 완료,,예,15,검수필요,기존 검수값 유지,기존 검수값 유지,원본 보존
ANC-4016,스트라이프니트 플레어 원피스,assets/ANC-4016_01.jpg,assets/products/ank/generated/ANC-4016/ANC-4016-main.jpg,예,1,대표 쇼룸컷,original-based detail crop set,검수필요,수정,상세페이지 이미지 생성/교체 완료,,예,16,검수필요,기존 검수값 유지,기존 검수값 유지,
ANC-4016,스트라이프니트 플레어 원피스,,assets/products/ank/generated/ANC-4016/ANC-4016-full.jpg,아니오,2,전신컷,original-based detail crop set,검수필요,수정,상세페이지 이미지 생성/교체 완료,,예,16,검수필요,기존 검수값 유지,기존 검수값 유지,
ANC-4016,스트라이프니트 플레어 원피스,,assets/products/ank/generated/ANC-4016/ANC-4016-detail-board.jpg,아니오,3,상세 디테일 보드,original-based detail crop set,검수필요,수정,상세페이지 이미지 생성/교체 완료,후면/측면은 원본 정보 부족으로 디테일 보드 대체. 사용자 품질 검수 필요,예,16,검수필요,기존 검수값 유지,기존 검수값 유지,
ANC-4016,스트라이프니트 플레어 원피스,,assets/products/ank/generated/ANC-4016/ANC-4016-detail-neckline.jpg,아니오,4,넥라인 확대,original-based detail crop set,검수필요,수정,상세페이지 이미지 생성/교체 완료,,예,16,검수필요,기존 검수값 유지,기존 검수값 유지,
ANC-4016,스트라이프니트 플레어 원피스,,assets/products/ank/generated/ANC-4016/ANC-4016-detail-waist.jpg,아니오,5,허리/라인 확대,original-based detail crop set,검수필요,수정,상세페이지 이미지 생성/교체 완료,,예,16,검수필요,기존 검수값 유지,기존 검수값 유지,
ANC-4016,스트라이프니트 플레어 원피스,,assets/products/ank/generated/ANC-4016/ANC-4016-detail-hem.jpg,아니오,6,밑단 확대,original-based detail crop set,검수필요,수정,상세페이지 이미지 생성/교체 완료,,예,16,검수필요,기존 검수값 유지,기존 검수값 유지,
ANC-4016,스트라이프니트 플레어 원피스,,assets/products/ank/generated/ANC-4016/ANC-4016-detail-fabric.jpg,아니오,7,원단 확대,original-based detail crop set,검수필요,수정,상세페이지 이미지 생성/교체 완료,,예,16,검수필요,기존 검수값 유지,기존 검수값 유지,
ANC-4016,스트라이프니트 플레어 원피스,,assets/products/ank/generated/ANC-4016/ANC-4016-product.jpg,아니오,8,제품컷,original-based detail crop set,검수필요,수정,상세페이지 이미지 생성/교체 완료,,예,16,검수필요,기존 검수값 유지,기존 검수값 유지,
ANC-4016,스트라이프니트 플레어 원피스,,assets/ANC-4016_01.jpg,아니오,9,원본 보존컷,original-based detail crop set,검수필요,수정,상세페이지 이미지 생성/교체 완료,,예,16,검수필요,기존 검수값 유지,기존 검수값 유지,원본 보존
ANC-4017,레이스시스루 셔링 원피스,assets/ANC-4017_01.jpg,assets/products/ank/generated/ANC-4017/ANC-4017-main.jpg,예,1,대표 쇼룸컷,original-based detail crop set,검수필요,수정,상세페이지 이미지 생성/교체 완료,,예,17,검수필요,기존 검수값 유지,기존 검수값 유지,
ANC-4017,레이스시스루 셔링 원피스,,assets/products/ank/generated/ANC-4017/ANC-4017-full.jpg,아니오,2,전신컷,original-based detail crop set,검수필요,수정,상세페이지 이미지 생성/교체 완료,,예,17,검수필요,기존 검수값 유지,기존 검수값 유지,
ANC-4017,레이스시스루 셔링 원피스,,assets/products/ank/generated/ANC-4017/ANC-4017-detail-board.jpg,아니오,3,상세 디테일 보드,original-based detail crop set,검수필요,수정,상세페이지 이미지 생성/교체 완료,후면/측면은 원본 정보 부족으로 디테일 보드 대체. 사용자 품질 검수 필요,예,17,검수필요,기존 검수값 유지,기존 검수값 유지,
ANC-4017,레이스시스루 셔링 원피스,,assets/products/ank/generated/ANC-4017/ANC-4017-detail-neckline.jpg,아니오,4,넥라인 확대,original-based detail crop set,검수필요,수정,상세페이지 이미지 생성/교체 완료,,예,17,검수필요,기존 검수값 유지,기존 검수값 유지,
ANC-4017,레이스시스루 셔링 원피스,,assets/products/ank/generated/ANC-4017/ANC-4017-detail-waist.jpg,아니오,5,허리/라인 확대,original-based detail crop set,검수필요,수정,상세페이지 이미지 생성/교체 완료,,예,17,검수필요,기존 검수값 유지,기존 검수값 유지,
ANC-4017,레이스시스루 셔링 원피스,,assets/products/ank/generated/ANC-4017/ANC-4017-detail-hem.jpg,아니오,6,밑단 확대,original-based detail crop set,검수필요,수정,상세페이지 이미지 생성/교체 완료,,예,17,검수필요,기존 검수값 유지,기존 검수값 유지,
ANC-4017,레이스시스루 셔링 원피스,,assets/products/ank/generated/ANC-4017/ANC-4017-detail-fabric.jpg,아니오,7,원단 확대,original-based detail crop set,검수필요,수정,상세페이지 이미지 생성/교체 완료,,예,17,검수필요,기존 검수값 유지,기존 검수값 유지,
ANC-4017,레이스시스루 셔링 원피스,,assets/products/ank/generated/ANC-4017/ANC-4017-product.jpg,아니오,8,제품컷,original-based detail crop set,검수필요,수정,상세페이지 이미지 생성/교체 완료,,예,17,검수필요,기존 검수값 유지,기존 검수값 유지,
ANC-4017,레이스시스루 셔링 원피스,,assets/ANC-4017_01.jpg,아니오,9,원본 보존컷,original-based detail crop set,검수필요,수정,상세페이지 이미지 생성/교체 완료,,예,17,검수필요,기존 검수값 유지,기존 검수값 유지,원본 보존
ANC-4018,숄더포인트 플레어 원피스,assets/ANC-4018_01.jpg,assets/products/ank/generated/ANC-4018/ANC-4018-main.jpg,예,1,대표 쇼룸컷,original-based detail crop set,검수필요,수정,상세페이지 이미지 생성/교체 완료,,예,18,검수필요,기존 검수값 유지,기존 검수값 유지,
ANC-4018,숄더포인트 플레어 원피스,,assets/products/ank/generated/ANC-4018/ANC-4018-full.jpg,아니오,2,전신컷,original-based detail crop set,검수필요,수정,상세페이지 이미지 생성/교체 완료,,예,18,검수필요,기존 검수값 유지,기존 검수값 유지,
ANC-4018,숄더포인트 플레어 원피스,,assets/products/ank/generated/ANC-4018/ANC-4018-detail-board.jpg,아니오,3,상세 디테일 보드,original-based detail crop set,검수필요,수정,상세페이지 이미지 생성/교체 완료,후면/측면은 원본 정보 부족으로 디테일 보드 대체. 사용자 품질 검수 필요,예,18,검수필요,기존 검수값 유지,기존 검수값 유지,
ANC-4018,숄더포인트 플레어 원피스,,assets/products/ank/generated/ANC-4018/ANC-4018-detail-neckline.jpg,아니오,4,넥라인 확대,original-based detail crop set,검수필요,수정,상세페이지 이미지 생성/교체 완료,,예,18,검수필요,기존 검수값 유지,기존 검수값 유지,
ANC-4018,숄더포인트 플레어 원피스,,assets/products/ank/generated/ANC-4018/ANC-4018-detail-waist.jpg,아니오,5,허리/라인 확대,original-based detail crop set,검수필요,수정,상세페이지 이미지 생성/교체 완료,,예,18,검수필요,기존 검수값 유지,기존 검수값 유지,
ANC-4018,숄더포인트 플레어 원피스,,assets/products/ank/generated/ANC-4018/ANC-4018-detail-hem.jpg,아니오,6,밑단 확대,original-based detail crop set,검수필요,수정,상세페이지 이미지 생성/교체 완료,,예,18,검수필요,기존 검수값 유지,기존 검수값 유지,
ANC-4018,숄더포인트 플레어 원피스,,assets/products/ank/generated/ANC-4018/ANC-4018-detail-fabric.jpg,아니오,7,원단 확대,original-based detail crop set,검수필요,수정,상세페이지 이미지 생성/교체 완료,,예,18,검수필요,기존 검수값 유지,기존 검수값 유지,
ANC-4018,숄더포인트 플레어 원피스,,assets/products/ank/generated/ANC-4018/ANC-4018-product.jpg,아니오,8,제품컷,original-based detail crop set,검수필요,수정,상세페이지 이미지 생성/교체 완료,,예,18,검수필요,기존 검수값 유지,기존 검수값 유지,
ANC-4018,숄더포인트 플레어 원피스,,assets/ANC-4018_01.jpg,아니오,9,원본 보존컷,original-based detail crop set,검수필요,수정,상세페이지 이미지 생성/교체 완료,,예,18,검수필요,기존 검수값 유지,기존 검수값 유지,원본 보존
ANC-4019,드레이프셔링 원피스,assets/ANC-4019_01.jpg,assets/products/ank/generated/ANC-4019/ANC-4019-main.jpg,예,1,대표 쇼룸컷,original-based detail crop set,검수필요,수정,상세페이지 이미지 생성/교체 완료,,예,19,검수필요,기존 검수값 유지,기존 검수값 유지,
ANC-4019,드레이프셔링 원피스,,assets/products/ank/generated/ANC-4019/ANC-4019-full.jpg,아니오,2,전신컷,original-based detail crop set,검수필요,수정,상세페이지 이미지 생성/교체 완료,,예,19,검수필요,기존 검수값 유지,기존 검수값 유지,
ANC-4019,드레이프셔링 원피스,,assets/products/ank/generated/ANC-4019/ANC-4019-detail-board.jpg,아니오,3,상세 디테일 보드,original-based detail crop set,검수필요,수정,상세페이지 이미지 생성/교체 완료,후면/측면은 원본 정보 부족으로 디테일 보드 대체. 사용자 품질 검수 필요,예,19,검수필요,기존 검수값 유지,기존 검수값 유지,
ANC-4019,드레이프셔링 원피스,,assets/products/ank/generated/ANC-4019/ANC-4019-detail-neckline.jpg,아니오,4,넥라인 확대,original-based detail crop set,검수필요,수정,상세페이지 이미지 생성/교체 완료,,예,19,검수필요,기존 검수값 유지,기존 검수값 유지,
ANC-4019,드레이프셔링 원피스,,assets/products/ank/generated/ANC-4019/ANC-4019-detail-waist.jpg,아니오,5,허리/라인 확대,original-based detail crop set,검수필요,수정,상세페이지 이미지 생성/교체 완료,,예,19,검수필요,기존 검수값 유지,기존 검수값 유지,
ANC-4019,드레이프셔링 원피스,,assets/products/ank/generated/ANC-4019/ANC-4019-detail-hem.jpg,아니오,6,밑단 확대,original-based detail crop set,검수필요,수정,상세페이지 이미지 생성/교체 완료,,예,19,검수필요,기존 검수값 유지,기존 검수값 유지,
ANC-4019,드레이프셔링 원피스,,assets/products/ank/generated/ANC-4019/ANC-4019-detail-fabric.jpg,아니오,7,원단 확대,original-based detail crop set,검수필요,수정,상세페이지 이미지 생성/교체 완료,,예,19,검수필요,기존 검수값 유지,기존 검수값 유지,
ANC-4019,드레이프셔링 원피스,,assets/products/ank/generated/ANC-4019/ANC-4019-product.jpg,아니오,8,제품컷,original-based detail crop set,검수필요,수정,상세페이지 이미지 생성/교체 완료,,예,19,검수필요,기존 검수값 유지,기존 검수값 유지,
ANC-4019,드레이프셔링 원피스,,assets/ANC-4019_01.jpg,아니오,9,원본 보존컷,original-based detail crop set,검수필요,수정,상세페이지 이미지 생성/교체 완료,,예,19,검수필요,기존 검수값 유지,기존 검수값 유지,원본 보존
ANC-4020,블라우스배색 플레어 원피스,outputs/ank_single_image_cut_system/ank_single_image_cut_review.csv,assets/products/ank/generated/ANC-4020/ANC-4020-main.jpg,예,1,대표 쇼룸컷,기존 생성컷,검수필요,승인,상세페이지 이미지 생성/교체 완료,,아니오,20,검수필요,기존 검수값 유지,기존 검수값 유지,
ANC-4020,블라우스배색 플레어 원피스,,assets/products/ank/generated/ANC-4020/ANC-4020-full.jpg,아니오,2,전신컷,기존 생성컷,검수필요,승인,상세페이지 이미지 생성/교체 완료,,아니오,20,검수필요,기존 검수값 유지,기존 검수값 유지,
ANC-4020,블라우스배색 플레어 원피스,,assets/products/ank/generated/ANC-4020/ANC-4020-front.jpg,아니오,3,상세 디테일 보드,기존 생성컷,검수필요,승인,상세페이지 이미지 생성/교체 완료,후면/측면은 원본 정보 부족으로 디테일 보드 대체. 사용자 품질 검수 필요,아니오,20,검수필요,기존 검수값 유지,기존 검수값 유지,
ANC-4020,블라우스배색 플레어 원피스,,assets/products/ank/generated/ANC-4020/ANC-4020-upper.jpg,아니오,4,넥라인 확대,기존 생성컷,검수필요,승인,상세페이지 이미지 생성/교체 완료,,아니오,20,검수필요,기존 검수값 유지,기존 검수값 유지,
ANC-4020,블라우스배색 플레어 원피스,,assets/products/ank/generated/ANC-4020/ANC-4020-lower.jpg,아니오,5,허리/라인 확대,기존 생성컷,검수필요,승인,상세페이지 이미지 생성/교체 완료,,아니오,20,검수필요,기존 검수값 유지,기존 검수값 유지,
ANC-4020,블라우스배색 플레어 원피스,,assets/products/ank/generated/ANC-4020/ANC-4020-product.jpg,아니오,6,밑단 확대,기존 생성컷,검수필요,승인,상세페이지 이미지 생성/교체 완료,,아니오,20,검수필요,기존 검수값 유지,기존 검수값 유지,
ANC-4020,블라우스배색 플레어 원피스,,assets/products/ank/generated/ANC-4020/ANC-4020-detail-neckline.jpg,아니오,7,원단 확대,기존 생성컷,검수필요,승인,상세페이지 이미지 생성/교체 완료,,아니오,20,검수필요,기존 검수값 유지,기존 검수값 유지,
ANC-4020,블라우스배색 플레어 원피스,,assets/products/ank/generated/ANC-4020/ANC-4020-detail-waist.jpg,아니오,8,제품컷,기존 생성컷,검수필요,승인,상세페이지 이미지 생성/교체 완료,,아니오,20,검수필요,기존 검수값 유지,기존 검수값 유지,
ANC-4020,블라우스배색 플레어 원피스,,assets/products/ank/generated/ANC-4020/ANC-4020-detail-hem.jpg,아니오,9,원본 보존컷,기존 생성컷,검수필요,승인,상세페이지 이미지 생성/교체 완료,,아니오,20,검수필요,기존 검수값 유지,기존 검수값 유지,
ANC-4020,블라우스배색 플레어 원피스,,assets/products/ank/generated/ANC-4020/ANC-4020-detail-fabric.jpg,아니오,10,추가컷,기존 생성컷,검수필요,승인,상세페이지 이미지 생성/교체 완료,,아니오,20,검수필요,기존 검수값 유지,기존 검수값 유지,
ANC-4020,블라우스배색 플레어 원피스,,assets/products/ank/generated/ANC-4020/ANC-4020-detail-board.jpg,아니오,11,추가컷,기존 생성컷,검수필요,승인,상세페이지 이미지 생성/교체 완료,,아니오,20,검수필요,기존 검수값 유지,기존 검수값 유지,
ANC-4020,블라우스배색 플레어 원피스,,assets/ANC-4020_01.jpg,아니오,12,추가컷,기존 생성컷,검수필요,승인,상세페이지 이미지 생성/교체 완료,,아니오,20,검수필요,기존 검수값 유지,기존 검수값 유지,원본 보존
ANC-4021,랩포인트 셔링 원피스,assets/ANC-4021_01.jpg,assets/products/ank/generated/ANC-4021/ANC-4021-main.jpg,예,1,대표 쇼룸컷,original-based detail crop set,검수필요,수정,상세페이지 이미지 생성/교체 완료,,예,21,검수필요,기존 검수값 유지,기존 검수값 유지,
ANC-4021,랩포인트 셔링 원피스,,assets/products/ank/generated/ANC-4021/ANC-4021-full.jpg,아니오,2,전신컷,original-based detail crop set,검수필요,수정,상세페이지 이미지 생성/교체 완료,,예,21,검수필요,기존 검수값 유지,기존 검수값 유지,
ANC-4021,랩포인트 셔링 원피스,,assets/products/ank/generated/ANC-4021/ANC-4021-detail-board.jpg,아니오,3,상세 디테일 보드,original-based detail crop set,검수필요,수정,상세페이지 이미지 생성/교체 완료,후면/측면은 원본 정보 부족으로 디테일 보드 대체. 사용자 품질 검수 필요,예,21,검수필요,기존 검수값 유지,기존 검수값 유지,
ANC-4021,랩포인트 셔링 원피스,,assets/products/ank/generated/ANC-4021/ANC-4021-detail-neckline.jpg,아니오,4,넥라인 확대,original-based detail crop set,검수필요,수정,상세페이지 이미지 생성/교체 완료,,예,21,검수필요,기존 검수값 유지,기존 검수값 유지,
ANC-4021,랩포인트 셔링 원피스,,assets/products/ank/generated/ANC-4021/ANC-4021-detail-waist.jpg,아니오,5,허리/라인 확대,original-based detail crop set,검수필요,수정,상세페이지 이미지 생성/교체 완료,,예,21,검수필요,기존 검수값 유지,기존 검수값 유지,
ANC-4021,랩포인트 셔링 원피스,,assets/products/ank/generated/ANC-4021/ANC-4021-detail-hem.jpg,아니오,6,밑단 확대,original-based detail crop set,검수필요,수정,상세페이지 이미지 생성/교체 완료,,예,21,검수필요,기존 검수값 유지,기존 검수값 유지,
ANC-4021,랩포인트 셔링 원피스,,assets/products/ank/generated/ANC-4021/ANC-4021-detail-fabric.jpg,아니오,7,원단 확대,original-based detail crop set,검수필요,수정,상세페이지 이미지 생성/교체 완료,,예,21,검수필요,기존 검수값 유지,기존 검수값 유지,
ANC-4021,랩포인트 셔링 원피스,,assets/products/ank/generated/ANC-4021/ANC-4021-product.jpg,아니오,8,제품컷,original-based detail crop set,검수필요,수정,상세페이지 이미지 생성/교체 완료,,예,21,검수필요,기존 검수값 유지,기존 검수값 유지,
ANC-4021,랩포인트 셔링 원피스,,assets/ANC-4021_01.jpg,아니오,9,원본 보존컷,original-based detail crop set,검수필요,수정,상세페이지 이미지 생성/교체 완료,,예,21,검수필요,기존 검수값 유지,기존 검수값 유지,원본 보존
ANC-4022,스퀘어넥 버튼 플레어 원피스,assets/ANC-4022_01.jpg,assets/products/ank/generated/ANC-4022/ANC-4022-main.jpg,예,1,대표 쇼룸컷,original-based detail crop set,검수필요,수정,상세페이지 이미지 생성/교체 완료,,예,22,검수필요,기존 검수값 유지,기존 검수값 유지,
ANC-4022,스퀘어넥 버튼 플레어 원피스,,assets/products/ank/generated/ANC-4022/ANC-4022-full.jpg,아니오,2,전신컷,original-based detail crop set,검수필요,수정,상세페이지 이미지 생성/교체 완료,,예,22,검수필요,기존 검수값 유지,기존 검수값 유지,
ANC-4022,스퀘어넥 버튼 플레어 원피스,,assets/products/ank/generated/ANC-4022/ANC-4022-detail-board.jpg,아니오,3,상세 디테일 보드,original-based detail crop set,검수필요,수정,상세페이지 이미지 생성/교체 완료,후면/측면은 원본 정보 부족으로 디테일 보드 대체. 사용자 품질 검수 필요,예,22,검수필요,기존 검수값 유지,기존 검수값 유지,
ANC-4022,스퀘어넥 버튼 플레어 원피스,,assets/products/ank/generated/ANC-4022/ANC-4022-detail-neckline.jpg,아니오,4,넥라인 확대,original-based detail crop set,검수필요,수정,상세페이지 이미지 생성/교체 완료,,예,22,검수필요,기존 검수값 유지,기존 검수값 유지,
ANC-4022,스퀘어넥 버튼 플레어 원피스,,assets/products/ank/generated/ANC-4022/ANC-4022-detail-waist.jpg,아니오,5,허리/라인 확대,original-based detail crop set,검수필요,수정,상세페이지 이미지 생성/교체 완료,,예,22,검수필요,기존 검수값 유지,기존 검수값 유지,
ANC-4022,스퀘어넥 버튼 플레어 원피스,,assets/products/ank/generated/ANC-4022/ANC-4022-detail-hem.jpg,아니오,6,밑단 확대,original-based detail crop set,검수필요,수정,상세페이지 이미지 생성/교체 완료,,예,22,검수필요,기존 검수값 유지,기존 검수값 유지,
ANC-4022,스퀘어넥 버튼 플레어 원피스,,assets/products/ank/generated/ANC-4022/ANC-4022-detail-fabric.jpg,아니오,7,원단 확대,original-based detail crop set,검수필요,수정,상세페이지 이미지 생성/교체 완료,,예,22,검수필요,기존 검수값 유지,기존 검수값 유지,
ANC-4022,스퀘어넥 버튼 플레어 원피스,,assets/products/ank/generated/ANC-4022/ANC-4022-product.jpg,아니오,8,제품컷,original-based detail crop set,검수필요,수정,상세페이지 이미지 생성/교체 완료,,예,22,검수필요,기존 검수값 유지,기존 검수값 유지,
ANC-4022,스퀘어넥 버튼 플레어 원피스,,assets/ANC-4022_01.jpg,아니오,9,원본 보존컷,original-based detail crop set,검수필요,수정,상세페이지 이미지 생성/교체 완료,,예,22,검수필요,기존 검수값 유지,기존 검수값 유지,원본 보존
ANC-4023,러플숄더 셔링 원피스,assets/ANC-4023_01.jpg,assets/products/ank/generated/ANC-4023/ANC-4023-main.jpg,예,1,대표 쇼룸컷,original-based detail crop set,검수필요,수정,상세페이지 이미지 생성/교체 완료,,예,23,검수필요,기존 검수값 유지,기존 검수값 유지,
ANC-4023,러플숄더 셔링 원피스,,assets/products/ank/generated/ANC-4023/ANC-4023-full.jpg,아니오,2,전신컷,original-based detail crop set,검수필요,수정,상세페이지 이미지 생성/교체 완료,,예,23,검수필요,기존 검수값 유지,기존 검수값 유지,
ANC-4023,러플숄더 셔링 원피스,,assets/products/ank/generated/ANC-4023/ANC-4023-detail-board.jpg,아니오,3,상세 디테일 보드,original-based detail crop set,검수필요,수정,상세페이지 이미지 생성/교체 완료,후면/측면은 원본 정보 부족으로 디테일 보드 대체. 사용자 품질 검수 필요,예,23,검수필요,기존 검수값 유지,기존 검수값 유지,
ANC-4023,러플숄더 셔링 원피스,,assets/products/ank/generated/ANC-4023/ANC-4023-detail-neckline.jpg,아니오,4,넥라인 확대,original-based detail crop set,검수필요,수정,상세페이지 이미지 생성/교체 완료,,예,23,검수필요,기존 검수값 유지,기존 검수값 유지,
ANC-4023,러플숄더 셔링 원피스,,assets/products/ank/generated/ANC-4023/ANC-4023-detail-waist.jpg,아니오,5,허리/라인 확대,original-based detail crop set,검수필요,수정,상세페이지 이미지 생성/교체 완료,,예,23,검수필요,기존 검수값 유지,기존 검수값 유지,
ANC-4023,러플숄더 셔링 원피스,,assets/products/ank/generated/ANC-4023/ANC-4023-detail-hem.jpg,아니오,6,밑단 확대,original-based detail crop set,검수필요,수정,상세페이지 이미지 생성/교체 완료,,예,23,검수필요,기존 검수값 유지,기존 검수값 유지,
ANC-4023,러플숄더 셔링 원피스,,assets/products/ank/generated/ANC-4023/ANC-4023-detail-fabric.jpg,아니오,7,원단 확대,original-based detail crop set,검수필요,수정,상세페이지 이미지 생성/교체 완료,,예,23,검수필요,기존 검수값 유지,기존 검수값 유지,
ANC-4023,러플숄더 셔링 원피스,,assets/products/ank/generated/ANC-4023/ANC-4023-product.jpg,아니오,8,제품컷,original-based detail crop set,검수필요,수정,상세페이지 이미지 생성/교체 완료,,예,23,검수필요,기존 검수값 유지,기존 검수값 유지,
ANC-4023,러플숄더 셔링 원피스,,assets/ANC-4023_01.jpg,아니오,9,원본 보존컷,original-based detail crop set,검수필요,수정,상세페이지 이미지 생성/교체 완료,,예,23,검수필요,기존 검수값 유지,기존 검수값 유지,원본 보존
ANC-4024,빅리본 플레어 원피스,assets/ANC-4024_01.jpg,assets/products/ank/generated/ANC-4024/ANC-4024-main.jpg,예,1,대표 쇼룸컷,original-based detail crop set,검수필요,수정,상세페이지 이미지 생성/교체 완료,,예,24,검수필요,기존 검수값 유지,기존 검수값 유지,
ANC-4024,빅리본 플레어 원피스,,assets/products/ank/generated/ANC-4024/ANC-4024-full.jpg,아니오,2,전신컷,original-based detail crop set,검수필요,수정,상세페이지 이미지 생성/교체 완료,,예,24,검수필요,기존 검수값 유지,기존 검수값 유지,
ANC-4024,빅리본 플레어 원피스,,assets/products/ank/generated/ANC-4024/ANC-4024-detail-board.jpg,아니오,3,상세 디테일 보드,original-based detail crop set,검수필요,수정,상세페이지 이미지 생성/교체 완료,후면/측면은 원본 정보 부족으로 디테일 보드 대체. 사용자 품질 검수 필요,예,24,검수필요,기존 검수값 유지,기존 검수값 유지,
ANC-4024,빅리본 플레어 원피스,,assets/products/ank/generated/ANC-4024/ANC-4024-detail-neckline.jpg,아니오,4,넥라인 확대,original-based detail crop set,검수필요,수정,상세페이지 이미지 생성/교체 완료,,예,24,검수필요,기존 검수값 유지,기존 검수값 유지,
ANC-4024,빅리본 플레어 원피스,,assets/products/ank/generated/ANC-4024/ANC-4024-detail-waist.jpg,아니오,5,허리/라인 확대,original-based detail crop set,검수필요,수정,상세페이지 이미지 생성/교체 완료,,예,24,검수필요,기존 검수값 유지,기존 검수값 유지,
ANC-4024,빅리본 플레어 원피스,,assets/products/ank/generated/ANC-4024/ANC-4024-detail-hem.jpg,아니오,6,밑단 확대,original-based detail crop set,검수필요,수정,상세페이지 이미지 생성/교체 완료,,예,24,검수필요,기존 검수값 유지,기존 검수값 유지,
ANC-4024,빅리본 플레어 원피스,,assets/products/ank/generated/ANC-4024/ANC-4024-detail-fabric.jpg,아니오,7,원단 확대,original-based detail crop set,검수필요,수정,상세페이지 이미지 생성/교체 완료,,예,24,검수필요,기존 검수값 유지,기존 검수값 유지,
ANC-4024,빅리본 플레어 원피스,,assets/products/ank/generated/ANC-4024/ANC-4024-product.jpg,아니오,8,제품컷,original-based detail crop set,검수필요,수정,상세페이지 이미지 생성/교체 완료,,예,24,검수필요,기존 검수값 유지,기존 검수값 유지,
ANC-4024,빅리본 플레어 원피스,,assets/ANC-4024_01.jpg,아니오,9,원본 보존컷,original-based detail crop set,검수필요,수정,상세페이지 이미지 생성/교체 완료,,예,24,검수필요,기존 검수값 유지,기존 검수값 유지,원본 보존
ANC-4025,셔츠카라 랩스커트 원피스,assets/ANC-4025_01.jpg,assets/products/ank/generated/ANC-4025/ANC-4025-main.jpg,예,1,대표 쇼룸컷,original-based detail crop set,검수필요,수정,상세페이지 이미지 생성/교체 완료,,예,25,검수필요,기존 검수값 유지,기존 검수값 유지,
ANC-4025,셔츠카라 랩스커트 원피스,,assets/products/ank/generated/ANC-4025/ANC-4025-full.jpg,아니오,2,전신컷,original-based detail crop set,검수필요,수정,상세페이지 이미지 생성/교체 완료,,예,25,검수필요,기존 검수값 유지,기존 검수값 유지,
ANC-4025,셔츠카라 랩스커트 원피스,,assets/products/ank/generated/ANC-4025/ANC-4025-detail-board.jpg,아니오,3,상세 디테일 보드,original-based detail crop set,검수필요,수정,상세페이지 이미지 생성/교체 완료,후면/측면은 원본 정보 부족으로 디테일 보드 대체. 사용자 품질 검수 필요,예,25,검수필요,기존 검수값 유지,기존 검수값 유지,
ANC-4025,셔츠카라 랩스커트 원피스,,assets/products/ank/generated/ANC-4025/ANC-4025-detail-neckline.jpg,아니오,4,넥라인 확대,original-based detail crop set,검수필요,수정,상세페이지 이미지 생성/교체 완료,,예,25,검수필요,기존 검수값 유지,기존 검수값 유지,
ANC-4025,셔츠카라 랩스커트 원피스,,assets/products/ank/generated/ANC-4025/ANC-4025-detail-waist.jpg,아니오,5,허리/라인 확대,original-based detail crop set,검수필요,수정,상세페이지 이미지 생성/교체 완료,,예,25,검수필요,기존 검수값 유지,기존 검수값 유지,
ANC-4025,셔츠카라 랩스커트 원피스,,assets/products/ank/generated/ANC-4025/ANC-4025-detail-hem.jpg,아니오,6,밑단 확대,original-based detail crop set,검수필요,수정,상세페이지 이미지 생성/교체 완료,,예,25,검수필요,기존 검수값 유지,기존 검수값 유지,
ANC-4025,셔츠카라 랩스커트 원피스,,assets/products/ank/generated/ANC-4025/ANC-4025-detail-fabric.jpg,아니오,7,원단 확대,original-based detail crop set,검수필요,수정,상세페이지 이미지 생성/교체 완료,,예,25,검수필요,기존 검수값 유지,기존 검수값 유지,
ANC-4025,셔츠카라 랩스커트 원피스,,assets/products/ank/generated/ANC-4025/ANC-4025-product.jpg,아니오,8,제품컷,original-based detail crop set,검수필요,수정,상세페이지 이미지 생성/교체 완료,,예,25,검수필요,기존 검수값 유지,기존 검수값 유지,
ANC-4025,셔츠카라 랩스커트 원피스,,assets/ANC-4025_01.jpg,아니오,9,원본 보존컷,original-based detail crop set,검수필요,수정,상세페이지 이미지 생성/교체 완료,,예,25,검수필요,기존 검수값 유지,기존 검수값 유지,원본 보존
ANC-4026,더블버튼 플레어 원피스,assets/ANC-4026_01.jpg,assets/products/ank/generated/ANC-4026/ANC-4026-main.jpg,예,1,대표 쇼룸컷,original-based detail crop set,검수필요,수정,상세페이지 이미지 생성/교체 완료,,예,26,검수필요,기존 검수값 유지,기존 검수값 유지,
ANC-4026,더블버튼 플레어 원피스,,assets/products/ank/generated/ANC-4026/ANC-4026-full.jpg,아니오,2,전신컷,original-based detail crop set,검수필요,수정,상세페이지 이미지 생성/교체 완료,,예,26,검수필요,기존 검수값 유지,기존 검수값 유지,
ANC-4026,더블버튼 플레어 원피스,,assets/products/ank/generated/ANC-4026/ANC-4026-detail-board.jpg,아니오,3,상세 디테일 보드,original-based detail crop set,검수필요,수정,상세페이지 이미지 생성/교체 완료,후면/측면은 원본 정보 부족으로 디테일 보드 대체. 사용자 품질 검수 필요,예,26,검수필요,기존 검수값 유지,기존 검수값 유지,
ANC-4026,더블버튼 플레어 원피스,,assets/products/ank/generated/ANC-4026/ANC-4026-detail-neckline.jpg,아니오,4,넥라인 확대,original-based detail crop set,검수필요,수정,상세페이지 이미지 생성/교체 완료,,예,26,검수필요,기존 검수값 유지,기존 검수값 유지,
ANC-4026,더블버튼 플레어 원피스,,assets/products/ank/generated/ANC-4026/ANC-4026-detail-waist.jpg,아니오,5,허리/라인 확대,original-based detail crop set,검수필요,수정,상세페이지 이미지 생성/교체 완료,,예,26,검수필요,기존 검수값 유지,기존 검수값 유지,
ANC-4026,더블버튼 플레어 원피스,,assets/products/ank/generated/ANC-4026/ANC-4026-detail-hem.jpg,아니오,6,밑단 확대,original-based detail crop set,검수필요,수정,상세페이지 이미지 생성/교체 완료,,예,26,검수필요,기존 검수값 유지,기존 검수값 유지,
ANC-4026,더블버튼 플레어 원피스,,assets/products/ank/generated/ANC-4026/ANC-4026-detail-fabric.jpg,아니오,7,원단 확대,original-based detail crop set,검수필요,수정,상세페이지 이미지 생성/교체 완료,,예,26,검수필요,기존 검수값 유지,기존 검수값 유지,
ANC-4026,더블버튼 플레어 원피스,,assets/products/ank/generated/ANC-4026/ANC-4026-product.jpg,아니오,8,제품컷,original-based detail crop set,검수필요,수정,상세페이지 이미지 생성/교체 완료,,예,26,검수필요,기존 검수값 유지,기존 검수값 유지,
ANC-4026,더블버튼 플레어 원피스,,assets/ANC-4026_01.jpg,아니오,9,원본 보존컷,original-based detail crop set,검수필요,수정,상세페이지 이미지 생성/교체 완료,,예,26,검수필요,기존 검수값 유지,기존 검수값 유지,원본 보존
ANC-4027,프릴숄더 셔링 원피스,assets/ANC-4027_01.jpg,assets/products/ank/generated/ANC-4027/ANC-4027-main.jpg,예,1,대표 쇼룸컷,original-based detail crop set,검수필요,수정,상세페이지 이미지 생성/교체 완료,,예,27,검수필요,기존 검수값 유지,기존 검수값 유지,
ANC-4027,프릴숄더 셔링 원피스,,assets/products/ank/generated/ANC-4027/ANC-4027-full.jpg,아니오,2,전신컷,original-based detail crop set,검수필요,수정,상세페이지 이미지 생성/교체 완료,,예,27,검수필요,기존 검수값 유지,기존 검수값 유지,
ANC-4027,프릴숄더 셔링 원피스,,assets/products/ank/generated/ANC-4027/ANC-4027-detail-board.jpg,아니오,3,상세 디테일 보드,original-based detail crop set,검수필요,수정,상세페이지 이미지 생성/교체 완료,후면/측면은 원본 정보 부족으로 디테일 보드 대체. 사용자 품질 검수 필요,예,27,검수필요,기존 검수값 유지,기존 검수값 유지,
ANC-4027,프릴숄더 셔링 원피스,,assets/products/ank/generated/ANC-4027/ANC-4027-detail-neckline.jpg,아니오,4,넥라인 확대,original-based detail crop set,검수필요,수정,상세페이지 이미지 생성/교체 완료,,예,27,검수필요,기존 검수값 유지,기존 검수값 유지,
ANC-4027,프릴숄더 셔링 원피스,,assets/products/ank/generated/ANC-4027/ANC-4027-detail-waist.jpg,아니오,5,허리/라인 확대,original-based detail crop set,검수필요,수정,상세페이지 이미지 생성/교체 완료,,예,27,검수필요,기존 검수값 유지,기존 검수값 유지,
ANC-4027,프릴숄더 셔링 원피스,,assets/products/ank/generated/ANC-4027/ANC-4027-detail-hem.jpg,아니오,6,밑단 확대,original-based detail crop set,검수필요,수정,상세페이지 이미지 생성/교체 완료,,예,27,검수필요,기존 검수값 유지,기존 검수값 유지,
ANC-4027,프릴숄더 셔링 원피스,,assets/products/ank/generated/ANC-4027/ANC-4027-detail-fabric.jpg,아니오,7,원단 확대,original-based detail crop set,검수필요,수정,상세페이지 이미지 생성/교체 완료,,예,27,검수필요,기존 검수값 유지,기존 검수값 유지,
ANC-4027,프릴숄더 셔링 원피스,,assets/products/ank/generated/ANC-4027/ANC-4027-product.jpg,아니오,8,제품컷,original-based detail crop set,검수필요,수정,상세페이지 이미지 생성/교체 완료,,예,27,검수필요,기존 검수값 유지,기존 검수값 유지,
ANC-4027,프릴숄더 셔링 원피스,,assets/ANC-4027_01.jpg,아니오,9,원본 보존컷,original-based detail crop set,검수필요,수정,상세페이지 이미지 생성/교체 완료,,예,27,검수필요,기존 검수값 유지,기존 검수값 유지,원본 보존
ANC-4028,배색라인 플레어 원피스,assets/ANC-4028_01.jpg,assets/products/ank/generated/ANC-4028/ANC-4028-main.jpg,예,1,대표 쇼룸컷,original-based detail crop set,검수필요,수정,상세페이지 이미지 생성/교체 완료,,예,28,검수필요,기존 검수값 유지,기존 검수값 유지,
ANC-4028,배색라인 플레어 원피스,,assets/products/ank/generated/ANC-4028/ANC-4028-full.jpg,아니오,2,전신컷,original-based detail crop set,검수필요,수정,상세페이지 이미지 생성/교체 완료,,예,28,검수필요,기존 검수값 유지,기존 검수값 유지,
ANC-4028,배색라인 플레어 원피스,,assets/products/ank/generated/ANC-4028/ANC-4028-detail-board.jpg,아니오,3,상세 디테일 보드,original-based detail crop set,검수필요,수정,상세페이지 이미지 생성/교체 완료,후면/측면은 원본 정보 부족으로 디테일 보드 대체. 사용자 품질 검수 필요,예,28,검수필요,기존 검수값 유지,기존 검수값 유지,
ANC-4028,배색라인 플레어 원피스,,assets/products/ank/generated/ANC-4028/ANC-4028-detail-neckline.jpg,아니오,4,넥라인 확대,original-based detail crop set,검수필요,수정,상세페이지 이미지 생성/교체 완료,,예,28,검수필요,기존 검수값 유지,기존 검수값 유지,
ANC-4028,배색라인 플레어 원피스,,assets/products/ank/generated/ANC-4028/ANC-4028-detail-waist.jpg,아니오,5,허리/라인 확대,original-based detail crop set,검수필요,수정,상세페이지 이미지 생성/교체 완료,,예,28,검수필요,기존 검수값 유지,기존 검수값 유지,
ANC-4028,배색라인 플레어 원피스,,assets/products/ank/generated/ANC-4028/ANC-4028-detail-hem.jpg,아니오,6,밑단 확대,original-based detail crop set,검수필요,수정,상세페이지 이미지 생성/교체 완료,,예,28,검수필요,기존 검수값 유지,기존 검수값 유지,
ANC-4028,배색라인 플레어 원피스,,assets/products/ank/generated/ANC-4028/ANC-4028-detail-fabric.jpg,아니오,7,원단 확대,original-based detail crop set,검수필요,수정,상세페이지 이미지 생성/교체 완료,,예,28,검수필요,기존 검수값 유지,기존 검수값 유지,
ANC-4028,배색라인 플레어 원피스,,assets/products/ank/generated/ANC-4028/ANC-4028-product.jpg,아니오,8,제품컷,original-based detail crop set,검수필요,수정,상세페이지 이미지 생성/교체 완료,,예,28,검수필요,기존 검수값 유지,기존 검수값 유지,
ANC-4028,배색라인 플레어 원피스,,assets/ANC-4028_01.jpg,아니오,9,원본 보존컷,original-based detail crop set,검수필요,수정,상세페이지 이미지 생성/교체 완료,,예,28,검수필요,기존 검수값 유지,기존 검수값 유지,원본 보존
ANC-4029,스트라이프 리본 원피스,assets/ANC-4029_01.jpg,assets/products/ank/generated/ANC-4029/ANC-4029-main.jpg,예,1,대표 쇼룸컷,original-based detail crop set,검수필요,수정,상세페이지 이미지 생성/교체 완료,,예,29,검수필요,기존 검수값 유지,기존 검수값 유지,
ANC-4029,스트라이프 리본 원피스,,assets/products/ank/generated/ANC-4029/ANC-4029-full.jpg,아니오,2,전신컷,original-based detail crop set,검수필요,수정,상세페이지 이미지 생성/교체 완료,,예,29,검수필요,기존 검수값 유지,기존 검수값 유지,
ANC-4029,스트라이프 리본 원피스,,assets/products/ank/generated/ANC-4029/ANC-4029-detail-board.jpg,아니오,3,상세 디테일 보드,original-based detail crop set,검수필요,수정,상세페이지 이미지 생성/교체 완료,후면/측면은 원본 정보 부족으로 디테일 보드 대체. 사용자 품질 검수 필요,예,29,검수필요,기존 검수값 유지,기존 검수값 유지,
ANC-4029,스트라이프 리본 원피스,,assets/products/ank/generated/ANC-4029/ANC-4029-detail-neckline.jpg,아니오,4,넥라인 확대,original-based detail crop set,검수필요,수정,상세페이지 이미지 생성/교체 완료,,예,29,검수필요,기존 검수값 유지,기존 검수값 유지,
ANC-4029,스트라이프 리본 원피스,,assets/products/ank/generated/ANC-4029/ANC-4029-detail-waist.jpg,아니오,5,허리/라인 확대,original-based detail crop set,검수필요,수정,상세페이지 이미지 생성/교체 완료,,예,29,검수필요,기존 검수값 유지,기존 검수값 유지,
ANC-4029,스트라이프 리본 원피스,,assets/products/ank/generated/ANC-4029/ANC-4029-detail-hem.jpg,아니오,6,밑단 확대,original-based detail crop set,검수필요,수정,상세페이지 이미지 생성/교체 완료,,예,29,검수필요,기존 검수값 유지,기존 검수값 유지,
ANC-4029,스트라이프 리본 원피스,,assets/products/ank/generated/ANC-4029/ANC-4029-detail-fabric.jpg,아니오,7,원단 확대,original-based detail crop set,검수필요,수정,상세페이지 이미지 생성/교체 완료,,예,29,검수필요,기존 검수값 유지,기존 검수값 유지,
ANC-4029,스트라이프 리본 원피스,,assets/products/ank/generated/ANC-4029/ANC-4029-product.jpg,아니오,8,제품컷,original-based detail crop set,검수필요,수정,상세페이지 이미지 생성/교체 완료,,예,29,검수필요,기존 검수값 유지,기존 검수값 유지,
ANC-4029,스트라이프 리본 원피스,,assets/ANC-4029_01.jpg,아니오,9,원본 보존컷,original-based detail crop set,검수필요,수정,상세페이지 이미지 생성/교체 완료,,예,29,검수필요,기존 검수값 유지,기존 검수값 유지,원본 보존
ANC-4030,레이스숄더 플레어 원피스,assets/ANC-4030_01.jpg,assets/products/ank/generated/ANC-4030/ANC-4030-main.jpg,예,1,대표 쇼룸컷,original-based detail crop set,검수필요,수정,상세페이지 이미지 생성/교체 완료,,예,30,검수필요,기존 검수값 유지,기존 검수값 유지,
ANC-4030,레이스숄더 플레어 원피스,,assets/products/ank/generated/ANC-4030/ANC-4030-full.jpg,아니오,2,전신컷,original-based detail crop set,검수필요,수정,상세페이지 이미지 생성/교체 완료,,예,30,검수필요,기존 검수값 유지,기존 검수값 유지,
ANC-4030,레이스숄더 플레어 원피스,,assets/products/ank/generated/ANC-4030/ANC-4030-detail-board.jpg,아니오,3,상세 디테일 보드,original-based detail crop set,검수필요,수정,상세페이지 이미지 생성/교체 완료,후면/측면은 원본 정보 부족으로 디테일 보드 대체. 사용자 품질 검수 필요,예,30,검수필요,기존 검수값 유지,기존 검수값 유지,
ANC-4030,레이스숄더 플레어 원피스,,assets/products/ank/generated/ANC-4030/ANC-4030-detail-neckline.jpg,아니오,4,넥라인 확대,original-based detail crop set,검수필요,수정,상세페이지 이미지 생성/교체 완료,,예,30,검수필요,기존 검수값 유지,기존 검수값 유지,
ANC-4030,레이스숄더 플레어 원피스,,assets/products/ank/generated/ANC-4030/ANC-4030-detail-waist.jpg,아니오,5,허리/라인 확대,original-based detail crop set,검수필요,수정,상세페이지 이미지 생성/교체 완료,,예,30,검수필요,기존 검수값 유지,기존 검수값 유지,
ANC-4030,레이스숄더 플레어 원피스,,assets/products/ank/generated/ANC-4030/ANC-4030-detail-hem.jpg,아니오,6,밑단 확대,original-based detail crop set,검수필요,수정,상세페이지 이미지 생성/교체 완료,,예,30,검수필요,기존 검수값 유지,기존 검수값 유지,
ANC-4030,레이스숄더 플레어 원피스,,assets/products/ank/generated/ANC-4030/ANC-4030-detail-fabric.jpg,아니오,7,원단 확대,original-based detail crop set,검수필요,수정,상세페이지 이미지 생성/교체 완료,,예,30,검수필요,기존 검수값 유지,기존 검수값 유지,
ANC-4030,레이스숄더 플레어 원피스,,assets/products/ank/generated/ANC-4030/ANC-4030-product.jpg,아니오,8,제품컷,original-based detail crop set,검수필요,수정,상세페이지 이미지 생성/교체 완료,,예,30,검수필요,기존 검수값 유지,기존 검수값 유지,
ANC-4030,레이스숄더 플레어 원피스,,assets/ANC-4030_01.jpg,아니오,9,원본 보존컷,original-based detail crop set,검수필요,수정,상세페이지 이미지 생성/교체 완료,,예,30,검수필요,기존 검수값 유지,기존 검수값 유지,원본 보존
ANC-4031,사이드드레이프 언발 원피스,assets/ANC-4031_01.jpg,assets/products/ank/generated/ANC-4031/ANC-4031-main.jpg,예,1,대표 쇼룸컷,original-based detail crop set,검수필요,수정,상세페이지 이미지 생성/교체 완료,,예,31,검수필요,기존 검수값 유지,기존 검수값 유지,
ANC-4031,사이드드레이프 언발 원피스,,assets/products/ank/generated/ANC-4031/ANC-4031-full.jpg,아니오,2,전신컷,original-based detail crop set,검수필요,수정,상세페이지 이미지 생성/교체 완료,,예,31,검수필요,기존 검수값 유지,기존 검수값 유지,
ANC-4031,사이드드레이프 언발 원피스,,assets/products/ank/generated/ANC-4031/ANC-4031-detail-board.jpg,아니오,3,상세 디테일 보드,original-based detail crop set,검수필요,수정,상세페이지 이미지 생성/교체 완료,후면/측면은 원본 정보 부족으로 디테일 보드 대체. 사용자 품질 검수 필요,예,31,검수필요,기존 검수값 유지,기존 검수값 유지,
ANC-4031,사이드드레이프 언발 원피스,,assets/products/ank/generated/ANC-4031/ANC-4031-detail-neckline.jpg,아니오,4,넥라인 확대,original-based detail crop set,검수필요,수정,상세페이지 이미지 생성/교체 완료,,예,31,검수필요,기존 검수값 유지,기존 검수값 유지,
ANC-4031,사이드드레이프 언발 원피스,,assets/products/ank/generated/ANC-4031/ANC-4031-detail-waist.jpg,아니오,5,허리/라인 확대,original-based detail crop set,검수필요,수정,상세페이지 이미지 생성/교체 완료,,예,31,검수필요,기존 검수값 유지,기존 검수값 유지,
ANC-4031,사이드드레이프 언발 원피스,,assets/products/ank/generated/ANC-4031/ANC-4031-detail-hem.jpg,아니오,6,밑단 확대,original-based detail crop set,검수필요,수정,상세페이지 이미지 생성/교체 완료,,예,31,검수필요,기존 검수값 유지,기존 검수값 유지,
ANC-4031,사이드드레이프 언발 원피스,,assets/products/ank/generated/ANC-4031/ANC-4031-detail-fabric.jpg,아니오,7,원단 확대,original-based detail crop set,검수필요,수정,상세페이지 이미지 생성/교체 완료,,예,31,검수필요,기존 검수값 유지,기존 검수값 유지,
ANC-4031,사이드드레이프 언발 원피스,,assets/products/ank/generated/ANC-4031/ANC-4031-product.jpg,아니오,8,제품컷,original-based detail crop set,검수필요,수정,상세페이지 이미지 생성/교체 완료,,예,31,검수필요,기존 검수값 유지,기존 검수값 유지,
ANC-4031,사이드드레이프 언발 원피스,,assets/ANC-4031_01.jpg,아니오,9,원본 보존컷,original-based detail crop set,검수필요,수정,상세페이지 이미지 생성/교체 완료,,예,31,검수필요,기존 검수값 유지,기존 검수값 유지,원본 보존
ANC-4032,레이스플레어 원피스,assets/ANC-4032_01.jpg,assets/products/ank/generated/ANC-4032/ANC-4032-main.jpg,예,1,대표 쇼룸컷,original-based detail crop set,검수필요,수정,상세페이지 이미지 생성/교체 완료,,예,32,검수필요,기존 검수값 유지,기존 검수값 유지,
ANC-4032,레이스플레어 원피스,,assets/products/ank/generated/ANC-4032/ANC-4032-full.jpg,아니오,2,전신컷,original-based detail crop set,검수필요,수정,상세페이지 이미지 생성/교체 완료,,예,32,검수필요,기존 검수값 유지,기존 검수값 유지,
ANC-4032,레이스플레어 원피스,,assets/products/ank/generated/ANC-4032/ANC-4032-detail-board.jpg,아니오,3,상세 디테일 보드,original-based detail crop set,검수필요,수정,상세페이지 이미지 생성/교체 완료,후면/측면은 원본 정보 부족으로 디테일 보드 대체. 사용자 품질 검수 필요,예,32,검수필요,기존 검수값 유지,기존 검수값 유지,
ANC-4032,레이스플레어 원피스,,assets/products/ank/generated/ANC-4032/ANC-4032-detail-neckline.jpg,아니오,4,넥라인 확대,original-based detail crop set,검수필요,수정,상세페이지 이미지 생성/교체 완료,,예,32,검수필요,기존 검수값 유지,기존 검수값 유지,
ANC-4032,레이스플레어 원피스,,assets/products/ank/generated/ANC-4032/ANC-4032-detail-waist.jpg,아니오,5,허리/라인 확대,original-based detail crop set,검수필요,수정,상세페이지 이미지 생성/교체 완료,,예,32,검수필요,기존 검수값 유지,기존 검수값 유지,
ANC-4032,레이스플레어 원피스,,assets/products/ank/generated/ANC-4032/ANC-4032-detail-hem.jpg,아니오,6,밑단 확대,original-based detail crop set,검수필요,수정,상세페이지 이미지 생성/교체 완료,,예,32,검수필요,기존 검수값 유지,기존 검수값 유지,
ANC-4032,레이스플레어 원피스,,assets/products/ank/generated/ANC-4032/ANC-4032-detail-fabric.jpg,아니오,7,원단 확대,original-based detail crop set,검수필요,수정,상세페이지 이미지 생성/교체 완료,,예,32,검수필요,기존 검수값 유지,기존 검수값 유지,
ANC-4032,레이스플레어 원피스,,assets/products/ank/generated/ANC-4032/ANC-4032-product.jpg,아니오,8,제품컷,original-based detail crop set,검수필요,수정,상세페이지 이미지 생성/교체 완료,,예,32,검수필요,기존 검수값 유지,기존 검수값 유지,
ANC-4032,레이스플레어 원피스,,assets/ANC-4032_01.jpg,아니오,9,원본 보존컷,original-based detail crop set,검수필요,수정,상세페이지 이미지 생성/교체 완료,,예,32,검수필요,기존 검수값 유지,기존 검수값 유지,원본 보존
ANC-4033,스퀘어넥 버튼 원피스,assets/ANC-4033_01.jpg,assets/products/ank/generated/ANC-4033/ANC-4033-main.jpg,예,1,대표 쇼룸컷,original-based detail crop set,검수필요,수정,상세페이지 이미지 생성/교체 완료,,예,33,검수필요,기존 검수값 유지,기존 검수값 유지,
ANC-4033,스퀘어넥 버튼 원피스,,assets/products/ank/generated/ANC-4033/ANC-4033-full.jpg,아니오,2,전신컷,original-based detail crop set,검수필요,수정,상세페이지 이미지 생성/교체 완료,,예,33,검수필요,기존 검수값 유지,기존 검수값 유지,
ANC-4033,스퀘어넥 버튼 원피스,,assets/products/ank/generated/ANC-4033/ANC-4033-detail-board.jpg,아니오,3,상세 디테일 보드,original-based detail crop set,검수필요,수정,상세페이지 이미지 생성/교체 완료,후면/측면은 원본 정보 부족으로 디테일 보드 대체. 사용자 품질 검수 필요,예,33,검수필요,기존 검수값 유지,기존 검수값 유지,
ANC-4033,스퀘어넥 버튼 원피스,,assets/products/ank/generated/ANC-4033/ANC-4033-detail-neckline.jpg,아니오,4,넥라인 확대,original-based detail crop set,검수필요,수정,상세페이지 이미지 생성/교체 완료,,예,33,검수필요,기존 검수값 유지,기존 검수값 유지,
ANC-4033,스퀘어넥 버튼 원피스,,assets/products/ank/generated/ANC-4033/ANC-4033-detail-waist.jpg,아니오,5,허리/라인 확대,original-based detail crop set,검수필요,수정,상세페이지 이미지 생성/교체 완료,,예,33,검수필요,기존 검수값 유지,기존 검수값 유지,
ANC-4033,스퀘어넥 버튼 원피스,,assets/products/ank/generated/ANC-4033/ANC-4033-detail-hem.jpg,아니오,6,밑단 확대,original-based detail crop set,검수필요,수정,상세페이지 이미지 생성/교체 완료,,예,33,검수필요,기존 검수값 유지,기존 검수값 유지,
ANC-4033,스퀘어넥 버튼 원피스,,assets/products/ank/generated/ANC-4033/ANC-4033-detail-fabric.jpg,아니오,7,원단 확대,original-based detail crop set,검수필요,수정,상세페이지 이미지 생성/교체 완료,,예,33,검수필요,기존 검수값 유지,기존 검수값 유지,
ANC-4033,스퀘어넥 버튼 원피스,,assets/products/ank/generated/ANC-4033/ANC-4033-product.jpg,아니오,8,제품컷,original-based detail crop set,검수필요,수정,상세페이지 이미지 생성/교체 완료,,예,33,검수필요,기존 검수값 유지,기존 검수값 유지,
ANC-4033,스퀘어넥 버튼 원피스,,assets/ANC-4033_01.jpg,아니오,9,원본 보존컷,original-based detail crop set,검수필요,수정,상세페이지 이미지 생성/교체 완료,,예,33,검수필요,기존 검수값 유지,기존 검수값 유지,원본 보존
ANC-4034,프릴라인 플레어 원피스,assets/ANC-4034_01.jpg,assets/products/ank/generated/ANC-4034/ANC-4034-main.jpg,예,1,대표 쇼룸컷,original-based detail crop set,검수필요,수정,상세페이지 이미지 생성/교체 완료,,예,34,검수필요,기존 검수값 유지,기존 검수값 유지,
ANC-4034,프릴라인 플레어 원피스,,assets/products/ank/generated/ANC-4034/ANC-4034-full.jpg,아니오,2,전신컷,original-based detail crop set,검수필요,수정,상세페이지 이미지 생성/교체 완료,,예,34,검수필요,기존 검수값 유지,기존 검수값 유지,
ANC-4034,프릴라인 플레어 원피스,,assets/products/ank/generated/ANC-4034/ANC-4034-detail-board.jpg,아니오,3,상세 디테일 보드,original-based detail crop set,검수필요,수정,상세페이지 이미지 생성/교체 완료,후면/측면은 원본 정보 부족으로 디테일 보드 대체. 사용자 품질 검수 필요,예,34,검수필요,기존 검수값 유지,기존 검수값 유지,
ANC-4034,프릴라인 플레어 원피스,,assets/products/ank/generated/ANC-4034/ANC-4034-detail-neckline.jpg,아니오,4,넥라인 확대,original-based detail crop set,검수필요,수정,상세페이지 이미지 생성/교체 완료,,예,34,검수필요,기존 검수값 유지,기존 검수값 유지,
ANC-4034,프릴라인 플레어 원피스,,assets/products/ank/generated/ANC-4034/ANC-4034-detail-waist.jpg,아니오,5,허리/라인 확대,original-based detail crop set,검수필요,수정,상세페이지 이미지 생성/교체 완료,,예,34,검수필요,기존 검수값 유지,기존 검수값 유지,
ANC-4034,프릴라인 플레어 원피스,,assets/products/ank/generated/ANC-4034/ANC-4034-detail-hem.jpg,아니오,6,밑단 확대,original-based detail crop set,검수필요,수정,상세페이지 이미지 생성/교체 완료,,예,34,검수필요,기존 검수값 유지,기존 검수값 유지,
ANC-4034,프릴라인 플레어 원피스,,assets/products/ank/generated/ANC-4034/ANC-4034-detail-fabric.jpg,아니오,7,원단 확대,original-based detail crop set,검수필요,수정,상세페이지 이미지 생성/교체 완료,,예,34,검수필요,기존 검수값 유지,기존 검수값 유지,
ANC-4034,프릴라인 플레어 원피스,,assets/products/ank/generated/ANC-4034/ANC-4034-product.jpg,아니오,8,제품컷,original-based detail crop set,검수필요,수정,상세페이지 이미지 생성/교체 완료,,예,34,검수필요,기존 검수값 유지,기존 검수값 유지,
ANC-4034,프릴라인 플레어 원피스,,assets/ANC-4034_01.jpg,아니오,9,원본 보존컷,original-based detail crop set,검수필요,수정,상세페이지 이미지 생성/교체 완료,,예,34,검수필요,기존 검수값 유지,기존 검수값 유지,원본 보존
ANC-4035,오프숄더 리본 원피스,assets/ANC-4035_01.jpg,assets/products/ank/generated/ANC-4035/ANC-4035-main.jpg,예,1,대표 쇼룸컷,original-based detail crop set,검수필요,수정,상세페이지 이미지 생성/교체 완료,,예,35,검수필요,기존 검수값 유지,기존 검수값 유지,
ANC-4035,오프숄더 리본 원피스,,assets/products/ank/generated/ANC-4035/ANC-4035-full.jpg,아니오,2,전신컷,original-based detail crop set,검수필요,수정,상세페이지 이미지 생성/교체 완료,,예,35,검수필요,기존 검수값 유지,기존 검수값 유지,
ANC-4035,오프숄더 리본 원피스,,assets/products/ank/generated/ANC-4035/ANC-4035-detail-board.jpg,아니오,3,상세 디테일 보드,original-based detail crop set,검수필요,수정,상세페이지 이미지 생성/교체 완료,후면/측면은 원본 정보 부족으로 디테일 보드 대체. 사용자 품질 검수 필요,예,35,검수필요,기존 검수값 유지,기존 검수값 유지,
ANC-4035,오프숄더 리본 원피스,,assets/products/ank/generated/ANC-4035/ANC-4035-detail-neckline.jpg,아니오,4,넥라인 확대,original-based detail crop set,검수필요,수정,상세페이지 이미지 생성/교체 완료,,예,35,검수필요,기존 검수값 유지,기존 검수값 유지,
ANC-4035,오프숄더 리본 원피스,,assets/products/ank/generated/ANC-4035/ANC-4035-detail-waist.jpg,아니오,5,허리/라인 확대,original-based detail crop set,검수필요,수정,상세페이지 이미지 생성/교체 완료,,예,35,검수필요,기존 검수값 유지,기존 검수값 유지,
ANC-4035,오프숄더 리본 원피스,,assets/products/ank/generated/ANC-4035/ANC-4035-detail-hem.jpg,아니오,6,밑단 확대,original-based detail crop set,검수필요,수정,상세페이지 이미지 생성/교체 완료,,예,35,검수필요,기존 검수값 유지,기존 검수값 유지,
ANC-4035,오프숄더 리본 원피스,,assets/products/ank/generated/ANC-4035/ANC-4035-detail-fabric.jpg,아니오,7,원단 확대,original-based detail crop set,검수필요,수정,상세페이지 이미지 생성/교체 완료,,예,35,검수필요,기존 검수값 유지,기존 검수값 유지,
ANC-4035,오프숄더 리본 원피스,,assets/products/ank/generated/ANC-4035/ANC-4035-product.jpg,아니오,8,제품컷,original-based detail crop set,검수필요,수정,상세페이지 이미지 생성/교체 완료,,예,35,검수필요,기존 검수값 유지,기존 검수값 유지,
ANC-4035,오프숄더 리본 원피스,,assets/ANC-4035_01.jpg,아니오,9,원본 보존컷,original-based detail crop set,검수필요,수정,상세페이지 이미지 생성/교체 완료,,예,35,검수필요,기존 검수값 유지,기존 검수값 유지,원본 보존
ANC-4036,카라버튼 플레어 원피스,assets/ANC-4036_01.jpg,assets/products/ank/generated/ANC-4036/ANC-4036-main.jpg,예,1,대표 쇼룸컷,original-based detail crop set,검수필요,수정,상세페이지 이미지 생성/교체 완료,,예,36,검수필요,기존 검수값 유지,기존 검수값 유지,
ANC-4036,카라버튼 플레어 원피스,,assets/products/ank/generated/ANC-4036/ANC-4036-full.jpg,아니오,2,전신컷,original-based detail crop set,검수필요,수정,상세페이지 이미지 생성/교체 완료,,예,36,검수필요,기존 검수값 유지,기존 검수값 유지,
ANC-4036,카라버튼 플레어 원피스,,assets/products/ank/generated/ANC-4036/ANC-4036-detail-board.jpg,아니오,3,상세 디테일 보드,original-based detail crop set,검수필요,수정,상세페이지 이미지 생성/교체 완료,후면/측면은 원본 정보 부족으로 디테일 보드 대체. 사용자 품질 검수 필요,예,36,검수필요,기존 검수값 유지,기존 검수값 유지,
ANC-4036,카라버튼 플레어 원피스,,assets/products/ank/generated/ANC-4036/ANC-4036-detail-neckline.jpg,아니오,4,넥라인 확대,original-based detail crop set,검수필요,수정,상세페이지 이미지 생성/교체 완료,,예,36,검수필요,기존 검수값 유지,기존 검수값 유지,
ANC-4036,카라버튼 플레어 원피스,,assets/products/ank/generated/ANC-4036/ANC-4036-detail-waist.jpg,아니오,5,허리/라인 확대,original-based detail crop set,검수필요,수정,상세페이지 이미지 생성/교체 완료,,예,36,검수필요,기존 검수값 유지,기존 검수값 유지,
ANC-4036,카라버튼 플레어 원피스,,assets/products/ank/generated/ANC-4036/ANC-4036-detail-hem.jpg,아니오,6,밑단 확대,original-based detail crop set,검수필요,수정,상세페이지 이미지 생성/교체 완료,,예,36,검수필요,기존 검수값 유지,기존 검수값 유지,
ANC-4036,카라버튼 플레어 원피스,,assets/products/ank/generated/ANC-4036/ANC-4036-detail-fabric.jpg,아니오,7,원단 확대,original-based detail crop set,검수필요,수정,상세페이지 이미지 생성/교체 완료,,예,36,검수필요,기존 검수값 유지,기존 검수값 유지,
ANC-4036,카라버튼 플레어 원피스,,assets/products/ank/generated/ANC-4036/ANC-4036-product.jpg,아니오,8,제품컷,original-based detail crop set,검수필요,수정,상세페이지 이미지 생성/교체 완료,,예,36,검수필요,기존 검수값 유지,기존 검수값 유지,
ANC-4036,카라버튼 플레어 원피스,,assets/ANC-4036_01.jpg,아니오,9,원본 보존컷,original-based detail crop set,검수필요,수정,상세페이지 이미지 생성/교체 완료,,예,36,검수필요,기존 검수값 유지,기존 검수값 유지,원본 보존
ANC-4037,리본블라우스 배색 원피스,assets/ANC-4037_01.jpg,assets/products/ank/generated/ANC-4037/ANC-4037-main.jpg,예,1,대표 쇼룸컷,original-based detail crop set,검수필요,수정,상세페이지 이미지 생성/교체 완료,,예,37,검수필요,기존 검수값 유지,기존 검수값 유지,
ANC-4037,리본블라우스 배색 원피스,,assets/products/ank/generated/ANC-4037/ANC-4037-full.jpg,아니오,2,전신컷,original-based detail crop set,검수필요,수정,상세페이지 이미지 생성/교체 완료,,예,37,검수필요,기존 검수값 유지,기존 검수값 유지,
ANC-4037,리본블라우스 배색 원피스,,assets/products/ank/generated/ANC-4037/ANC-4037-detail-board.jpg,아니오,3,상세 디테일 보드,original-based detail crop set,검수필요,수정,상세페이지 이미지 생성/교체 완료,후면/측면은 원본 정보 부족으로 디테일 보드 대체. 사용자 품질 검수 필요,예,37,검수필요,기존 검수값 유지,기존 검수값 유지,
ANC-4037,리본블라우스 배색 원피스,,assets/products/ank/generated/ANC-4037/ANC-4037-detail-neckline.jpg,아니오,4,넥라인 확대,original-based detail crop set,검수필요,수정,상세페이지 이미지 생성/교체 완료,,예,37,검수필요,기존 검수값 유지,기존 검수값 유지,
ANC-4037,리본블라우스 배색 원피스,,assets/products/ank/generated/ANC-4037/ANC-4037-detail-waist.jpg,아니오,5,허리/라인 확대,original-based detail crop set,검수필요,수정,상세페이지 이미지 생성/교체 완료,,예,37,검수필요,기존 검수값 유지,기존 검수값 유지,
ANC-4037,리본블라우스 배색 원피스,,assets/products/ank/generated/ANC-4037/ANC-4037-detail-hem.jpg,아니오,6,밑단 확대,original-based detail crop set,검수필요,수정,상세페이지 이미지 생성/교체 완료,,예,37,검수필요,기존 검수값 유지,기존 검수값 유지,
ANC-4037,리본블라우스 배색 원피스,,assets/products/ank/generated/ANC-4037/ANC-4037-detail-fabric.jpg,아니오,7,원단 확대,original-based detail crop set,검수필요,수정,상세페이지 이미지 생성/교체 완료,,예,37,검수필요,기존 검수값 유지,기존 검수값 유지,
ANC-4037,리본블라우스 배색 원피스,,assets/products/ank/generated/ANC-4037/ANC-4037-product.jpg,아니오,8,제품컷,original-based detail crop set,검수필요,수정,상세페이지 이미지 생성/교체 완료,,예,37,검수필요,기존 검수값 유지,기존 검수값 유지,
ANC-4037,리본블라우스 배색 원피스,,assets/ANC-4037_01.jpg,아니오,9,원본 보존컷,original-based detail crop set,검수필요,수정,상세페이지 이미지 생성/교체 완료,,예,37,검수필요,기존 검수값 유지,기존 검수값 유지,원본 보존
ANC-4038,체크버튼 플레어 원피스,assets/ANC-4038_01.jpg,assets/products/ank/generated/ANC-4038/ANC-4038-main.jpg,예,1,대표 쇼룸컷,original-based detail crop set,검수필요,수정,상세페이지 이미지 생성/교체 완료,,예,38,검수필요,기존 검수값 유지,기존 검수값 유지,
ANC-4038,체크버튼 플레어 원피스,,assets/products/ank/generated/ANC-4038/ANC-4038-full.jpg,아니오,2,전신컷,original-based detail crop set,검수필요,수정,상세페이지 이미지 생성/교체 완료,,예,38,검수필요,기존 검수값 유지,기존 검수값 유지,
ANC-4038,체크버튼 플레어 원피스,,assets/products/ank/generated/ANC-4038/ANC-4038-detail-board.jpg,아니오,3,상세 디테일 보드,original-based detail crop set,검수필요,수정,상세페이지 이미지 생성/교체 완료,후면/측면은 원본 정보 부족으로 디테일 보드 대체. 사용자 품질 검수 필요,예,38,검수필요,기존 검수값 유지,기존 검수값 유지,
ANC-4038,체크버튼 플레어 원피스,,assets/products/ank/generated/ANC-4038/ANC-4038-detail-neckline.jpg,아니오,4,넥라인 확대,original-based detail crop set,검수필요,수정,상세페이지 이미지 생성/교체 완료,,예,38,검수필요,기존 검수값 유지,기존 검수값 유지,
ANC-4038,체크버튼 플레어 원피스,,assets/products/ank/generated/ANC-4038/ANC-4038-detail-waist.jpg,아니오,5,허리/라인 확대,original-based detail crop set,검수필요,수정,상세페이지 이미지 생성/교체 완료,,예,38,검수필요,기존 검수값 유지,기존 검수값 유지,
ANC-4038,체크버튼 플레어 원피스,,assets/products/ank/generated/ANC-4038/ANC-4038-detail-hem.jpg,아니오,6,밑단 확대,original-based detail crop set,검수필요,수정,상세페이지 이미지 생성/교체 완료,,예,38,검수필요,기존 검수값 유지,기존 검수값 유지,
ANC-4038,체크버튼 플레어 원피스,,assets/products/ank/generated/ANC-4038/ANC-4038-detail-fabric.jpg,아니오,7,원단 확대,original-based detail crop set,검수필요,수정,상세페이지 이미지 생성/교체 완료,,예,38,검수필요,기존 검수값 유지,기존 검수값 유지,
ANC-4038,체크버튼 플레어 원피스,,assets/products/ank/generated/ANC-4038/ANC-4038-product.jpg,아니오,8,제품컷,original-based detail crop set,검수필요,수정,상세페이지 이미지 생성/교체 완료,,예,38,검수필요,기존 검수값 유지,기존 검수값 유지,
ANC-4038,체크버튼 플레어 원피스,,assets/ANC-4038_01.jpg,아니오,9,원본 보존컷,original-based detail crop set,검수필요,수정,상세페이지 이미지 생성/교체 완료,,예,38,검수필요,기존 검수값 유지,기존 검수값 유지,원본 보존
ANC-4039,배색플레어 원피스,assets/ANC-4039_01.jpg,assets/products/ank/generated/ANC-4039/ANC-4039-main.jpg,예,1,대표 쇼룸컷,original-based detail crop set,검수필요,수정,상세페이지 이미지 생성/교체 완료,,예,39,검수필요,기존 검수값 유지,기존 검수값 유지,
ANC-4039,배색플레어 원피스,,assets/products/ank/generated/ANC-4039/ANC-4039-full.jpg,아니오,2,전신컷,original-based detail crop set,검수필요,수정,상세페이지 이미지 생성/교체 완료,,예,39,검수필요,기존 검수값 유지,기존 검수값 유지,
ANC-4039,배색플레어 원피스,,assets/products/ank/generated/ANC-4039/ANC-4039-detail-board.jpg,아니오,3,상세 디테일 보드,original-based detail crop set,검수필요,수정,상세페이지 이미지 생성/교체 완료,후면/측면은 원본 정보 부족으로 디테일 보드 대체. 사용자 품질 검수 필요,예,39,검수필요,기존 검수값 유지,기존 검수값 유지,
ANC-4039,배색플레어 원피스,,assets/products/ank/generated/ANC-4039/ANC-4039-detail-neckline.jpg,아니오,4,넥라인 확대,original-based detail crop set,검수필요,수정,상세페이지 이미지 생성/교체 완료,,예,39,검수필요,기존 검수값 유지,기존 검수값 유지,
ANC-4039,배색플레어 원피스,,assets/products/ank/generated/ANC-4039/ANC-4039-detail-waist.jpg,아니오,5,허리/라인 확대,original-based detail crop set,검수필요,수정,상세페이지 이미지 생성/교체 완료,,예,39,검수필요,기존 검수값 유지,기존 검수값 유지,
ANC-4039,배색플레어 원피스,,assets/products/ank/generated/ANC-4039/ANC-4039-detail-hem.jpg,아니오,6,밑단 확대,original-based detail crop set,검수필요,수정,상세페이지 이미지 생성/교체 완료,,예,39,검수필요,기존 검수값 유지,기존 검수값 유지,
ANC-4039,배색플레어 원피스,,assets/products/ank/generated/ANC-4039/ANC-4039-detail-fabric.jpg,아니오,7,원단 확대,original-based detail crop set,검수필요,수정,상세페이지 이미지 생성/교체 완료,,예,39,검수필요,기존 검수값 유지,기존 검수값 유지,
ANC-4039,배색플레어 원피스,,assets/products/ank/generated/ANC-4039/ANC-4039-product.jpg,아니오,8,제품컷,original-based detail crop set,검수필요,수정,상세페이지 이미지 생성/교체 완료,,예,39,검수필요,기존 검수값 유지,기존 검수값 유지,
ANC-4039,배색플레어 원피스,,assets/ANC-4039_01.jpg,아니오,9,원본 보존컷,original-based detail crop set,검수필요,수정,상세페이지 이미지 생성/교체 완료,,예,39,검수필요,기존 검수값 유지,기존 검수값 유지,원본 보존
ANC-4040,오프숄더 드레이프 원피스,assets/ANC-4040_01.jpg,assets/products/ank/generated/ANC-4040/ANC-4040-main.jpg,예,1,대표 쇼룸컷,original-based detail crop set,검수필요,수정,상세페이지 이미지 생성/교체 완료,,예,40,검수필요,기존 검수값 유지,기존 검수값 유지,
ANC-4040,오프숄더 드레이프 원피스,,assets/products/ank/generated/ANC-4040/ANC-4040-full.jpg,아니오,2,전신컷,original-based detail crop set,검수필요,수정,상세페이지 이미지 생성/교체 완료,,예,40,검수필요,기존 검수값 유지,기존 검수값 유지,
ANC-4040,오프숄더 드레이프 원피스,,assets/products/ank/generated/ANC-4040/ANC-4040-detail-board.jpg,아니오,3,상세 디테일 보드,original-based detail crop set,검수필요,수정,상세페이지 이미지 생성/교체 완료,후면/측면은 원본 정보 부족으로 디테일 보드 대체. 사용자 품질 검수 필요,예,40,검수필요,기존 검수값 유지,기존 검수값 유지,
ANC-4040,오프숄더 드레이프 원피스,,assets/products/ank/generated/ANC-4040/ANC-4040-detail-neckline.jpg,아니오,4,넥라인 확대,original-based detail crop set,검수필요,수정,상세페이지 이미지 생성/교체 완료,,예,40,검수필요,기존 검수값 유지,기존 검수값 유지,
ANC-4040,오프숄더 드레이프 원피스,,assets/products/ank/generated/ANC-4040/ANC-4040-detail-waist.jpg,아니오,5,허리/라인 확대,original-based detail crop set,검수필요,수정,상세페이지 이미지 생성/교체 완료,,예,40,검수필요,기존 검수값 유지,기존 검수값 유지,
ANC-4040,오프숄더 드레이프 원피스,,assets/products/ank/generated/ANC-4040/ANC-4040-detail-hem.jpg,아니오,6,밑단 확대,original-based detail crop set,검수필요,수정,상세페이지 이미지 생성/교체 완료,,예,40,검수필요,기존 검수값 유지,기존 검수값 유지,
ANC-4040,오프숄더 드레이프 원피스,,assets/products/ank/generated/ANC-4040/ANC-4040-detail-fabric.jpg,아니오,7,원단 확대,original-based detail crop set,검수필요,수정,상세페이지 이미지 생성/교체 완료,,예,40,검수필요,기존 검수값 유지,기존 검수값 유지,
ANC-4040,오프숄더 드레이프 원피스,,assets/products/ank/generated/ANC-4040/ANC-4040-product.jpg,아니오,8,제품컷,original-based detail crop set,검수필요,수정,상세페이지 이미지 생성/교체 완료,,예,40,검수필요,기존 검수값 유지,기존 검수값 유지,
ANC-4040,오프숄더 드레이프 원피스,,assets/ANC-4040_01.jpg,아니오,9,원본 보존컷,original-based detail crop set,검수필요,수정,상세페이지 이미지 생성/교체 완료,,예,40,검수필요,기존 검수값 유지,기존 검수값 유지,원본 보존
ANC-4041,레이스블라우스 셔링 원피스,assets/ANC-4041_01.jpg,assets/products/ank/generated/ANC-4041/ANC-4041-main.jpg,예,1,대표 쇼룸컷,original-based detail crop set,검수필요,수정,상세페이지 이미지 생성/교체 완료,,예,41,검수필요,기존 검수값 유지,기존 검수값 유지,
ANC-4041,레이스블라우스 셔링 원피스,,assets/products/ank/generated/ANC-4041/ANC-4041-full.jpg,아니오,2,전신컷,original-based detail crop set,검수필요,수정,상세페이지 이미지 생성/교체 완료,,예,41,검수필요,기존 검수값 유지,기존 검수값 유지,
ANC-4041,레이스블라우스 셔링 원피스,,assets/products/ank/generated/ANC-4041/ANC-4041-detail-board.jpg,아니오,3,상세 디테일 보드,original-based detail crop set,검수필요,수정,상세페이지 이미지 생성/교체 완료,후면/측면은 원본 정보 부족으로 디테일 보드 대체. 사용자 품질 검수 필요,예,41,검수필요,기존 검수값 유지,기존 검수값 유지,
ANC-4041,레이스블라우스 셔링 원피스,,assets/products/ank/generated/ANC-4041/ANC-4041-detail-neckline.jpg,아니오,4,넥라인 확대,original-based detail crop set,검수필요,수정,상세페이지 이미지 생성/교체 완료,,예,41,검수필요,기존 검수값 유지,기존 검수값 유지,
ANC-4041,레이스블라우스 셔링 원피스,,assets/products/ank/generated/ANC-4041/ANC-4041-detail-waist.jpg,아니오,5,허리/라인 확대,original-based detail crop set,검수필요,수정,상세페이지 이미지 생성/교체 완료,,예,41,검수필요,기존 검수값 유지,기존 검수값 유지,
ANC-4041,레이스블라우스 셔링 원피스,,assets/products/ank/generated/ANC-4041/ANC-4041-detail-hem.jpg,아니오,6,밑단 확대,original-based detail crop set,검수필요,수정,상세페이지 이미지 생성/교체 완료,,예,41,검수필요,기존 검수값 유지,기존 검수값 유지,
ANC-4041,레이스블라우스 셔링 원피스,,assets/products/ank/generated/ANC-4041/ANC-4041-detail-fabric.jpg,아니오,7,원단 확대,original-based detail crop set,검수필요,수정,상세페이지 이미지 생성/교체 완료,,예,41,검수필요,기존 검수값 유지,기존 검수값 유지,
ANC-4041,레이스블라우스 셔링 원피스,,assets/products/ank/generated/ANC-4041/ANC-4041-product.jpg,아니오,8,제품컷,original-based detail crop set,검수필요,수정,상세페이지 이미지 생성/교체 완료,,예,41,검수필요,기존 검수값 유지,기존 검수값 유지,
ANC-4041,레이스블라우스 셔링 원피스,,assets/ANC-4041_01.jpg,아니오,9,원본 보존컷,original-based detail crop set,검수필요,수정,상세페이지 이미지 생성/교체 완료,,예,41,검수필요,기존 검수값 유지,기존 검수값 유지,원본 보존
ANC-4042,셔츠카라 플레어 원피스,assets/ANC-4042_01.jpg,assets/products/ank/generated/ANC-4042/ANC-4042-main.jpg,예,1,대표 쇼룸컷,original-based detail crop set,검수필요,수정,상세페이지 이미지 생성/교체 완료,,예,42,검수필요,기존 검수값 유지,기존 검수값 유지,
ANC-4042,셔츠카라 플레어 원피스,,assets/products/ank/generated/ANC-4042/ANC-4042-full.jpg,아니오,2,전신컷,original-based detail crop set,검수필요,수정,상세페이지 이미지 생성/교체 완료,,예,42,검수필요,기존 검수값 유지,기존 검수값 유지,
ANC-4042,셔츠카라 플레어 원피스,,assets/products/ank/generated/ANC-4042/ANC-4042-detail-board.jpg,아니오,3,상세 디테일 보드,original-based detail crop set,검수필요,수정,상세페이지 이미지 생성/교체 완료,후면/측면은 원본 정보 부족으로 디테일 보드 대체. 사용자 품질 검수 필요,예,42,검수필요,기존 검수값 유지,기존 검수값 유지,
ANC-4042,셔츠카라 플레어 원피스,,assets/products/ank/generated/ANC-4042/ANC-4042-detail-neckline.jpg,아니오,4,넥라인 확대,original-based detail crop set,검수필요,수정,상세페이지 이미지 생성/교체 완료,,예,42,검수필요,기존 검수값 유지,기존 검수값 유지,
ANC-4042,셔츠카라 플레어 원피스,,assets/products/ank/generated/ANC-4042/ANC-4042-detail-waist.jpg,아니오,5,허리/라인 확대,original-based detail crop set,검수필요,수정,상세페이지 이미지 생성/교체 완료,,예,42,검수필요,기존 검수값 유지,기존 검수값 유지,
ANC-4042,셔츠카라 플레어 원피스,,assets/products/ank/generated/ANC-4042/ANC-4042-detail-hem.jpg,아니오,6,밑단 확대,original-based detail crop set,검수필요,수정,상세페이지 이미지 생성/교체 완료,,예,42,검수필요,기존 검수값 유지,기존 검수값 유지,
ANC-4042,셔츠카라 플레어 원피스,,assets/products/ank/generated/ANC-4042/ANC-4042-detail-fabric.jpg,아니오,7,원단 확대,original-based detail crop set,검수필요,수정,상세페이지 이미지 생성/교체 완료,,예,42,검수필요,기존 검수값 유지,기존 검수값 유지,
ANC-4042,셔츠카라 플레어 원피스,,assets/products/ank/generated/ANC-4042/ANC-4042-product.jpg,아니오,8,제품컷,original-based detail crop set,검수필요,수정,상세페이지 이미지 생성/교체 완료,,예,42,검수필요,기존 검수값 유지,기존 검수값 유지,
ANC-4042,셔츠카라 플레어 원피스,,assets/ANC-4042_01.jpg,아니오,9,원본 보존컷,original-based detail crop set,검수필요,수정,상세페이지 이미지 생성/교체 완료,,예,42,검수필요,기존 검수값 유지,기존 검수값 유지,원본 보존
ANC-4043,레이스브이넥 셔링 원피스,assets/ANC-4043_01.jpg,assets/products/ank/generated/ANC-4043/ANC-4043-main.jpg,예,1,대표 쇼룸컷,original-based detail crop set,검수필요,수정,상세페이지 이미지 생성/교체 완료,,예,43,검수필요,기존 검수값 유지,기존 검수값 유지,
ANC-4043,레이스브이넥 셔링 원피스,,assets/products/ank/generated/ANC-4043/ANC-4043-full.jpg,아니오,2,전신컷,original-based detail crop set,검수필요,수정,상세페이지 이미지 생성/교체 완료,,예,43,검수필요,기존 검수값 유지,기존 검수값 유지,
ANC-4043,레이스브이넥 셔링 원피스,,assets/products/ank/generated/ANC-4043/ANC-4043-detail-board.jpg,아니오,3,상세 디테일 보드,original-based detail crop set,검수필요,수정,상세페이지 이미지 생성/교체 완료,후면/측면은 원본 정보 부족으로 디테일 보드 대체. 사용자 품질 검수 필요,예,43,검수필요,기존 검수값 유지,기존 검수값 유지,
ANC-4043,레이스브이넥 셔링 원피스,,assets/products/ank/generated/ANC-4043/ANC-4043-detail-neckline.jpg,아니오,4,넥라인 확대,original-based detail crop set,검수필요,수정,상세페이지 이미지 생성/교체 완료,,예,43,검수필요,기존 검수값 유지,기존 검수값 유지,
ANC-4043,레이스브이넥 셔링 원피스,,assets/products/ank/generated/ANC-4043/ANC-4043-detail-waist.jpg,아니오,5,허리/라인 확대,original-based detail crop set,검수필요,수정,상세페이지 이미지 생성/교체 완료,,예,43,검수필요,기존 검수값 유지,기존 검수값 유지,
ANC-4043,레이스브이넥 셔링 원피스,,assets/products/ank/generated/ANC-4043/ANC-4043-detail-hem.jpg,아니오,6,밑단 확대,original-based detail crop set,검수필요,수정,상세페이지 이미지 생성/교체 완료,,예,43,검수필요,기존 검수값 유지,기존 검수값 유지,
ANC-4043,레이스브이넥 셔링 원피스,,assets/products/ank/generated/ANC-4043/ANC-4043-detail-fabric.jpg,아니오,7,원단 확대,original-based detail crop set,검수필요,수정,상세페이지 이미지 생성/교체 완료,,예,43,검수필요,기존 검수값 유지,기존 검수값 유지,
ANC-4043,레이스브이넥 셔링 원피스,,assets/products/ank/generated/ANC-4043/ANC-4043-product.jpg,아니오,8,제품컷,original-based detail crop set,검수필요,수정,상세페이지 이미지 생성/교체 완료,,예,43,검수필요,기존 검수값 유지,기존 검수값 유지,
ANC-4043,레이스브이넥 셔링 원피스,,assets/ANC-4043_01.jpg,아니오,9,원본 보존컷,original-based detail crop set,검수필요,수정,상세페이지 이미지 생성/교체 완료,,예,43,검수필요,기존 검수값 유지,기존 검수값 유지,원본 보존
ANC-4044,레이스라인 플레어 원피스,assets/ANC-4044_01.jpg,assets/products/ank/generated/ANC-4044/ANC-4044-main.jpg,예,1,대표 쇼룸컷,original-based detail crop set,검수필요,수정,상세페이지 이미지 생성/교체 완료,,예,44,검수필요,기존 검수값 유지,기존 검수값 유지,
ANC-4044,레이스라인 플레어 원피스,,assets/products/ank/generated/ANC-4044/ANC-4044-full.jpg,아니오,2,전신컷,original-based detail crop set,검수필요,수정,상세페이지 이미지 생성/교체 완료,,예,44,검수필요,기존 검수값 유지,기존 검수값 유지,
ANC-4044,레이스라인 플레어 원피스,,assets/products/ank/generated/ANC-4044/ANC-4044-detail-board.jpg,아니오,3,상세 디테일 보드,original-based detail crop set,검수필요,수정,상세페이지 이미지 생성/교체 완료,후면/측면은 원본 정보 부족으로 디테일 보드 대체. 사용자 품질 검수 필요,예,44,검수필요,기존 검수값 유지,기존 검수값 유지,
ANC-4044,레이스라인 플레어 원피스,,assets/products/ank/generated/ANC-4044/ANC-4044-detail-neckline.jpg,아니오,4,넥라인 확대,original-based detail crop set,검수필요,수정,상세페이지 이미지 생성/교체 완료,,예,44,검수필요,기존 검수값 유지,기존 검수값 유지,
ANC-4044,레이스라인 플레어 원피스,,assets/products/ank/generated/ANC-4044/ANC-4044-detail-waist.jpg,아니오,5,허리/라인 확대,original-based detail crop set,검수필요,수정,상세페이지 이미지 생성/교체 완료,,예,44,검수필요,기존 검수값 유지,기존 검수값 유지,
ANC-4044,레이스라인 플레어 원피스,,assets/products/ank/generated/ANC-4044/ANC-4044-detail-hem.jpg,아니오,6,밑단 확대,original-based detail crop set,검수필요,수정,상세페이지 이미지 생성/교체 완료,,예,44,검수필요,기존 검수값 유지,기존 검수값 유지,
ANC-4044,레이스라인 플레어 원피스,,assets/products/ank/generated/ANC-4044/ANC-4044-detail-fabric.jpg,아니오,7,원단 확대,original-based detail crop set,검수필요,수정,상세페이지 이미지 생성/교체 완료,,예,44,검수필요,기존 검수값 유지,기존 검수값 유지,
ANC-4044,레이스라인 플레어 원피스,,assets/products/ank/generated/ANC-4044/ANC-4044-product.jpg,아니오,8,제품컷,original-based detail crop set,검수필요,수정,상세페이지 이미지 생성/교체 완료,,예,44,검수필요,기존 검수값 유지,기존 검수값 유지,
ANC-4044,레이스라인 플레어 원피스,,assets/ANC-4044_01.jpg,아니오,9,원본 보존컷,original-based detail crop set,검수필요,수정,상세페이지 이미지 생성/교체 완료,,예,44,검수필요,기존 검수값 유지,기존 검수값 유지,원본 보존
ANC-4045,카울넥 드레이프 원피스,assets/ANC-4045_01.jpg,assets/products/ank/generated/ANC-4045/ANC-4045-main.jpg,예,1,대표 쇼룸컷,original-based detail crop set,검수필요,수정,상세페이지 이미지 생성/교체 완료,,예,45,검수필요,기존 검수값 유지,기존 검수값 유지,
ANC-4045,카울넥 드레이프 원피스,,assets/products/ank/generated/ANC-4045/ANC-4045-full.jpg,아니오,2,전신컷,original-based detail crop set,검수필요,수정,상세페이지 이미지 생성/교체 완료,,예,45,검수필요,기존 검수값 유지,기존 검수값 유지,
ANC-4045,카울넥 드레이프 원피스,,assets/products/ank/generated/ANC-4045/ANC-4045-detail-board.jpg,아니오,3,상세 디테일 보드,original-based detail crop set,검수필요,수정,상세페이지 이미지 생성/교체 완료,후면/측면은 원본 정보 부족으로 디테일 보드 대체. 사용자 품질 검수 필요,예,45,검수필요,기존 검수값 유지,기존 검수값 유지,
ANC-4045,카울넥 드레이프 원피스,,assets/products/ank/generated/ANC-4045/ANC-4045-detail-neckline.jpg,아니오,4,넥라인 확대,original-based detail crop set,검수필요,수정,상세페이지 이미지 생성/교체 완료,,예,45,검수필요,기존 검수값 유지,기존 검수값 유지,
ANC-4045,카울넥 드레이프 원피스,,assets/products/ank/generated/ANC-4045/ANC-4045-detail-waist.jpg,아니오,5,허리/라인 확대,original-based detail crop set,검수필요,수정,상세페이지 이미지 생성/교체 완료,,예,45,검수필요,기존 검수값 유지,기존 검수값 유지,
ANC-4045,카울넥 드레이프 원피스,,assets/products/ank/generated/ANC-4045/ANC-4045-detail-hem.jpg,아니오,6,밑단 확대,original-based detail crop set,검수필요,수정,상세페이지 이미지 생성/교체 완료,,예,45,검수필요,기존 검수값 유지,기존 검수값 유지,
ANC-4045,카울넥 드레이프 원피스,,assets/products/ank/generated/ANC-4045/ANC-4045-detail-fabric.jpg,아니오,7,원단 확대,original-based detail crop set,검수필요,수정,상세페이지 이미지 생성/교체 완료,,예,45,검수필요,기존 검수값 유지,기존 검수값 유지,
ANC-4045,카울넥 드레이프 원피스,,assets/products/ank/generated/ANC-4045/ANC-4045-product.jpg,아니오,8,제품컷,original-based detail crop set,검수필요,수정,상세페이지 이미지 생성/교체 완료,,예,45,검수필요,기존 검수값 유지,기존 검수값 유지,
ANC-4045,카울넥 드레이프 원피스,,assets/ANC-4045_01.jpg,아니오,9,원본 보존컷,original-based detail crop set,검수필요,수정,상세페이지 이미지 생성/교체 완료,,예,45,검수필요,기존 검수값 유지,기존 검수값 유지,원본 보존
ANC-4046,레이스백 셔링 원피스,assets/ANC-4046_01.jpg,assets/products/ank/generated/ANC-4046/ANC-4046-main.jpg,예,1,대표 쇼룸컷,original-based detail crop set,검수필요,수정,상세페이지 이미지 생성/교체 완료,,예,46,검수필요,기존 검수값 유지,기존 검수값 유지,
ANC-4046,레이스백 셔링 원피스,,assets/products/ank/generated/ANC-4046/ANC-4046-full.jpg,아니오,2,전신컷,original-based detail crop set,검수필요,수정,상세페이지 이미지 생성/교체 완료,,예,46,검수필요,기존 검수값 유지,기존 검수값 유지,
ANC-4046,레이스백 셔링 원피스,,assets/products/ank/generated/ANC-4046/ANC-4046-detail-board.jpg,아니오,3,상세 디테일 보드,original-based detail crop set,검수필요,수정,상세페이지 이미지 생성/교체 완료,후면/측면은 원본 정보 부족으로 디테일 보드 대체. 사용자 품질 검수 필요,예,46,검수필요,기존 검수값 유지,기존 검수값 유지,
ANC-4046,레이스백 셔링 원피스,,assets/products/ank/generated/ANC-4046/ANC-4046-detail-neckline.jpg,아니오,4,넥라인 확대,original-based detail crop set,검수필요,수정,상세페이지 이미지 생성/교체 완료,,예,46,검수필요,기존 검수값 유지,기존 검수값 유지,
ANC-4046,레이스백 셔링 원피스,,assets/products/ank/generated/ANC-4046/ANC-4046-detail-waist.jpg,아니오,5,허리/라인 확대,original-based detail crop set,검수필요,수정,상세페이지 이미지 생성/교체 완료,,예,46,검수필요,기존 검수값 유지,기존 검수값 유지,
ANC-4046,레이스백 셔링 원피스,,assets/products/ank/generated/ANC-4046/ANC-4046-detail-hem.jpg,아니오,6,밑단 확대,original-based detail crop set,검수필요,수정,상세페이지 이미지 생성/교체 완료,,예,46,검수필요,기존 검수값 유지,기존 검수값 유지,
ANC-4046,레이스백 셔링 원피스,,assets/products/ank/generated/ANC-4046/ANC-4046-detail-fabric.jpg,아니오,7,원단 확대,original-based detail crop set,검수필요,수정,상세페이지 이미지 생성/교체 완료,,예,46,검수필요,기존 검수값 유지,기존 검수값 유지,
ANC-4046,레이스백 셔링 원피스,,assets/products/ank/generated/ANC-4046/ANC-4046-product.jpg,아니오,8,제품컷,original-based detail crop set,검수필요,수정,상세페이지 이미지 생성/교체 완료,,예,46,검수필요,기존 검수값 유지,기존 검수값 유지,
ANC-4046,레이스백 셔링 원피스,,assets/ANC-4046_01.jpg,아니오,9,원본 보존컷,original-based detail crop set,검수필요,수정,상세페이지 이미지 생성/교체 완료,,예,46,검수필요,기존 검수값 유지,기존 검수값 유지,원본 보존
ANC-4047,셔링리본 플레어 원피스,assets/ANC-4047_01.jpg,assets/products/ank/generated/ANC-4047/ANC-4047-main.jpg,예,1,대표 쇼룸컷,original-based detail crop set,검수필요,수정,상세페이지 이미지 생성/교체 완료,,예,47,검수필요,기존 검수값 유지,기존 검수값 유지,
ANC-4047,셔링리본 플레어 원피스,,assets/products/ank/generated/ANC-4047/ANC-4047-full.jpg,아니오,2,전신컷,original-based detail crop set,검수필요,수정,상세페이지 이미지 생성/교체 완료,,예,47,검수필요,기존 검수값 유지,기존 검수값 유지,
ANC-4047,셔링리본 플레어 원피스,,assets/products/ank/generated/ANC-4047/ANC-4047-detail-board.jpg,아니오,3,상세 디테일 보드,original-based detail crop set,검수필요,수정,상세페이지 이미지 생성/교체 완료,후면/측면은 원본 정보 부족으로 디테일 보드 대체. 사용자 품질 검수 필요,예,47,검수필요,기존 검수값 유지,기존 검수값 유지,
ANC-4047,셔링리본 플레어 원피스,,assets/products/ank/generated/ANC-4047/ANC-4047-detail-neckline.jpg,아니오,4,넥라인 확대,original-based detail crop set,검수필요,수정,상세페이지 이미지 생성/교체 완료,,예,47,검수필요,기존 검수값 유지,기존 검수값 유지,
ANC-4047,셔링리본 플레어 원피스,,assets/products/ank/generated/ANC-4047/ANC-4047-detail-waist.jpg,아니오,5,허리/라인 확대,original-based detail crop set,검수필요,수정,상세페이지 이미지 생성/교체 완료,,예,47,검수필요,기존 검수값 유지,기존 검수값 유지,
ANC-4047,셔링리본 플레어 원피스,,assets/products/ank/generated/ANC-4047/ANC-4047-detail-hem.jpg,아니오,6,밑단 확대,original-based detail crop set,검수필요,수정,상세페이지 이미지 생성/교체 완료,,예,47,검수필요,기존 검수값 유지,기존 검수값 유지,
ANC-4047,셔링리본 플레어 원피스,,assets/products/ank/generated/ANC-4047/ANC-4047-detail-fabric.jpg,아니오,7,원단 확대,original-based detail crop set,검수필요,수정,상세페이지 이미지 생성/교체 완료,,예,47,검수필요,기존 검수값 유지,기존 검수값 유지,
ANC-4047,셔링리본 플레어 원피스,,assets/products/ank/generated/ANC-4047/ANC-4047-product.jpg,아니오,8,제품컷,original-based detail crop set,검수필요,수정,상세페이지 이미지 생성/교체 완료,,예,47,검수필요,기존 검수값 유지,기존 검수값 유지,
ANC-4047,셔링리본 플레어 원피스,,assets/ANC-4047_01.jpg,아니오,9,원본 보존컷,original-based detail crop set,검수필요,수정,상세페이지 이미지 생성/교체 완료,,예,47,검수필요,기존 검수값 유지,기존 검수값 유지,원본 보존
ANC-4048,배색카라 트임 원피스,assets/ANC-4048_01.jpg,assets/products/ank/generated/ANC-4048/ANC-4048-main.jpg,예,1,대표 쇼룸컷,original-based detail crop set,검수필요,수정,상세페이지 이미지 생성/교체 완료,,예,48,검수필요,기존 검수값 유지,기존 검수값 유지,
ANC-4048,배색카라 트임 원피스,,assets/products/ank/generated/ANC-4048/ANC-4048-full.jpg,아니오,2,전신컷,original-based detail crop set,검수필요,수정,상세페이지 이미지 생성/교체 완료,,예,48,검수필요,기존 검수값 유지,기존 검수값 유지,
ANC-4048,배색카라 트임 원피스,,assets/products/ank/generated/ANC-4048/ANC-4048-detail-board.jpg,아니오,3,상세 디테일 보드,original-based detail crop set,검수필요,수정,상세페이지 이미지 생성/교체 완료,후면/측면은 원본 정보 부족으로 디테일 보드 대체. 사용자 품질 검수 필요,예,48,검수필요,기존 검수값 유지,기존 검수값 유지,
ANC-4048,배색카라 트임 원피스,,assets/products/ank/generated/ANC-4048/ANC-4048-detail-neckline.jpg,아니오,4,넥라인 확대,original-based detail crop set,검수필요,수정,상세페이지 이미지 생성/교체 완료,,예,48,검수필요,기존 검수값 유지,기존 검수값 유지,
ANC-4048,배색카라 트임 원피스,,assets/products/ank/generated/ANC-4048/ANC-4048-detail-waist.jpg,아니오,5,허리/라인 확대,original-based detail crop set,검수필요,수정,상세페이지 이미지 생성/교체 완료,,예,48,검수필요,기존 검수값 유지,기존 검수값 유지,
ANC-4048,배색카라 트임 원피스,,assets/products/ank/generated/ANC-4048/ANC-4048-detail-hem.jpg,아니오,6,밑단 확대,original-based detail crop set,검수필요,수정,상세페이지 이미지 생성/교체 완료,,예,48,검수필요,기존 검수값 유지,기존 검수값 유지,
ANC-4048,배색카라 트임 원피스,,assets/products/ank/generated/ANC-4048/ANC-4048-detail-fabric.jpg,아니오,7,원단 확대,original-based detail crop set,검수필요,수정,상세페이지 이미지 생성/교체 완료,,예,48,검수필요,기존 검수값 유지,기존 검수값 유지,
ANC-4048,배색카라 트임 원피스,,assets/products/ank/generated/ANC-4048/ANC-4048-product.jpg,아니오,8,제품컷,original-based detail crop set,검수필요,수정,상세페이지 이미지 생성/교체 완료,,예,48,검수필요,기존 검수값 유지,기존 검수값 유지,
ANC-4048,배색카라 트임 원피스,,assets/ANC-4048_01.jpg,아니오,9,원본 보존컷,original-based detail crop set,검수필요,수정,상세페이지 이미지 생성/교체 완료,,예,48,검수필요,기존 검수값 유지,기존 검수값 유지,원본 보존
ANC-4049,랩셔링 원피스,assets/ANC-4049_01.jpg,assets/products/ank/generated/ANC-4049/ANC-4049-main.jpg,예,1,대표 쇼룸컷,original-based detail crop set,검수필요,수정,상세페이지 이미지 생성/교체 완료,,예,49,검수필요,기존 검수값 유지,기존 검수값 유지,
ANC-4049,랩셔링 원피스,,assets/products/ank/generated/ANC-4049/ANC-4049-full.jpg,아니오,2,전신컷,original-based detail crop set,검수필요,수정,상세페이지 이미지 생성/교체 완료,,예,49,검수필요,기존 검수값 유지,기존 검수값 유지,
ANC-4049,랩셔링 원피스,,assets/products/ank/generated/ANC-4049/ANC-4049-detail-board.jpg,아니오,3,상세 디테일 보드,original-based detail crop set,검수필요,수정,상세페이지 이미지 생성/교체 완료,후면/측면은 원본 정보 부족으로 디테일 보드 대체. 사용자 품질 검수 필요,예,49,검수필요,기존 검수값 유지,기존 검수값 유지,
ANC-4049,랩셔링 원피스,,assets/products/ank/generated/ANC-4049/ANC-4049-detail-neckline.jpg,아니오,4,넥라인 확대,original-based detail crop set,검수필요,수정,상세페이지 이미지 생성/교체 완료,,예,49,검수필요,기존 검수값 유지,기존 검수값 유지,
ANC-4049,랩셔링 원피스,,assets/products/ank/generated/ANC-4049/ANC-4049-detail-waist.jpg,아니오,5,허리/라인 확대,original-based detail crop set,검수필요,수정,상세페이지 이미지 생성/교체 완료,,예,49,검수필요,기존 검수값 유지,기존 검수값 유지,
ANC-4049,랩셔링 원피스,,assets/products/ank/generated/ANC-4049/ANC-4049-detail-hem.jpg,아니오,6,밑단 확대,original-based detail crop set,검수필요,수정,상세페이지 이미지 생성/교체 완료,,예,49,검수필요,기존 검수값 유지,기존 검수값 유지,
ANC-4049,랩셔링 원피스,,assets/products/ank/generated/ANC-4049/ANC-4049-detail-fabric.jpg,아니오,7,원단 확대,original-based detail crop set,검수필요,수정,상세페이지 이미지 생성/교체 완료,,예,49,검수필요,기존 검수값 유지,기존 검수값 유지,
ANC-4049,랩셔링 원피스,,assets/products/ank/generated/ANC-4049/ANC-4049-product.jpg,아니오,8,제품컷,original-based detail crop set,검수필요,수정,상세페이지 이미지 생성/교체 완료,,예,49,검수필요,기존 검수값 유지,기존 검수값 유지,
ANC-4049,랩셔링 원피스,,assets/ANC-4049_01.jpg,아니오,9,원본 보존컷,original-based detail crop set,검수필요,수정,상세페이지 이미지 생성/교체 완료,,예,49,검수필요,기존 검수값 유지,기존 검수값 유지,원본 보존
ANC-4050,레이스헴 플레어 원피스,assets/ANC-4050_01.jpg,assets/products/ank/generated/ANC-4050/ANC-4050-main.jpg,예,1,대표 쇼룸컷,original-based detail crop set,검수필요,수정,상세페이지 이미지 생성/교체 완료,,예,50,검수필요,기존 검수값 유지,기존 검수값 유지,
ANC-4050,레이스헴 플레어 원피스,,assets/products/ank/generated/ANC-4050/ANC-4050-full.jpg,아니오,2,전신컷,original-based detail crop set,검수필요,수정,상세페이지 이미지 생성/교체 완료,,예,50,검수필요,기존 검수값 유지,기존 검수값 유지,
ANC-4050,레이스헴 플레어 원피스,,assets/products/ank/generated/ANC-4050/ANC-4050-detail-board.jpg,아니오,3,상세 디테일 보드,original-based detail crop set,검수필요,수정,상세페이지 이미지 생성/교체 완료,후면/측면은 원본 정보 부족으로 디테일 보드 대체. 사용자 품질 검수 필요,예,50,검수필요,기존 검수값 유지,기존 검수값 유지,
ANC-4050,레이스헴 플레어 원피스,,assets/products/ank/generated/ANC-4050/ANC-4050-detail-neckline.jpg,아니오,4,넥라인 확대,original-based detail crop set,검수필요,수정,상세페이지 이미지 생성/교체 완료,,예,50,검수필요,기존 검수값 유지,기존 검수값 유지,
ANC-4050,레이스헴 플레어 원피스,,assets/products/ank/generated/ANC-4050/ANC-4050-detail-waist.jpg,아니오,5,허리/라인 확대,original-based detail crop set,검수필요,수정,상세페이지 이미지 생성/교체 완료,,예,50,검수필요,기존 검수값 유지,기존 검수값 유지,
ANC-4050,레이스헴 플레어 원피스,,assets/products/ank/generated/ANC-4050/ANC-4050-detail-hem.jpg,아니오,6,밑단 확대,original-based detail crop set,검수필요,수정,상세페이지 이미지 생성/교체 완료,,예,50,검수필요,기존 검수값 유지,기존 검수값 유지,
ANC-4050,레이스헴 플레어 원피스,,assets/products/ank/generated/ANC-4050/ANC-4050-detail-fabric.jpg,아니오,7,원단 확대,original-based detail crop set,검수필요,수정,상세페이지 이미지 생성/교체 완료,,예,50,검수필요,기존 검수값 유지,기존 검수값 유지,
ANC-4050,레이스헴 플레어 원피스,,assets/products/ank/generated/ANC-4050/ANC-4050-product.jpg,아니오,8,제품컷,original-based detail crop set,검수필요,수정,상세페이지 이미지 생성/교체 완료,,예,50,검수필요,기존 검수값 유지,기존 검수값 유지,
ANC-4050,레이스헴 플레어 원피스,,assets/ANC-4050_01.jpg,아니오,9,원본 보존컷,original-based detail crop set,검수필요,수정,상세페이지 이미지 생성/교체 완료,,예,50,검수필요,기존 검수값 유지,기존 검수값 유지,원본 보존
ANC-4051,스퀘어넥 셔링 원피스,assets/ANC-4051_01.jpg,assets/products/ank/generated/ANC-4051/ANC-4051-main.jpg,예,1,대표 쇼룸컷,original-based detail crop set,검수필요,수정,상세페이지 이미지 생성/교체 완료,,예,51,검수필요,기존 검수값 유지,기존 검수값 유지,
ANC-4051,스퀘어넥 셔링 원피스,,assets/products/ank/generated/ANC-4051/ANC-4051-full.jpg,아니오,2,전신컷,original-based detail crop set,검수필요,수정,상세페이지 이미지 생성/교체 완료,,예,51,검수필요,기존 검수값 유지,기존 검수값 유지,
ANC-4051,스퀘어넥 셔링 원피스,,assets/products/ank/generated/ANC-4051/ANC-4051-detail-board.jpg,아니오,3,상세 디테일 보드,original-based detail crop set,검수필요,수정,상세페이지 이미지 생성/교체 완료,후면/측면은 원본 정보 부족으로 디테일 보드 대체. 사용자 품질 검수 필요,예,51,검수필요,기존 검수값 유지,기존 검수값 유지,
ANC-4051,스퀘어넥 셔링 원피스,,assets/products/ank/generated/ANC-4051/ANC-4051-detail-neckline.jpg,아니오,4,넥라인 확대,original-based detail crop set,검수필요,수정,상세페이지 이미지 생성/교체 완료,,예,51,검수필요,기존 검수값 유지,기존 검수값 유지,
ANC-4051,스퀘어넥 셔링 원피스,,assets/products/ank/generated/ANC-4051/ANC-4051-detail-waist.jpg,아니오,5,허리/라인 확대,original-based detail crop set,검수필요,수정,상세페이지 이미지 생성/교체 완료,,예,51,검수필요,기존 검수값 유지,기존 검수값 유지,
ANC-4051,스퀘어넥 셔링 원피스,,assets/products/ank/generated/ANC-4051/ANC-4051-detail-hem.jpg,아니오,6,밑단 확대,original-based detail crop set,검수필요,수정,상세페이지 이미지 생성/교체 완료,,예,51,검수필요,기존 검수값 유지,기존 검수값 유지,
ANC-4051,스퀘어넥 셔링 원피스,,assets/products/ank/generated/ANC-4051/ANC-4051-detail-fabric.jpg,아니오,7,원단 확대,original-based detail crop set,검수필요,수정,상세페이지 이미지 생성/교체 완료,,예,51,검수필요,기존 검수값 유지,기존 검수값 유지,
ANC-4051,스퀘어넥 셔링 원피스,,assets/products/ank/generated/ANC-4051/ANC-4051-product.jpg,아니오,8,제품컷,original-based detail crop set,검수필요,수정,상세페이지 이미지 생성/교체 완료,,예,51,검수필요,기존 검수값 유지,기존 검수값 유지,
ANC-4051,스퀘어넥 셔링 원피스,,assets/ANC-4051_01.jpg,아니오,9,원본 보존컷,original-based detail crop set,검수필요,수정,상세페이지 이미지 생성/교체 완료,,예,51,검수필요,기존 검수값 유지,기존 검수값 유지,원본 보존
ANC-4052,레이스플레어 원피스,assets/ANC-4052_01.jpg,assets/products/ank/generated/ANC-4052/ANC-4052-main.jpg,예,1,대표 쇼룸컷,original-based detail crop set,검수필요,수정,상세페이지 이미지 생성/교체 완료,,예,52,검수필요,기존 검수값 유지,기존 검수값 유지,
ANC-4052,레이스플레어 원피스,,assets/products/ank/generated/ANC-4052/ANC-4052-full.jpg,아니오,2,전신컷,original-based detail crop set,검수필요,수정,상세페이지 이미지 생성/교체 완료,,예,52,검수필요,기존 검수값 유지,기존 검수값 유지,
ANC-4052,레이스플레어 원피스,,assets/products/ank/generated/ANC-4052/ANC-4052-detail-board.jpg,아니오,3,상세 디테일 보드,original-based detail crop set,검수필요,수정,상세페이지 이미지 생성/교체 완료,후면/측면은 원본 정보 부족으로 디테일 보드 대체. 사용자 품질 검수 필요,예,52,검수필요,기존 검수값 유지,기존 검수값 유지,
ANC-4052,레이스플레어 원피스,,assets/products/ank/generated/ANC-4052/ANC-4052-detail-neckline.jpg,아니오,4,넥라인 확대,original-based detail crop set,검수필요,수정,상세페이지 이미지 생성/교체 완료,,예,52,검수필요,기존 검수값 유지,기존 검수값 유지,
ANC-4052,레이스플레어 원피스,,assets/products/ank/generated/ANC-4052/ANC-4052-detail-waist.jpg,아니오,5,허리/라인 확대,original-based detail crop set,검수필요,수정,상세페이지 이미지 생성/교체 완료,,예,52,검수필요,기존 검수값 유지,기존 검수값 유지,
ANC-4052,레이스플레어 원피스,,assets/products/ank/generated/ANC-4052/ANC-4052-detail-hem.jpg,아니오,6,밑단 확대,original-based detail crop set,검수필요,수정,상세페이지 이미지 생성/교체 완료,,예,52,검수필요,기존 검수값 유지,기존 검수값 유지,
ANC-4052,레이스플레어 원피스,,assets/products/ank/generated/ANC-4052/ANC-4052-detail-fabric.jpg,아니오,7,원단 확대,original-based detail crop set,검수필요,수정,상세페이지 이미지 생성/교체 완료,,예,52,검수필요,기존 검수값 유지,기존 검수값 유지,
ANC-4052,레이스플레어 원피스,,assets/products/ank/generated/ANC-4052/ANC-4052-product.jpg,아니오,8,제품컷,original-based detail crop set,검수필요,수정,상세페이지 이미지 생성/교체 완료,,예,52,검수필요,기존 검수값 유지,기존 검수값 유지,
ANC-4052,레이스플레어 원피스,,assets/ANC-4052_01.jpg,아니오,9,원본 보존컷,original-based detail crop set,검수필요,수정,상세페이지 이미지 생성/교체 완료,,예,52,검수필요,기존 검수값 유지,기존 검수값 유지,원본 보존
ANC-4053,러플숄더 원피스,assets/ANC-4053_01.jpg,assets/products/ank/generated/ANC-4053/ANC-4053-main.jpg,예,1,대표 쇼룸컷,original-based detail crop set,검수필요,수정,상세페이지 이미지 생성/교체 완료,,예,53,검수필요,기존 검수값 유지,기존 검수값 유지,
ANC-4053,러플숄더 원피스,,assets/products/ank/generated/ANC-4053/ANC-4053-full.jpg,아니오,2,전신컷,original-based detail crop set,검수필요,수정,상세페이지 이미지 생성/교체 완료,,예,53,검수필요,기존 검수값 유지,기존 검수값 유지,
ANC-4053,러플숄더 원피스,,assets/products/ank/generated/ANC-4053/ANC-4053-detail-board.jpg,아니오,3,상세 디테일 보드,original-based detail crop set,검수필요,수정,상세페이지 이미지 생성/교체 완료,후면/측면은 원본 정보 부족으로 디테일 보드 대체. 사용자 품질 검수 필요,예,53,검수필요,기존 검수값 유지,기존 검수값 유지,
ANC-4053,러플숄더 원피스,,assets/products/ank/generated/ANC-4053/ANC-4053-detail-neckline.jpg,아니오,4,넥라인 확대,original-based detail crop set,검수필요,수정,상세페이지 이미지 생성/교체 완료,,예,53,검수필요,기존 검수값 유지,기존 검수값 유지,
ANC-4053,러플숄더 원피스,,assets/products/ank/generated/ANC-4053/ANC-4053-detail-waist.jpg,아니오,5,허리/라인 확대,original-based detail crop set,검수필요,수정,상세페이지 이미지 생성/교체 완료,,예,53,검수필요,기존 검수값 유지,기존 검수값 유지,
ANC-4053,러플숄더 원피스,,assets/products/ank/generated/ANC-4053/ANC-4053-detail-hem.jpg,아니오,6,밑단 확대,original-based detail crop set,검수필요,수정,상세페이지 이미지 생성/교체 완료,,예,53,검수필요,기존 검수값 유지,기존 검수값 유지,
ANC-4053,러플숄더 원피스,,assets/products/ank/generated/ANC-4053/ANC-4053-detail-fabric.jpg,아니오,7,원단 확대,original-based detail crop set,검수필요,수정,상세페이지 이미지 생성/교체 완료,,예,53,검수필요,기존 검수값 유지,기존 검수값 유지,
ANC-4053,러플숄더 원피스,,assets/products/ank/generated/ANC-4053/ANC-4053-product.jpg,아니오,8,제품컷,original-based detail crop set,검수필요,수정,상세페이지 이미지 생성/교체 완료,,예,53,검수필요,기존 검수값 유지,기존 검수값 유지,
ANC-4053,러플숄더 원피스,,assets/ANC-4053_01.jpg,아니오,9,원본 보존컷,original-based detail crop set,검수필요,수정,상세페이지 이미지 생성/교체 완료,,예,53,검수필요,기존 검수값 유지,기존 검수값 유지,원본 보존
ANC-4054,더블버튼 플레어 원피스,assets/ANC-4054_01.jpg,assets/products/ank/generated/ANC-4054/ANC-4054-main.jpg,예,1,대표 쇼룸컷,original-based detail crop set,검수필요,수정,상세페이지 이미지 생성/교체 완료,,예,54,검수필요,기존 검수값 유지,기존 검수값 유지,
ANC-4054,더블버튼 플레어 원피스,,assets/products/ank/generated/ANC-4054/ANC-4054-full.jpg,아니오,2,전신컷,original-based detail crop set,검수필요,수정,상세페이지 이미지 생성/교체 완료,,예,54,검수필요,기존 검수값 유지,기존 검수값 유지,
ANC-4054,더블버튼 플레어 원피스,,assets/products/ank/generated/ANC-4054/ANC-4054-detail-board.jpg,아니오,3,상세 디테일 보드,original-based detail crop set,검수필요,수정,상세페이지 이미지 생성/교체 완료,후면/측면은 원본 정보 부족으로 디테일 보드 대체. 사용자 품질 검수 필요,예,54,검수필요,기존 검수값 유지,기존 검수값 유지,
ANC-4054,더블버튼 플레어 원피스,,assets/products/ank/generated/ANC-4054/ANC-4054-detail-neckline.jpg,아니오,4,넥라인 확대,original-based detail crop set,검수필요,수정,상세페이지 이미지 생성/교체 완료,,예,54,검수필요,기존 검수값 유지,기존 검수값 유지,
ANC-4054,더블버튼 플레어 원피스,,assets/products/ank/generated/ANC-4054/ANC-4054-detail-waist.jpg,아니오,5,허리/라인 확대,original-based detail crop set,검수필요,수정,상세페이지 이미지 생성/교체 완료,,예,54,검수필요,기존 검수값 유지,기존 검수값 유지,
ANC-4054,더블버튼 플레어 원피스,,assets/products/ank/generated/ANC-4054/ANC-4054-detail-hem.jpg,아니오,6,밑단 확대,original-based detail crop set,검수필요,수정,상세페이지 이미지 생성/교체 완료,,예,54,검수필요,기존 검수값 유지,기존 검수값 유지,
ANC-4054,더블버튼 플레어 원피스,,assets/products/ank/generated/ANC-4054/ANC-4054-detail-fabric.jpg,아니오,7,원단 확대,original-based detail crop set,검수필요,수정,상세페이지 이미지 생성/교체 완료,,예,54,검수필요,기존 검수값 유지,기존 검수값 유지,
ANC-4054,더블버튼 플레어 원피스,,assets/products/ank/generated/ANC-4054/ANC-4054-product.jpg,아니오,8,제품컷,original-based detail crop set,검수필요,수정,상세페이지 이미지 생성/교체 완료,,예,54,검수필요,기존 검수값 유지,기존 검수값 유지,
ANC-4054,더블버튼 플레어 원피스,,assets/ANC-4054_01.jpg,아니오,9,원본 보존컷,original-based detail crop set,검수필요,수정,상세페이지 이미지 생성/교체 완료,,예,54,검수필요,기존 검수값 유지,기존 검수값 유지,원본 보존
ANC-4055,오프숄더 셔링 원피스,assets/ANC-4055_01.jpg,assets/products/ank/generated/ANC-4055/ANC-4055-main.jpg,예,1,대표 쇼룸컷,original-based detail crop set,검수필요,수정,상세페이지 이미지 생성/교체 완료,,예,55,검수필요,기존 검수값 유지,기존 검수값 유지,
ANC-4055,오프숄더 셔링 원피스,,assets/products/ank/generated/ANC-4055/ANC-4055-full.jpg,아니오,2,전신컷,original-based detail crop set,검수필요,수정,상세페이지 이미지 생성/교체 완료,,예,55,검수필요,기존 검수값 유지,기존 검수값 유지,
ANC-4055,오프숄더 셔링 원피스,,assets/products/ank/generated/ANC-4055/ANC-4055-detail-board.jpg,아니오,3,상세 디테일 보드,original-based detail crop set,검수필요,수정,상세페이지 이미지 생성/교체 완료,후면/측면은 원본 정보 부족으로 디테일 보드 대체. 사용자 품질 검수 필요,예,55,검수필요,기존 검수값 유지,기존 검수값 유지,
ANC-4055,오프숄더 셔링 원피스,,assets/products/ank/generated/ANC-4055/ANC-4055-detail-neckline.jpg,아니오,4,넥라인 확대,original-based detail crop set,검수필요,수정,상세페이지 이미지 생성/교체 완료,,예,55,검수필요,기존 검수값 유지,기존 검수값 유지,
ANC-4055,오프숄더 셔링 원피스,,assets/products/ank/generated/ANC-4055/ANC-4055-detail-waist.jpg,아니오,5,허리/라인 확대,original-based detail crop set,검수필요,수정,상세페이지 이미지 생성/교체 완료,,예,55,검수필요,기존 검수값 유지,기존 검수값 유지,
ANC-4055,오프숄더 셔링 원피스,,assets/products/ank/generated/ANC-4055/ANC-4055-detail-hem.jpg,아니오,6,밑단 확대,original-based detail crop set,검수필요,수정,상세페이지 이미지 생성/교체 완료,,예,55,검수필요,기존 검수값 유지,기존 검수값 유지,
ANC-4055,오프숄더 셔링 원피스,,assets/products/ank/generated/ANC-4055/ANC-4055-detail-fabric.jpg,아니오,7,원단 확대,original-based detail crop set,검수필요,수정,상세페이지 이미지 생성/교체 완료,,예,55,검수필요,기존 검수값 유지,기존 검수값 유지,
ANC-4055,오프숄더 셔링 원피스,,assets/products/ank/generated/ANC-4055/ANC-4055-product.jpg,아니오,8,제품컷,original-based detail crop set,검수필요,수정,상세페이지 이미지 생성/교체 완료,,예,55,검수필요,기존 검수값 유지,기존 검수값 유지,
ANC-4055,오프숄더 셔링 원피스,,assets/ANC-4055_01.jpg,아니오,9,원본 보존컷,original-based detail crop set,검수필요,수정,상세페이지 이미지 생성/교체 완료,,예,55,검수필요,기존 검수값 유지,기존 검수값 유지,원본 보존
ANC-4056,빅리본 플레어 원피스,assets/ANC-4056_01.jpg,assets/products/ank/generated/ANC-4056/ANC-4056-main.jpg,예,1,대표 쇼룸컷,original-based detail crop set,검수필요,수정,상세페이지 이미지 생성/교체 완료,,예,56,검수필요,기존 검수값 유지,기존 검수값 유지,
ANC-4056,빅리본 플레어 원피스,,assets/products/ank/generated/ANC-4056/ANC-4056-full.jpg,아니오,2,전신컷,original-based detail crop set,검수필요,수정,상세페이지 이미지 생성/교체 완료,,예,56,검수필요,기존 검수값 유지,기존 검수값 유지,
ANC-4056,빅리본 플레어 원피스,,assets/products/ank/generated/ANC-4056/ANC-4056-detail-board.jpg,아니오,3,상세 디테일 보드,original-based detail crop set,검수필요,수정,상세페이지 이미지 생성/교체 완료,후면/측면은 원본 정보 부족으로 디테일 보드 대체. 사용자 품질 검수 필요,예,56,검수필요,기존 검수값 유지,기존 검수값 유지,
ANC-4056,빅리본 플레어 원피스,,assets/products/ank/generated/ANC-4056/ANC-4056-detail-neckline.jpg,아니오,4,넥라인 확대,original-based detail crop set,검수필요,수정,상세페이지 이미지 생성/교체 완료,,예,56,검수필요,기존 검수값 유지,기존 검수값 유지,
ANC-4056,빅리본 플레어 원피스,,assets/products/ank/generated/ANC-4056/ANC-4056-detail-waist.jpg,아니오,5,허리/라인 확대,original-based detail crop set,검수필요,수정,상세페이지 이미지 생성/교체 완료,,예,56,검수필요,기존 검수값 유지,기존 검수값 유지,
ANC-4056,빅리본 플레어 원피스,,assets/products/ank/generated/ANC-4056/ANC-4056-detail-hem.jpg,아니오,6,밑단 확대,original-based detail crop set,검수필요,수정,상세페이지 이미지 생성/교체 완료,,예,56,검수필요,기존 검수값 유지,기존 검수값 유지,
ANC-4056,빅리본 플레어 원피스,,assets/products/ank/generated/ANC-4056/ANC-4056-detail-fabric.jpg,아니오,7,원단 확대,original-based detail crop set,검수필요,수정,상세페이지 이미지 생성/교체 완료,,예,56,검수필요,기존 검수값 유지,기존 검수값 유지,
ANC-4056,빅리본 플레어 원피스,,assets/products/ank/generated/ANC-4056/ANC-4056-product.jpg,아니오,8,제품컷,original-based detail crop set,검수필요,수정,상세페이지 이미지 생성/교체 완료,,예,56,검수필요,기존 검수값 유지,기존 검수값 유지,
ANC-4056,빅리본 플레어 원피스,,assets/ANC-4056_01.jpg,아니오,9,원본 보존컷,original-based detail crop set,검수필요,수정,상세페이지 이미지 생성/교체 완료,,예,56,검수필요,기존 검수값 유지,기존 검수값 유지,원본 보존
ANC-4057,잔셔링 원피스,assets/ANC-4057_01.jpg,assets/products/ank/generated/ANC-4057/ANC-4057-main.jpg,예,1,대표 쇼룸컷,original-based detail crop set,검수필요,수정,상세페이지 이미지 생성/교체 완료,,예,57,검수필요,기존 검수값 유지,기존 검수값 유지,
ANC-4057,잔셔링 원피스,,assets/products/ank/generated/ANC-4057/ANC-4057-full.jpg,아니오,2,전신컷,original-based detail crop set,검수필요,수정,상세페이지 이미지 생성/교체 완료,,예,57,검수필요,기존 검수값 유지,기존 검수값 유지,
ANC-4057,잔셔링 원피스,,assets/products/ank/generated/ANC-4057/ANC-4057-detail-board.jpg,아니오,3,상세 디테일 보드,original-based detail crop set,검수필요,수정,상세페이지 이미지 생성/교체 완료,후면/측면은 원본 정보 부족으로 디테일 보드 대체. 사용자 품질 검수 필요,예,57,검수필요,기존 검수값 유지,기존 검수값 유지,
ANC-4057,잔셔링 원피스,,assets/products/ank/generated/ANC-4057/ANC-4057-detail-neckline.jpg,아니오,4,넥라인 확대,original-based detail crop set,검수필요,수정,상세페이지 이미지 생성/교체 완료,,예,57,검수필요,기존 검수값 유지,기존 검수값 유지,
ANC-4057,잔셔링 원피스,,assets/products/ank/generated/ANC-4057/ANC-4057-detail-waist.jpg,아니오,5,허리/라인 확대,original-based detail crop set,검수필요,수정,상세페이지 이미지 생성/교체 완료,,예,57,검수필요,기존 검수값 유지,기존 검수값 유지,
ANC-4057,잔셔링 원피스,,assets/products/ank/generated/ANC-4057/ANC-4057-detail-hem.jpg,아니오,6,밑단 확대,original-based detail crop set,검수필요,수정,상세페이지 이미지 생성/교체 완료,,예,57,검수필요,기존 검수값 유지,기존 검수값 유지,
ANC-4057,잔셔링 원피스,,assets/products/ank/generated/ANC-4057/ANC-4057-detail-fabric.jpg,아니오,7,원단 확대,original-based detail crop set,검수필요,수정,상세페이지 이미지 생성/교체 완료,,예,57,검수필요,기존 검수값 유지,기존 검수값 유지,
ANC-4057,잔셔링 원피스,,assets/products/ank/generated/ANC-4057/ANC-4057-product.jpg,아니오,8,제품컷,original-based detail crop set,검수필요,수정,상세페이지 이미지 생성/교체 완료,,예,57,검수필요,기존 검수값 유지,기존 검수값 유지,
ANC-4057,잔셔링 원피스,,assets/ANC-4057_01.jpg,아니오,9,원본 보존컷,original-based detail crop set,검수필요,수정,상세페이지 이미지 생성/교체 완료,,예,57,검수필요,기존 검수값 유지,기존 검수값 유지,원본 보존
ANC-4058,더블버튼 플레어 원피스,assets/ANC-4058_01.jpg,assets/products/ank/generated/ANC-4058/ANC-4058-main.jpg,예,1,대표 쇼룸컷,original-based detail crop set,검수필요,수정,상세페이지 이미지 생성/교체 완료,,예,58,검수필요,기존 검수값 유지,기존 검수값 유지,
ANC-4058,더블버튼 플레어 원피스,,assets/products/ank/generated/ANC-4058/ANC-4058-full.jpg,아니오,2,전신컷,original-based detail crop set,검수필요,수정,상세페이지 이미지 생성/교체 완료,,예,58,검수필요,기존 검수값 유지,기존 검수값 유지,
ANC-4058,더블버튼 플레어 원피스,,assets/products/ank/generated/ANC-4058/ANC-4058-detail-board.jpg,아니오,3,상세 디테일 보드,original-based detail crop set,검수필요,수정,상세페이지 이미지 생성/교체 완료,후면/측면은 원본 정보 부족으로 디테일 보드 대체. 사용자 품질 검수 필요,예,58,검수필요,기존 검수값 유지,기존 검수값 유지,
ANC-4058,더블버튼 플레어 원피스,,assets/products/ank/generated/ANC-4058/ANC-4058-detail-neckline.jpg,아니오,4,넥라인 확대,original-based detail crop set,검수필요,수정,상세페이지 이미지 생성/교체 완료,,예,58,검수필요,기존 검수값 유지,기존 검수값 유지,
ANC-4058,더블버튼 플레어 원피스,,assets/products/ank/generated/ANC-4058/ANC-4058-detail-waist.jpg,아니오,5,허리/라인 확대,original-based detail crop set,검수필요,수정,상세페이지 이미지 생성/교체 완료,,예,58,검수필요,기존 검수값 유지,기존 검수값 유지,
ANC-4058,더블버튼 플레어 원피스,,assets/products/ank/generated/ANC-4058/ANC-4058-detail-hem.jpg,아니오,6,밑단 확대,original-based detail crop set,검수필요,수정,상세페이지 이미지 생성/교체 완료,,예,58,검수필요,기존 검수값 유지,기존 검수값 유지,
ANC-4058,더블버튼 플레어 원피스,,assets/products/ank/generated/ANC-4058/ANC-4058-detail-fabric.jpg,아니오,7,원단 확대,original-based detail crop set,검수필요,수정,상세페이지 이미지 생성/교체 완료,,예,58,검수필요,기존 검수값 유지,기존 검수값 유지,
ANC-4058,더블버튼 플레어 원피스,,assets/products/ank/generated/ANC-4058/ANC-4058-product.jpg,아니오,8,제품컷,original-based detail crop set,검수필요,수정,상세페이지 이미지 생성/교체 완료,,예,58,검수필요,기존 검수값 유지,기존 검수값 유지,
ANC-4058,더블버튼 플레어 원피스,,assets/ANC-4058_01.jpg,아니오,9,원본 보존컷,original-based detail crop set,검수필요,수정,상세페이지 이미지 생성/교체 완료,,예,58,검수필요,기존 검수값 유지,기존 검수값 유지,원본 보존
ANC-4059,오프숄더 셔링 원피스,assets/ANC-4059_01.jpg,assets/products/ank/generated/ANC-4059/ANC-4059-main.jpg,예,1,대표 쇼룸컷,original-based detail crop set,검수필요,수정,상세페이지 이미지 생성/교체 완료,,예,59,검수필요,기존 검수값 유지,기존 검수값 유지,
ANC-4059,오프숄더 셔링 원피스,,assets/products/ank/generated/ANC-4059/ANC-4059-full.jpg,아니오,2,전신컷,original-based detail crop set,검수필요,수정,상세페이지 이미지 생성/교체 완료,,예,59,검수필요,기존 검수값 유지,기존 검수값 유지,
ANC-4059,오프숄더 셔링 원피스,,assets/products/ank/generated/ANC-4059/ANC-4059-detail-board.jpg,아니오,3,상세 디테일 보드,original-based detail crop set,검수필요,수정,상세페이지 이미지 생성/교체 완료,후면/측면은 원본 정보 부족으로 디테일 보드 대체. 사용자 품질 검수 필요,예,59,검수필요,기존 검수값 유지,기존 검수값 유지,
ANC-4059,오프숄더 셔링 원피스,,assets/products/ank/generated/ANC-4059/ANC-4059-detail-neckline.jpg,아니오,4,넥라인 확대,original-based detail crop set,검수필요,수정,상세페이지 이미지 생성/교체 완료,,예,59,검수필요,기존 검수값 유지,기존 검수값 유지,
ANC-4059,오프숄더 셔링 원피스,,assets/products/ank/generated/ANC-4059/ANC-4059-detail-waist.jpg,아니오,5,허리/라인 확대,original-based detail crop set,검수필요,수정,상세페이지 이미지 생성/교체 완료,,예,59,검수필요,기존 검수값 유지,기존 검수값 유지,
ANC-4059,오프숄더 셔링 원피스,,assets/products/ank/generated/ANC-4059/ANC-4059-detail-hem.jpg,아니오,6,밑단 확대,original-based detail crop set,검수필요,수정,상세페이지 이미지 생성/교체 완료,,예,59,검수필요,기존 검수값 유지,기존 검수값 유지,
ANC-4059,오프숄더 셔링 원피스,,assets/products/ank/generated/ANC-4059/ANC-4059-detail-fabric.jpg,아니오,7,원단 확대,original-based detail crop set,검수필요,수정,상세페이지 이미지 생성/교체 완료,,예,59,검수필요,기존 검수값 유지,기존 검수값 유지,
ANC-4059,오프숄더 셔링 원피스,,assets/products/ank/generated/ANC-4059/ANC-4059-product.jpg,아니오,8,제품컷,original-based detail crop set,검수필요,수정,상세페이지 이미지 생성/교체 완료,,예,59,검수필요,기존 검수값 유지,기존 검수값 유지,
ANC-4059,오프숄더 셔링 원피스,,assets/ANC-4059_01.jpg,아니오,9,원본 보존컷,original-based detail crop set,검수필요,수정,상세페이지 이미지 생성/교체 완료,,예,59,검수필요,기존 검수값 유지,기존 검수값 유지,원본 보존
ANC-4060,레이스숄더 플레어 원피스,assets/ANC-4060_01.jpg,assets/products/ank/generated/ANC-4060/ANC-4060-main.jpg,예,1,대표 쇼룸컷,original-based detail crop set,검수필요,수정,상세페이지 이미지 생성/교체 완료,,예,60,검수필요,기존 검수값 유지,기존 검수값 유지,
ANC-4060,레이스숄더 플레어 원피스,,assets/products/ank/generated/ANC-4060/ANC-4060-full.jpg,아니오,2,전신컷,original-based detail crop set,검수필요,수정,상세페이지 이미지 생성/교체 완료,,예,60,검수필요,기존 검수값 유지,기존 검수값 유지,
ANC-4060,레이스숄더 플레어 원피스,,assets/products/ank/generated/ANC-4060/ANC-4060-detail-board.jpg,아니오,3,상세 디테일 보드,original-based detail crop set,검수필요,수정,상세페이지 이미지 생성/교체 완료,후면/측면은 원본 정보 부족으로 디테일 보드 대체. 사용자 품질 검수 필요,예,60,검수필요,기존 검수값 유지,기존 검수값 유지,
ANC-4060,레이스숄더 플레어 원피스,,assets/products/ank/generated/ANC-4060/ANC-4060-detail-neckline.jpg,아니오,4,넥라인 확대,original-based detail crop set,검수필요,수정,상세페이지 이미지 생성/교체 완료,,예,60,검수필요,기존 검수값 유지,기존 검수값 유지,
ANC-4060,레이스숄더 플레어 원피스,,assets/products/ank/generated/ANC-4060/ANC-4060-detail-waist.jpg,아니오,5,허리/라인 확대,original-based detail crop set,검수필요,수정,상세페이지 이미지 생성/교체 완료,,예,60,검수필요,기존 검수값 유지,기존 검수값 유지,
ANC-4060,레이스숄더 플레어 원피스,,assets/products/ank/generated/ANC-4060/ANC-4060-detail-hem.jpg,아니오,6,밑단 확대,original-based detail crop set,검수필요,수정,상세페이지 이미지 생성/교체 완료,,예,60,검수필요,기존 검수값 유지,기존 검수값 유지,
ANC-4060,레이스숄더 플레어 원피스,,assets/products/ank/generated/ANC-4060/ANC-4060-detail-fabric.jpg,아니오,7,원단 확대,original-based detail crop set,검수필요,수정,상세페이지 이미지 생성/교체 완료,,예,60,검수필요,기존 검수값 유지,기존 검수값 유지,
ANC-4060,레이스숄더 플레어 원피스,,assets/products/ank/generated/ANC-4060/ANC-4060-product.jpg,아니오,8,제품컷,original-based detail crop set,검수필요,수정,상세페이지 이미지 생성/교체 완료,,예,60,검수필요,기존 검수값 유지,기존 검수값 유지,
ANC-4060,레이스숄더 플레어 원피스,,assets/ANC-4060_01.jpg,아니오,9,원본 보존컷,original-based detail crop set,검수필요,수정,상세페이지 이미지 생성/교체 완료,,예,60,검수필요,기존 검수값 유지,기존 검수값 유지,원본 보존
ANC-4061,스트라이프 셔링 원피스,assets/ANC-4061_01.jpg,assets/products/ank/generated/ANC-4061/ANC-4061-main.jpg,예,1,대표 쇼룸컷,original-based detail crop set,검수필요,수정,상세페이지 이미지 생성/교체 완료,,예,61,검수필요,기존 검수값 유지,기존 검수값 유지,
ANC-4061,스트라이프 셔링 원피스,,assets/products/ank/generated/ANC-4061/ANC-4061-full.jpg,아니오,2,전신컷,original-based detail crop set,검수필요,수정,상세페이지 이미지 생성/교체 완료,,예,61,검수필요,기존 검수값 유지,기존 검수값 유지,
ANC-4061,스트라이프 셔링 원피스,,assets/products/ank/generated/ANC-4061/ANC-4061-detail-board.jpg,아니오,3,상세 디테일 보드,original-based detail crop set,검수필요,수정,상세페이지 이미지 생성/교체 완료,후면/측면은 원본 정보 부족으로 디테일 보드 대체. 사용자 품질 검수 필요,예,61,검수필요,기존 검수값 유지,기존 검수값 유지,
ANC-4061,스트라이프 셔링 원피스,,assets/products/ank/generated/ANC-4061/ANC-4061-detail-neckline.jpg,아니오,4,넥라인 확대,original-based detail crop set,검수필요,수정,상세페이지 이미지 생성/교체 완료,,예,61,검수필요,기존 검수값 유지,기존 검수값 유지,
ANC-4061,스트라이프 셔링 원피스,,assets/products/ank/generated/ANC-4061/ANC-4061-detail-waist.jpg,아니오,5,허리/라인 확대,original-based detail crop set,검수필요,수정,상세페이지 이미지 생성/교체 완료,,예,61,검수필요,기존 검수값 유지,기존 검수값 유지,
ANC-4061,스트라이프 셔링 원피스,,assets/products/ank/generated/ANC-4061/ANC-4061-detail-hem.jpg,아니오,6,밑단 확대,original-based detail crop set,검수필요,수정,상세페이지 이미지 생성/교체 완료,,예,61,검수필요,기존 검수값 유지,기존 검수값 유지,
ANC-4061,스트라이프 셔링 원피스,,assets/products/ank/generated/ANC-4061/ANC-4061-detail-fabric.jpg,아니오,7,원단 확대,original-based detail crop set,검수필요,수정,상세페이지 이미지 생성/교체 완료,,예,61,검수필요,기존 검수값 유지,기존 검수값 유지,
ANC-4061,스트라이프 셔링 원피스,,assets/products/ank/generated/ANC-4061/ANC-4061-product.jpg,아니오,8,제품컷,original-based detail crop set,검수필요,수정,상세페이지 이미지 생성/교체 완료,,예,61,검수필요,기존 검수값 유지,기존 검수값 유지,
ANC-4061,스트라이프 셔링 원피스,,assets/ANC-4061_01.jpg,아니오,9,원본 보존컷,original-based detail crop set,검수필요,수정,상세페이지 이미지 생성/교체 완료,,예,61,검수필요,기존 검수값 유지,기존 검수값 유지,원본 보존
ANC-4062,레이스브이넥 플레어 원피스,assets/ANC-4062_01.jpg,assets/products/ank/generated/ANC-4062/ANC-4062-main.jpg,예,1,대표 쇼룸컷,original-based detail crop set,검수필요,수정,상세페이지 이미지 생성/교체 완료,,예,62,검수필요,기존 검수값 유지,기존 검수값 유지,
ANC-4062,레이스브이넥 플레어 원피스,,assets/products/ank/generated/ANC-4062/ANC-4062-full.jpg,아니오,2,전신컷,original-based detail crop set,검수필요,수정,상세페이지 이미지 생성/교체 완료,,예,62,검수필요,기존 검수값 유지,기존 검수값 유지,
ANC-4062,레이스브이넥 플레어 원피스,,assets/products/ank/generated/ANC-4062/ANC-4062-detail-board.jpg,아니오,3,상세 디테일 보드,original-based detail crop set,검수필요,수정,상세페이지 이미지 생성/교체 완료,후면/측면은 원본 정보 부족으로 디테일 보드 대체. 사용자 품질 검수 필요,예,62,검수필요,기존 검수값 유지,기존 검수값 유지,
ANC-4062,레이스브이넥 플레어 원피스,,assets/products/ank/generated/ANC-4062/ANC-4062-detail-neckline.jpg,아니오,4,넥라인 확대,original-based detail crop set,검수필요,수정,상세페이지 이미지 생성/교체 완료,,예,62,검수필요,기존 검수값 유지,기존 검수값 유지,
ANC-4062,레이스브이넥 플레어 원피스,,assets/products/ank/generated/ANC-4062/ANC-4062-detail-waist.jpg,아니오,5,허리/라인 확대,original-based detail crop set,검수필요,수정,상세페이지 이미지 생성/교체 완료,,예,62,검수필요,기존 검수값 유지,기존 검수값 유지,
ANC-4062,레이스브이넥 플레어 원피스,,assets/products/ank/generated/ANC-4062/ANC-4062-detail-hem.jpg,아니오,6,밑단 확대,original-based detail crop set,검수필요,수정,상세페이지 이미지 생성/교체 완료,,예,62,검수필요,기존 검수값 유지,기존 검수값 유지,
ANC-4062,레이스브이넥 플레어 원피스,,assets/products/ank/generated/ANC-4062/ANC-4062-detail-fabric.jpg,아니오,7,원단 확대,original-based detail crop set,검수필요,수정,상세페이지 이미지 생성/교체 완료,,예,62,검수필요,기존 검수값 유지,기존 검수값 유지,
ANC-4062,레이스브이넥 플레어 원피스,,assets/products/ank/generated/ANC-4062/ANC-4062-product.jpg,아니오,8,제품컷,original-based detail crop set,검수필요,수정,상세페이지 이미지 생성/교체 완료,,예,62,검수필요,기존 검수값 유지,기존 검수값 유지,
ANC-4062,레이스브이넥 플레어 원피스,,assets/ANC-4062_01.jpg,아니오,9,원본 보존컷,original-based detail crop set,검수필요,수정,상세페이지 이미지 생성/교체 완료,,예,62,검수필요,기존 검수값 유지,기존 검수값 유지,원본 보존
ANC-4063,셔링카라 원피스,assets/ANC-4063_01.jpg,assets/products/ank/generated/ANC-4063/ANC-4063-main.jpg,예,1,대표 쇼룸컷,original-based detail crop set,검수필요,수정,상세페이지 이미지 생성/교체 완료,,예,63,검수필요,기존 검수값 유지,기존 검수값 유지,
ANC-4063,셔링카라 원피스,,assets/products/ank/generated/ANC-4063/ANC-4063-full.jpg,아니오,2,전신컷,original-based detail crop set,검수필요,수정,상세페이지 이미지 생성/교체 완료,,예,63,검수필요,기존 검수값 유지,기존 검수값 유지,
ANC-4063,셔링카라 원피스,,assets/products/ank/generated/ANC-4063/ANC-4063-detail-board.jpg,아니오,3,상세 디테일 보드,original-based detail crop set,검수필요,수정,상세페이지 이미지 생성/교체 완료,후면/측면은 원본 정보 부족으로 디테일 보드 대체. 사용자 품질 검수 필요,예,63,검수필요,기존 검수값 유지,기존 검수값 유지,
ANC-4063,셔링카라 원피스,,assets/products/ank/generated/ANC-4063/ANC-4063-detail-neckline.jpg,아니오,4,넥라인 확대,original-based detail crop set,검수필요,수정,상세페이지 이미지 생성/교체 완료,,예,63,검수필요,기존 검수값 유지,기존 검수값 유지,
ANC-4063,셔링카라 원피스,,assets/products/ank/generated/ANC-4063/ANC-4063-detail-waist.jpg,아니오,5,허리/라인 확대,original-based detail crop set,검수필요,수정,상세페이지 이미지 생성/교체 완료,,예,63,검수필요,기존 검수값 유지,기존 검수값 유지,
ANC-4063,셔링카라 원피스,,assets/products/ank/generated/ANC-4063/ANC-4063-detail-hem.jpg,아니오,6,밑단 확대,original-based detail crop set,검수필요,수정,상세페이지 이미지 생성/교체 완료,,예,63,검수필요,기존 검수값 유지,기존 검수값 유지,
ANC-4063,셔링카라 원피스,,assets/products/ank/generated/ANC-4063/ANC-4063-detail-fabric.jpg,아니오,7,원단 확대,original-based detail crop set,검수필요,수정,상세페이지 이미지 생성/교체 완료,,예,63,검수필요,기존 검수값 유지,기존 검수값 유지,
ANC-4063,셔링카라 원피스,,assets/products/ank/generated/ANC-4063/ANC-4063-product.jpg,아니오,8,제품컷,original-based detail crop set,검수필요,수정,상세페이지 이미지 생성/교체 완료,,예,63,검수필요,기존 검수값 유지,기존 검수값 유지,
ANC-4063,셔링카라 원피스,,assets/ANC-4063_01.jpg,아니오,9,원본 보존컷,original-based detail crop set,검수필요,수정,상세페이지 이미지 생성/교체 완료,,예,63,검수필요,기존 검수값 유지,기존 검수값 유지,원본 보존
ANC-4064,하트버튼 플레어 원피스,assets/ANC-4064_01.jpg,assets/products/ank/generated/ANC-4064/ANC-4064-main.jpg,예,1,대표 쇼룸컷,original-based detail crop set,검수필요,수정,상세페이지 이미지 생성/교체 완료,,예,64,검수필요,기존 검수값 유지,기존 검수값 유지,
ANC-4064,하트버튼 플레어 원피스,,assets/products/ank/generated/ANC-4064/ANC-4064-full.jpg,아니오,2,전신컷,original-based detail crop set,검수필요,수정,상세페이지 이미지 생성/교체 완료,,예,64,검수필요,기존 검수값 유지,기존 검수값 유지,
ANC-4064,하트버튼 플레어 원피스,,assets/products/ank/generated/ANC-4064/ANC-4064-detail-board.jpg,아니오,3,상세 디테일 보드,original-based detail crop set,검수필요,수정,상세페이지 이미지 생성/교체 완료,후면/측면은 원본 정보 부족으로 디테일 보드 대체. 사용자 품질 검수 필요,예,64,검수필요,기존 검수값 유지,기존 검수값 유지,
ANC-4064,하트버튼 플레어 원피스,,assets/products/ank/generated/ANC-4064/ANC-4064-detail-neckline.jpg,아니오,4,넥라인 확대,original-based detail crop set,검수필요,수정,상세페이지 이미지 생성/교체 완료,,예,64,검수필요,기존 검수값 유지,기존 검수값 유지,
ANC-4064,하트버튼 플레어 원피스,,assets/products/ank/generated/ANC-4064/ANC-4064-detail-waist.jpg,아니오,5,허리/라인 확대,original-based detail crop set,검수필요,수정,상세페이지 이미지 생성/교체 완료,,예,64,검수필요,기존 검수값 유지,기존 검수값 유지,
ANC-4064,하트버튼 플레어 원피스,,assets/products/ank/generated/ANC-4064/ANC-4064-detail-hem.jpg,아니오,6,밑단 확대,original-based detail crop set,검수필요,수정,상세페이지 이미지 생성/교체 완료,,예,64,검수필요,기존 검수값 유지,기존 검수값 유지,
ANC-4064,하트버튼 플레어 원피스,,assets/products/ank/generated/ANC-4064/ANC-4064-detail-fabric.jpg,아니오,7,원단 확대,original-based detail crop set,검수필요,수정,상세페이지 이미지 생성/교체 완료,,예,64,검수필요,기존 검수값 유지,기존 검수값 유지,
ANC-4064,하트버튼 플레어 원피스,,assets/products/ank/generated/ANC-4064/ANC-4064-product.jpg,아니오,8,제품컷,original-based detail crop set,검수필요,수정,상세페이지 이미지 생성/교체 완료,,예,64,검수필요,기존 검수값 유지,기존 검수값 유지,
ANC-4064,하트버튼 플레어 원피스,,assets/ANC-4064_01.jpg,아니오,9,원본 보존컷,original-based detail crop set,검수필요,수정,상세페이지 이미지 생성/교체 완료,,예,64,검수필요,기존 검수값 유지,기존 검수값 유지,원본 보존
ANC-4065,레이스백 러플 원피스,assets/ANC-4065_01.jpg,assets/products/ank/generated/ANC-4065/ANC-4065-main.jpg,예,1,대표 쇼룸컷,original-based detail crop set,검수필요,수정,상세페이지 이미지 생성/교체 완료,,예,65,검수필요,기존 검수값 유지,기존 검수값 유지,
ANC-4065,레이스백 러플 원피스,,assets/products/ank/generated/ANC-4065/ANC-4065-full.jpg,아니오,2,전신컷,original-based detail crop set,검수필요,수정,상세페이지 이미지 생성/교체 완료,,예,65,검수필요,기존 검수값 유지,기존 검수값 유지,
ANC-4065,레이스백 러플 원피스,,assets/products/ank/generated/ANC-4065/ANC-4065-detail-board.jpg,아니오,3,상세 디테일 보드,original-based detail crop set,검수필요,수정,상세페이지 이미지 생성/교체 완료,후면/측면은 원본 정보 부족으로 디테일 보드 대체. 사용자 품질 검수 필요,예,65,검수필요,기존 검수값 유지,기존 검수값 유지,
ANC-4065,레이스백 러플 원피스,,assets/products/ank/generated/ANC-4065/ANC-4065-detail-neckline.jpg,아니오,4,넥라인 확대,original-based detail crop set,검수필요,수정,상세페이지 이미지 생성/교체 완료,,예,65,검수필요,기존 검수값 유지,기존 검수값 유지,
ANC-4065,레이스백 러플 원피스,,assets/products/ank/generated/ANC-4065/ANC-4065-detail-waist.jpg,아니오,5,허리/라인 확대,original-based detail crop set,검수필요,수정,상세페이지 이미지 생성/교체 완료,,예,65,검수필요,기존 검수값 유지,기존 검수값 유지,
ANC-4065,레이스백 러플 원피스,,assets/products/ank/generated/ANC-4065/ANC-4065-detail-hem.jpg,아니오,6,밑단 확대,original-based detail crop set,검수필요,수정,상세페이지 이미지 생성/교체 완료,,예,65,검수필요,기존 검수값 유지,기존 검수값 유지,
ANC-4065,레이스백 러플 원피스,,assets/products/ank/generated/ANC-4065/ANC-4065-detail-fabric.jpg,아니오,7,원단 확대,original-based detail crop set,검수필요,수정,상세페이지 이미지 생성/교체 완료,,예,65,검수필요,기존 검수값 유지,기존 검수값 유지,
ANC-4065,레이스백 러플 원피스,,assets/products/ank/generated/ANC-4065/ANC-4065-product.jpg,아니오,8,제품컷,original-based detail crop set,검수필요,수정,상세페이지 이미지 생성/교체 완료,,예,65,검수필요,기존 검수값 유지,기존 검수값 유지,
ANC-4065,레이스백 러플 원피스,,assets/ANC-4065_01.jpg,아니오,9,원본 보존컷,original-based detail crop set,검수필요,수정,상세페이지 이미지 생성/교체 완료,,예,65,검수필요,기존 검수값 유지,기존 검수값 유지,원본 보존
ANC-4066,배색라인 플레어 원피스,assets/ANC-4066_01.jpg,assets/products/ank/generated/ANC-4066/ANC-4066-main.jpg,예,1,대표 쇼룸컷,original-based detail crop set,검수필요,수정,상세페이지 이미지 생성/교체 완료,,예,66,검수필요,기존 검수값 유지,기존 검수값 유지,
ANC-4066,배색라인 플레어 원피스,,assets/products/ank/generated/ANC-4066/ANC-4066-full.jpg,아니오,2,전신컷,original-based detail crop set,검수필요,수정,상세페이지 이미지 생성/교체 완료,,예,66,검수필요,기존 검수값 유지,기존 검수값 유지,
ANC-4066,배색라인 플레어 원피스,,assets/products/ank/generated/ANC-4066/ANC-4066-detail-board.jpg,아니오,3,상세 디테일 보드,original-based detail crop set,검수필요,수정,상세페이지 이미지 생성/교체 완료,후면/측면은 원본 정보 부족으로 디테일 보드 대체. 사용자 품질 검수 필요,예,66,검수필요,기존 검수값 유지,기존 검수값 유지,
ANC-4066,배색라인 플레어 원피스,,assets/products/ank/generated/ANC-4066/ANC-4066-detail-neckline.jpg,아니오,4,넥라인 확대,original-based detail crop set,검수필요,수정,상세페이지 이미지 생성/교체 완료,,예,66,검수필요,기존 검수값 유지,기존 검수값 유지,
ANC-4066,배색라인 플레어 원피스,,assets/products/ank/generated/ANC-4066/ANC-4066-detail-waist.jpg,아니오,5,허리/라인 확대,original-based detail crop set,검수필요,수정,상세페이지 이미지 생성/교체 완료,,예,66,검수필요,기존 검수값 유지,기존 검수값 유지,
ANC-4066,배색라인 플레어 원피스,,assets/products/ank/generated/ANC-4066/ANC-4066-detail-hem.jpg,아니오,6,밑단 확대,original-based detail crop set,검수필요,수정,상세페이지 이미지 생성/교체 완료,,예,66,검수필요,기존 검수값 유지,기존 검수값 유지,
ANC-4066,배색라인 플레어 원피스,,assets/products/ank/generated/ANC-4066/ANC-4066-detail-fabric.jpg,아니오,7,원단 확대,original-based detail crop set,검수필요,수정,상세페이지 이미지 생성/교체 완료,,예,66,검수필요,기존 검수값 유지,기존 검수값 유지,
ANC-4066,배색라인 플레어 원피스,,assets/products/ank/generated/ANC-4066/ANC-4066-product.jpg,아니오,8,제품컷,original-based detail crop set,검수필요,수정,상세페이지 이미지 생성/교체 완료,,예,66,검수필요,기존 검수값 유지,기존 검수값 유지,
ANC-4066,배색라인 플레어 원피스,,assets/ANC-4066_01.jpg,아니오,9,원본 보존컷,original-based detail crop set,검수필요,수정,상세페이지 이미지 생성/교체 완료,,예,66,검수필요,기존 검수값 유지,기존 검수값 유지,원본 보존
ANC-4067,빅리본 셔링 원피스,assets/ANC-4067_01.jpg,assets/products/ank/generated/ANC-4067/ANC-4067-main.jpg,예,1,대표 쇼룸컷,original-based detail crop set,검수필요,수정,상세페이지 이미지 생성/교체 완료,,예,67,검수필요,기존 검수값 유지,기존 검수값 유지,
ANC-4067,빅리본 셔링 원피스,,assets/products/ank/generated/ANC-4067/ANC-4067-full.jpg,아니오,2,전신컷,original-based detail crop set,검수필요,수정,상세페이지 이미지 생성/교체 완료,,예,67,검수필요,기존 검수값 유지,기존 검수값 유지,
ANC-4067,빅리본 셔링 원피스,,assets/products/ank/generated/ANC-4067/ANC-4067-detail-board.jpg,아니오,3,상세 디테일 보드,original-based detail crop set,검수필요,수정,상세페이지 이미지 생성/교체 완료,후면/측면은 원본 정보 부족으로 디테일 보드 대체. 사용자 품질 검수 필요,예,67,검수필요,기존 검수값 유지,기존 검수값 유지,
ANC-4067,빅리본 셔링 원피스,,assets/products/ank/generated/ANC-4067/ANC-4067-detail-neckline.jpg,아니오,4,넥라인 확대,original-based detail crop set,검수필요,수정,상세페이지 이미지 생성/교체 완료,,예,67,검수필요,기존 검수값 유지,기존 검수값 유지,
ANC-4067,빅리본 셔링 원피스,,assets/products/ank/generated/ANC-4067/ANC-4067-detail-waist.jpg,아니오,5,허리/라인 확대,original-based detail crop set,검수필요,수정,상세페이지 이미지 생성/교체 완료,,예,67,검수필요,기존 검수값 유지,기존 검수값 유지,
ANC-4067,빅리본 셔링 원피스,,assets/products/ank/generated/ANC-4067/ANC-4067-detail-hem.jpg,아니오,6,밑단 확대,original-based detail crop set,검수필요,수정,상세페이지 이미지 생성/교체 완료,,예,67,검수필요,기존 검수값 유지,기존 검수값 유지,
ANC-4067,빅리본 셔링 원피스,,assets/products/ank/generated/ANC-4067/ANC-4067-detail-fabric.jpg,아니오,7,원단 확대,original-based detail crop set,검수필요,수정,상세페이지 이미지 생성/교체 완료,,예,67,검수필요,기존 검수값 유지,기존 검수값 유지,
ANC-4067,빅리본 셔링 원피스,,assets/products/ank/generated/ANC-4067/ANC-4067-product.jpg,아니오,8,제품컷,original-based detail crop set,검수필요,수정,상세페이지 이미지 생성/교체 완료,,예,67,검수필요,기존 검수값 유지,기존 검수값 유지,
ANC-4067,빅리본 셔링 원피스,,assets/ANC-4067_01.jpg,아니오,9,원본 보존컷,original-based detail crop set,검수필요,수정,상세페이지 이미지 생성/교체 완료,,예,67,검수필요,기존 검수값 유지,기존 검수값 유지,원본 보존
ANC-4068,리본셔링 플레어 원피스,assets/ANC-4068_01.jpg,assets/products/ank/generated/ANC-4068/ANC-4068-main.jpg,예,1,대표 쇼룸컷,original-based detail crop set,검수필요,수정,상세페이지 이미지 생성/교체 완료,,예,68,검수필요,기존 검수값 유지,기존 검수값 유지,
ANC-4068,리본셔링 플레어 원피스,,assets/products/ank/generated/ANC-4068/ANC-4068-full.jpg,아니오,2,전신컷,original-based detail crop set,검수필요,수정,상세페이지 이미지 생성/교체 완료,,예,68,검수필요,기존 검수값 유지,기존 검수값 유지,
ANC-4068,리본셔링 플레어 원피스,,assets/products/ank/generated/ANC-4068/ANC-4068-detail-board.jpg,아니오,3,상세 디테일 보드,original-based detail crop set,검수필요,수정,상세페이지 이미지 생성/교체 완료,후면/측면은 원본 정보 부족으로 디테일 보드 대체. 사용자 품질 검수 필요,예,68,검수필요,기존 검수값 유지,기존 검수값 유지,
ANC-4068,리본셔링 플레어 원피스,,assets/products/ank/generated/ANC-4068/ANC-4068-detail-neckline.jpg,아니오,4,넥라인 확대,original-based detail crop set,검수필요,수정,상세페이지 이미지 생성/교체 완료,,예,68,검수필요,기존 검수값 유지,기존 검수값 유지,
ANC-4068,리본셔링 플레어 원피스,,assets/products/ank/generated/ANC-4068/ANC-4068-detail-waist.jpg,아니오,5,허리/라인 확대,original-based detail crop set,검수필요,수정,상세페이지 이미지 생성/교체 완료,,예,68,검수필요,기존 검수값 유지,기존 검수값 유지,
ANC-4068,리본셔링 플레어 원피스,,assets/products/ank/generated/ANC-4068/ANC-4068-detail-hem.jpg,아니오,6,밑단 확대,original-based detail crop set,검수필요,수정,상세페이지 이미지 생성/교체 완료,,예,68,검수필요,기존 검수값 유지,기존 검수값 유지,
ANC-4068,리본셔링 플레어 원피스,,assets/products/ank/generated/ANC-4068/ANC-4068-detail-fabric.jpg,아니오,7,원단 확대,original-based detail crop set,검수필요,수정,상세페이지 이미지 생성/교체 완료,,예,68,검수필요,기존 검수값 유지,기존 검수값 유지,
ANC-4068,리본셔링 플레어 원피스,,assets/products/ank/generated/ANC-4068/ANC-4068-product.jpg,아니오,8,제품컷,original-based detail crop set,검수필요,수정,상세페이지 이미지 생성/교체 완료,,예,68,검수필요,기존 검수값 유지,기존 검수값 유지,
ANC-4068,리본셔링 플레어 원피스,,assets/ANC-4068_01.jpg,아니오,9,원본 보존컷,original-based detail crop set,검수필요,수정,상세페이지 이미지 생성/교체 완료,,예,68,검수필요,기존 검수값 유지,기존 검수값 유지,원본 보존
ANC-4069,랩셔링 스커트 원피스,assets/ANC-4069_01.jpg,assets/products/ank/generated/ANC-4069/ANC-4069-main.jpg,예,1,대표 쇼룸컷,original-based detail crop set,검수필요,수정,상세페이지 이미지 생성/교체 완료,,예,69,검수필요,기존 검수값 유지,기존 검수값 유지,
ANC-4069,랩셔링 스커트 원피스,,assets/products/ank/generated/ANC-4069/ANC-4069-full.jpg,아니오,2,전신컷,original-based detail crop set,검수필요,수정,상세페이지 이미지 생성/교체 완료,,예,69,검수필요,기존 검수값 유지,기존 검수값 유지,
ANC-4069,랩셔링 스커트 원피스,,assets/products/ank/generated/ANC-4069/ANC-4069-detail-board.jpg,아니오,3,상세 디테일 보드,original-based detail crop set,검수필요,수정,상세페이지 이미지 생성/교체 완료,후면/측면은 원본 정보 부족으로 디테일 보드 대체. 사용자 품질 검수 필요,예,69,검수필요,기존 검수값 유지,기존 검수값 유지,
ANC-4069,랩셔링 스커트 원피스,,assets/products/ank/generated/ANC-4069/ANC-4069-detail-neckline.jpg,아니오,4,넥라인 확대,original-based detail crop set,검수필요,수정,상세페이지 이미지 생성/교체 완료,,예,69,검수필요,기존 검수값 유지,기존 검수값 유지,
ANC-4069,랩셔링 스커트 원피스,,assets/products/ank/generated/ANC-4069/ANC-4069-detail-waist.jpg,아니오,5,허리/라인 확대,original-based detail crop set,검수필요,수정,상세페이지 이미지 생성/교체 완료,,예,69,검수필요,기존 검수값 유지,기존 검수값 유지,
ANC-4069,랩셔링 스커트 원피스,,assets/products/ank/generated/ANC-4069/ANC-4069-detail-hem.jpg,아니오,6,밑단 확대,original-based detail crop set,검수필요,수정,상세페이지 이미지 생성/교체 완료,,예,69,검수필요,기존 검수값 유지,기존 검수값 유지,
ANC-4069,랩셔링 스커트 원피스,,assets/products/ank/generated/ANC-4069/ANC-4069-detail-fabric.jpg,아니오,7,원단 확대,original-based detail crop set,검수필요,수정,상세페이지 이미지 생성/교체 완료,,예,69,검수필요,기존 검수값 유지,기존 검수값 유지,
ANC-4069,랩셔링 스커트 원피스,,assets/products/ank/generated/ANC-4069/ANC-4069-product.jpg,아니오,8,제품컷,original-based detail crop set,검수필요,수정,상세페이지 이미지 생성/교체 완료,,예,69,검수필요,기존 검수값 유지,기존 검수값 유지,
ANC-4069,랩셔링 스커트 원피스,,assets/ANC-4069_01.jpg,아니오,9,원본 보존컷,original-based detail crop set,검수필요,수정,상세페이지 이미지 생성/교체 완료,,예,69,검수필요,기존 검수값 유지,기존 검수값 유지,원본 보존
ANC-4070,도트플레어 원피스,assets/ANC-4070_01.jpg,assets/products/ank/generated/ANC-4070/ANC-4070-main.jpg,예,1,대표 쇼룸컷,original-based detail crop set,검수필요,수정,상세페이지 이미지 생성/교체 완료,,예,70,검수필요,기존 검수값 유지,기존 검수값 유지,
ANC-4070,도트플레어 원피스,,assets/products/ank/generated/ANC-4070/ANC-4070-full.jpg,아니오,2,전신컷,original-based detail crop set,검수필요,수정,상세페이지 이미지 생성/교체 완료,,예,70,검수필요,기존 검수값 유지,기존 검수값 유지,
ANC-4070,도트플레어 원피스,,assets/products/ank/generated/ANC-4070/ANC-4070-detail-board.jpg,아니오,3,상세 디테일 보드,original-based detail crop set,검수필요,수정,상세페이지 이미지 생성/교체 완료,후면/측면은 원본 정보 부족으로 디테일 보드 대체. 사용자 품질 검수 필요,예,70,검수필요,기존 검수값 유지,기존 검수값 유지,
ANC-4070,도트플레어 원피스,,assets/products/ank/generated/ANC-4070/ANC-4070-detail-neckline.jpg,아니오,4,넥라인 확대,original-based detail crop set,검수필요,수정,상세페이지 이미지 생성/교체 완료,,예,70,검수필요,기존 검수값 유지,기존 검수값 유지,
ANC-4070,도트플레어 원피스,,assets/products/ank/generated/ANC-4070/ANC-4070-detail-waist.jpg,아니오,5,허리/라인 확대,original-based detail crop set,검수필요,수정,상세페이지 이미지 생성/교체 완료,,예,70,검수필요,기존 검수값 유지,기존 검수값 유지,
ANC-4070,도트플레어 원피스,,assets/products/ank/generated/ANC-4070/ANC-4070-detail-hem.jpg,아니오,6,밑단 확대,original-based detail crop set,검수필요,수정,상세페이지 이미지 생성/교체 완료,,예,70,검수필요,기존 검수값 유지,기존 검수값 유지,
ANC-4070,도트플레어 원피스,,assets/products/ank/generated/ANC-4070/ANC-4070-detail-fabric.jpg,아니오,7,원단 확대,original-based detail crop set,검수필요,수정,상세페이지 이미지 생성/교체 완료,,예,70,검수필요,기존 검수값 유지,기존 검수값 유지,
ANC-4070,도트플레어 원피스,,assets/products/ank/generated/ANC-4070/ANC-4070-product.jpg,아니오,8,제품컷,original-based detail crop set,검수필요,수정,상세페이지 이미지 생성/교체 완료,,예,70,검수필요,기존 검수값 유지,기존 검수값 유지,
ANC-4070,도트플레어 원피스,,assets/ANC-4070_01.jpg,아니오,9,원본 보존컷,original-based detail crop set,검수필요,수정,상세페이지 이미지 생성/교체 완료,,예,70,검수필요,기존 검수값 유지,기존 검수값 유지,원본 보존
ANC-4071,셔츠카라 랩스커트 원피스,assets/ANC-4071_01.jpg,assets/products/ank/generated/ANC-4071/ANC-4071-main.jpg,예,1,대표 쇼룸컷,original-based detail crop set,검수필요,수정,상세페이지 이미지 생성/교체 완료,,예,71,검수필요,기존 검수값 유지,기존 검수값 유지,
ANC-4071,셔츠카라 랩스커트 원피스,,assets/products/ank/generated/ANC-4071/ANC-4071-full.jpg,아니오,2,전신컷,original-based detail crop set,검수필요,수정,상세페이지 이미지 생성/교체 완료,,예,71,검수필요,기존 검수값 유지,기존 검수값 유지,
ANC-4071,셔츠카라 랩스커트 원피스,,assets/products/ank/generated/ANC-4071/ANC-4071-detail-board.jpg,아니오,3,상세 디테일 보드,original-based detail crop set,검수필요,수정,상세페이지 이미지 생성/교체 완료,후면/측면은 원본 정보 부족으로 디테일 보드 대체. 사용자 품질 검수 필요,예,71,검수필요,기존 검수값 유지,기존 검수값 유지,
ANC-4071,셔츠카라 랩스커트 원피스,,assets/products/ank/generated/ANC-4071/ANC-4071-detail-neckline.jpg,아니오,4,넥라인 확대,original-based detail crop set,검수필요,수정,상세페이지 이미지 생성/교체 완료,,예,71,검수필요,기존 검수값 유지,기존 검수값 유지,
ANC-4071,셔츠카라 랩스커트 원피스,,assets/products/ank/generated/ANC-4071/ANC-4071-detail-waist.jpg,아니오,5,허리/라인 확대,original-based detail crop set,검수필요,수정,상세페이지 이미지 생성/교체 완료,,예,71,검수필요,기존 검수값 유지,기존 검수값 유지,
ANC-4071,셔츠카라 랩스커트 원피스,,assets/products/ank/generated/ANC-4071/ANC-4071-detail-hem.jpg,아니오,6,밑단 확대,original-based detail crop set,검수필요,수정,상세페이지 이미지 생성/교체 완료,,예,71,검수필요,기존 검수값 유지,기존 검수값 유지,
ANC-4071,셔츠카라 랩스커트 원피스,,assets/products/ank/generated/ANC-4071/ANC-4071-detail-fabric.jpg,아니오,7,원단 확대,original-based detail crop set,검수필요,수정,상세페이지 이미지 생성/교체 완료,,예,71,검수필요,기존 검수값 유지,기존 검수값 유지,
ANC-4071,셔츠카라 랩스커트 원피스,,assets/products/ank/generated/ANC-4071/ANC-4071-product.jpg,아니오,8,제품컷,original-based detail crop set,검수필요,수정,상세페이지 이미지 생성/교체 완료,,예,71,검수필요,기존 검수값 유지,기존 검수값 유지,
ANC-4071,셔츠카라 랩스커트 원피스,,assets/ANC-4071_01.jpg,아니오,9,원본 보존컷,original-based detail crop set,검수필요,수정,상세페이지 이미지 생성/교체 완료,,예,71,검수필요,기존 검수값 유지,기존 검수값 유지,원본 보존
ANC-4072,플라워레이스 플레어 원피스,assets/ANC-4072_01.jpg,assets/products/ank/generated/ANC-4072/ANC-4072-main.jpg,예,1,대표 쇼룸컷,original-based detail crop set,검수필요,수정,상세페이지 이미지 생성/교체 완료,,예,72,검수필요,기존 검수값 유지,기존 검수값 유지,
ANC-4072,플라워레이스 플레어 원피스,,assets/products/ank/generated/ANC-4072/ANC-4072-full.jpg,아니오,2,전신컷,original-based detail crop set,검수필요,수정,상세페이지 이미지 생성/교체 완료,,예,72,검수필요,기존 검수값 유지,기존 검수값 유지,
ANC-4072,플라워레이스 플레어 원피스,,assets/products/ank/generated/ANC-4072/ANC-4072-detail-board.jpg,아니오,3,상세 디테일 보드,original-based detail crop set,검수필요,수정,상세페이지 이미지 생성/교체 완료,후면/측면은 원본 정보 부족으로 디테일 보드 대체. 사용자 품질 검수 필요,예,72,검수필요,기존 검수값 유지,기존 검수값 유지,
ANC-4072,플라워레이스 플레어 원피스,,assets/products/ank/generated/ANC-4072/ANC-4072-detail-neckline.jpg,아니오,4,넥라인 확대,original-based detail crop set,검수필요,수정,상세페이지 이미지 생성/교체 완료,,예,72,검수필요,기존 검수값 유지,기존 검수값 유지,
ANC-4072,플라워레이스 플레어 원피스,,assets/products/ank/generated/ANC-4072/ANC-4072-detail-waist.jpg,아니오,5,허리/라인 확대,original-based detail crop set,검수필요,수정,상세페이지 이미지 생성/교체 완료,,예,72,검수필요,기존 검수값 유지,기존 검수값 유지,
ANC-4072,플라워레이스 플레어 원피스,,assets/products/ank/generated/ANC-4072/ANC-4072-detail-hem.jpg,아니오,6,밑단 확대,original-based detail crop set,검수필요,수정,상세페이지 이미지 생성/교체 완료,,예,72,검수필요,기존 검수값 유지,기존 검수값 유지,
ANC-4072,플라워레이스 플레어 원피스,,assets/products/ank/generated/ANC-4072/ANC-4072-detail-fabric.jpg,아니오,7,원단 확대,original-based detail crop set,검수필요,수정,상세페이지 이미지 생성/교체 완료,,예,72,검수필요,기존 검수값 유지,기존 검수값 유지,
ANC-4072,플라워레이스 플레어 원피스,,assets/products/ank/generated/ANC-4072/ANC-4072-product.jpg,아니오,8,제품컷,original-based detail crop set,검수필요,수정,상세페이지 이미지 생성/교체 완료,,예,72,검수필요,기존 검수값 유지,기존 검수값 유지,
ANC-4072,플라워레이스 플레어 원피스,,assets/ANC-4072_01.jpg,아니오,9,원본 보존컷,original-based detail crop set,검수필요,수정,상세페이지 이미지 생성/교체 완료,,예,72,검수필요,기존 검수값 유지,기존 검수값 유지,원본 보존
ANC-4073,드레이프셔링 원피스,assets/ANC-4073_01.jpg,assets/products/ank/generated/ANC-4073/ANC-4073-main.jpg,예,1,대표 쇼룸컷,original-based detail crop set,검수필요,수정,상세페이지 이미지 생성/교체 완료,,예,73,검수필요,기존 검수값 유지,기존 검수값 유지,
ANC-4073,드레이프셔링 원피스,,assets/products/ank/generated/ANC-4073/ANC-4073-full.jpg,아니오,2,전신컷,original-based detail crop set,검수필요,수정,상세페이지 이미지 생성/교체 완료,,예,73,검수필요,기존 검수값 유지,기존 검수값 유지,
ANC-4073,드레이프셔링 원피스,,assets/products/ank/generated/ANC-4073/ANC-4073-detail-board.jpg,아니오,3,상세 디테일 보드,original-based detail crop set,검수필요,수정,상세페이지 이미지 생성/교체 완료,후면/측면은 원본 정보 부족으로 디테일 보드 대체. 사용자 품질 검수 필요,예,73,검수필요,기존 검수값 유지,기존 검수값 유지,
ANC-4073,드레이프셔링 원피스,,assets/products/ank/generated/ANC-4073/ANC-4073-detail-neckline.jpg,아니오,4,넥라인 확대,original-based detail crop set,검수필요,수정,상세페이지 이미지 생성/교체 완료,,예,73,검수필요,기존 검수값 유지,기존 검수값 유지,
ANC-4073,드레이프셔링 원피스,,assets/products/ank/generated/ANC-4073/ANC-4073-detail-waist.jpg,아니오,5,허리/라인 확대,original-based detail crop set,검수필요,수정,상세페이지 이미지 생성/교체 완료,,예,73,검수필요,기존 검수값 유지,기존 검수값 유지,
ANC-4073,드레이프셔링 원피스,,assets/products/ank/generated/ANC-4073/ANC-4073-detail-hem.jpg,아니오,6,밑단 확대,original-based detail crop set,검수필요,수정,상세페이지 이미지 생성/교체 완료,,예,73,검수필요,기존 검수값 유지,기존 검수값 유지,
ANC-4073,드레이프셔링 원피스,,assets/products/ank/generated/ANC-4073/ANC-4073-detail-fabric.jpg,아니오,7,원단 확대,original-based detail crop set,검수필요,수정,상세페이지 이미지 생성/교체 완료,,예,73,검수필요,기존 검수값 유지,기존 검수값 유지,
ANC-4073,드레이프셔링 원피스,,assets/products/ank/generated/ANC-4073/ANC-4073-product.jpg,아니오,8,제품컷,original-based detail crop set,검수필요,수정,상세페이지 이미지 생성/교체 완료,,예,73,검수필요,기존 검수값 유지,기존 검수값 유지,
ANC-4073,드레이프셔링 원피스,,assets/ANC-4073_01.jpg,아니오,9,원본 보존컷,original-based detail crop set,검수필요,수정,상세페이지 이미지 생성/교체 완료,,예,73,검수필요,기존 검수값 유지,기존 검수값 유지,원본 보존
ANC-4074,레이스칼라 플레어 원피스,assets/ANC-4074_01.jpg,assets/products/ank/generated/ANC-4074/ANC-4074-main.jpg,예,1,대표 쇼룸컷,original-based detail crop set,검수필요,수정,상세페이지 이미지 생성/교체 완료,,예,74,검수필요,기존 검수값 유지,기존 검수값 유지,
ANC-4074,레이스칼라 플레어 원피스,,assets/products/ank/generated/ANC-4074/ANC-4074-full.jpg,아니오,2,전신컷,original-based detail crop set,검수필요,수정,상세페이지 이미지 생성/교체 완료,,예,74,검수필요,기존 검수값 유지,기존 검수값 유지,
ANC-4074,레이스칼라 플레어 원피스,,assets/products/ank/generated/ANC-4074/ANC-4074-detail-board.jpg,아니오,3,상세 디테일 보드,original-based detail crop set,검수필요,수정,상세페이지 이미지 생성/교체 완료,후면/측면은 원본 정보 부족으로 디테일 보드 대체. 사용자 품질 검수 필요,예,74,검수필요,기존 검수값 유지,기존 검수값 유지,
ANC-4074,레이스칼라 플레어 원피스,,assets/products/ank/generated/ANC-4074/ANC-4074-detail-neckline.jpg,아니오,4,넥라인 확대,original-based detail crop set,검수필요,수정,상세페이지 이미지 생성/교체 완료,,예,74,검수필요,기존 검수값 유지,기존 검수값 유지,
ANC-4074,레이스칼라 플레어 원피스,,assets/products/ank/generated/ANC-4074/ANC-4074-detail-waist.jpg,아니오,5,허리/라인 확대,original-based detail crop set,검수필요,수정,상세페이지 이미지 생성/교체 완료,,예,74,검수필요,기존 검수값 유지,기존 검수값 유지,
ANC-4074,레이스칼라 플레어 원피스,,assets/products/ank/generated/ANC-4074/ANC-4074-detail-hem.jpg,아니오,6,밑단 확대,original-based detail crop set,검수필요,수정,상세페이지 이미지 생성/교체 완료,,예,74,검수필요,기존 검수값 유지,기존 검수값 유지,
ANC-4074,레이스칼라 플레어 원피스,,assets/products/ank/generated/ANC-4074/ANC-4074-detail-fabric.jpg,아니오,7,원단 확대,original-based detail crop set,검수필요,수정,상세페이지 이미지 생성/교체 완료,,예,74,검수필요,기존 검수값 유지,기존 검수값 유지,
ANC-4074,레이스칼라 플레어 원피스,,assets/products/ank/generated/ANC-4074/ANC-4074-product.jpg,아니오,8,제품컷,original-based detail crop set,검수필요,수정,상세페이지 이미지 생성/교체 완료,,예,74,검수필요,기존 검수값 유지,기존 검수값 유지,
ANC-4074,레이스칼라 플레어 원피스,,assets/ANC-4074_01.jpg,아니오,9,원본 보존컷,original-based detail crop set,검수필요,수정,상세페이지 이미지 생성/교체 완료,,예,74,검수필요,기존 검수값 유지,기존 검수값 유지,원본 보존
ANC-4075,오프숄더 버튼 플레어 원피스,assets/ANC-4075_01.jpg,assets/products/ank/generated/ANC-4075/ANC-4075-main.jpg,예,1,대표 쇼룸컷,original-based detail crop set,검수필요,수정,상세페이지 이미지 생성/교체 완료,,예,75,검수필요,기존 검수값 유지,기존 검수값 유지,
ANC-4075,오프숄더 버튼 플레어 원피스,,assets/products/ank/generated/ANC-4075/ANC-4075-full.jpg,아니오,2,전신컷,original-based detail crop set,검수필요,수정,상세페이지 이미지 생성/교체 완료,,예,75,검수필요,기존 검수값 유지,기존 검수값 유지,
ANC-4075,오프숄더 버튼 플레어 원피스,,assets/products/ank/generated/ANC-4075/ANC-4075-detail-board.jpg,아니오,3,상세 디테일 보드,original-based detail crop set,검수필요,수정,상세페이지 이미지 생성/교체 완료,후면/측면은 원본 정보 부족으로 디테일 보드 대체. 사용자 품질 검수 필요,예,75,검수필요,기존 검수값 유지,기존 검수값 유지,
ANC-4075,오프숄더 버튼 플레어 원피스,,assets/products/ank/generated/ANC-4075/ANC-4075-detail-neckline.jpg,아니오,4,넥라인 확대,original-based detail crop set,검수필요,수정,상세페이지 이미지 생성/교체 완료,,예,75,검수필요,기존 검수값 유지,기존 검수값 유지,
ANC-4075,오프숄더 버튼 플레어 원피스,,assets/products/ank/generated/ANC-4075/ANC-4075-detail-waist.jpg,아니오,5,허리/라인 확대,original-based detail crop set,검수필요,수정,상세페이지 이미지 생성/교체 완료,,예,75,검수필요,기존 검수값 유지,기존 검수값 유지,
ANC-4075,오프숄더 버튼 플레어 원피스,,assets/products/ank/generated/ANC-4075/ANC-4075-detail-hem.jpg,아니오,6,밑단 확대,original-based detail crop set,검수필요,수정,상세페이지 이미지 생성/교체 완료,,예,75,검수필요,기존 검수값 유지,기존 검수값 유지,
ANC-4075,오프숄더 버튼 플레어 원피스,,assets/products/ank/generated/ANC-4075/ANC-4075-detail-fabric.jpg,아니오,7,원단 확대,original-based detail crop set,검수필요,수정,상세페이지 이미지 생성/교체 완료,,예,75,검수필요,기존 검수값 유지,기존 검수값 유지,
ANC-4075,오프숄더 버튼 플레어 원피스,,assets/products/ank/generated/ANC-4075/ANC-4075-product.jpg,아니오,8,제품컷,original-based detail crop set,검수필요,수정,상세페이지 이미지 생성/교체 완료,,예,75,검수필요,기존 검수값 유지,기존 검수값 유지,
ANC-4075,오프숄더 버튼 플레어 원피스,,assets/ANC-4075_01.jpg,아니오,9,원본 보존컷,original-based detail crop set,검수필요,수정,상세페이지 이미지 생성/교체 완료,,예,75,검수필요,기존 검수값 유지,기존 검수값 유지,원본 보존
ANC-4076,스퀘어넥 플레어 원피스,assets/ANC-4076_01.jpg,assets/products/ank/generated/ANC-4076/ANC-4076-main.jpg,예,1,대표 쇼룸컷,original-based detail crop set,검수필요,수정,상세페이지 이미지 생성/교체 완료,,예,76,검수필요,기존 검수값 유지,기존 검수값 유지,
ANC-4076,스퀘어넥 플레어 원피스,,assets/products/ank/generated/ANC-4076/ANC-4076-full.jpg,아니오,2,전신컷,original-based detail crop set,검수필요,수정,상세페이지 이미지 생성/교체 완료,,예,76,검수필요,기존 검수값 유지,기존 검수값 유지,
ANC-4076,스퀘어넥 플레어 원피스,,assets/products/ank/generated/ANC-4076/ANC-4076-detail-board.jpg,아니오,3,상세 디테일 보드,original-based detail crop set,검수필요,수정,상세페이지 이미지 생성/교체 완료,후면/측면은 원본 정보 부족으로 디테일 보드 대체. 사용자 품질 검수 필요,예,76,검수필요,기존 검수값 유지,기존 검수값 유지,
ANC-4076,스퀘어넥 플레어 원피스,,assets/products/ank/generated/ANC-4076/ANC-4076-detail-neckline.jpg,아니오,4,넥라인 확대,original-based detail crop set,검수필요,수정,상세페이지 이미지 생성/교체 완료,,예,76,검수필요,기존 검수값 유지,기존 검수값 유지,
ANC-4076,스퀘어넥 플레어 원피스,,assets/products/ank/generated/ANC-4076/ANC-4076-detail-waist.jpg,아니오,5,허리/라인 확대,original-based detail crop set,검수필요,수정,상세페이지 이미지 생성/교체 완료,,예,76,검수필요,기존 검수값 유지,기존 검수값 유지,
ANC-4076,스퀘어넥 플레어 원피스,,assets/products/ank/generated/ANC-4076/ANC-4076-detail-hem.jpg,아니오,6,밑단 확대,original-based detail crop set,검수필요,수정,상세페이지 이미지 생성/교체 완료,,예,76,검수필요,기존 검수값 유지,기존 검수값 유지,
ANC-4076,스퀘어넥 플레어 원피스,,assets/products/ank/generated/ANC-4076/ANC-4076-detail-fabric.jpg,아니오,7,원단 확대,original-based detail crop set,검수필요,수정,상세페이지 이미지 생성/교체 완료,,예,76,검수필요,기존 검수값 유지,기존 검수값 유지,
ANC-4076,스퀘어넥 플레어 원피스,,assets/products/ank/generated/ANC-4076/ANC-4076-product.jpg,아니오,8,제품컷,original-based detail crop set,검수필요,수정,상세페이지 이미지 생성/교체 완료,,예,76,검수필요,기존 검수값 유지,기존 검수값 유지,
ANC-4076,스퀘어넥 플레어 원피스,,assets/ANC-4076_01.jpg,아니오,9,원본 보존컷,original-based detail crop set,검수필요,수정,상세페이지 이미지 생성/교체 완료,,예,76,검수필요,기존 검수값 유지,기존 검수값 유지,원본 보존
ANC-4077,더블버튼 셔링 원피스,assets/ANC-4077_01.jpg,assets/products/ank/generated/ANC-4077/ANC-4077-main.jpg,예,1,대표 쇼룸컷,original-based detail crop set,검수필요,수정,상세페이지 이미지 생성/교체 완료,,예,77,검수필요,기존 검수값 유지,기존 검수값 유지,
ANC-4077,더블버튼 셔링 원피스,,assets/products/ank/generated/ANC-4077/ANC-4077-full.jpg,아니오,2,전신컷,original-based detail crop set,검수필요,수정,상세페이지 이미지 생성/교체 완료,,예,77,검수필요,기존 검수값 유지,기존 검수값 유지,
ANC-4077,더블버튼 셔링 원피스,,assets/products/ank/generated/ANC-4077/ANC-4077-detail-board.jpg,아니오,3,상세 디테일 보드,original-based detail crop set,검수필요,수정,상세페이지 이미지 생성/교체 완료,후면/측면은 원본 정보 부족으로 디테일 보드 대체. 사용자 품질 검수 필요,예,77,검수필요,기존 검수값 유지,기존 검수값 유지,
ANC-4077,더블버튼 셔링 원피스,,assets/products/ank/generated/ANC-4077/ANC-4077-detail-neckline.jpg,아니오,4,넥라인 확대,original-based detail crop set,검수필요,수정,상세페이지 이미지 생성/교체 완료,,예,77,검수필요,기존 검수값 유지,기존 검수값 유지,
ANC-4077,더블버튼 셔링 원피스,,assets/products/ank/generated/ANC-4077/ANC-4077-detail-waist.jpg,아니오,5,허리/라인 확대,original-based detail crop set,검수필요,수정,상세페이지 이미지 생성/교체 완료,,예,77,검수필요,기존 검수값 유지,기존 검수값 유지,
ANC-4077,더블버튼 셔링 원피스,,assets/products/ank/generated/ANC-4077/ANC-4077-detail-hem.jpg,아니오,6,밑단 확대,original-based detail crop set,검수필요,수정,상세페이지 이미지 생성/교체 완료,,예,77,검수필요,기존 검수값 유지,기존 검수값 유지,
ANC-4077,더블버튼 셔링 원피스,,assets/products/ank/generated/ANC-4077/ANC-4077-detail-fabric.jpg,아니오,7,원단 확대,original-based detail crop set,검수필요,수정,상세페이지 이미지 생성/교체 완료,,예,77,검수필요,기존 검수값 유지,기존 검수값 유지,
ANC-4077,더블버튼 셔링 원피스,,assets/products/ank/generated/ANC-4077/ANC-4077-product.jpg,아니오,8,제품컷,original-based detail crop set,검수필요,수정,상세페이지 이미지 생성/교체 완료,,예,77,검수필요,기존 검수값 유지,기존 검수값 유지,
ANC-4077,더블버튼 셔링 원피스,,assets/ANC-4077_01.jpg,아니오,9,원본 보존컷,original-based detail crop set,검수필요,수정,상세페이지 이미지 생성/교체 완료,,예,77,검수필요,기존 검수값 유지,기존 검수값 유지,원본 보존
ANC-4078,배색라인 플레어 원피스,assets/ANC-4078_01.jpg,assets/products/ank/generated/ANC-4078/ANC-4078-main.jpg,예,1,대표 쇼룸컷,original-based detail crop set,검수필요,수정,상세페이지 이미지 생성/교체 완료,,예,78,검수필요,기존 검수값 유지,기존 검수값 유지,
ANC-4078,배색라인 플레어 원피스,,assets/products/ank/generated/ANC-4078/ANC-4078-full.jpg,아니오,2,전신컷,original-based detail crop set,검수필요,수정,상세페이지 이미지 생성/교체 완료,,예,78,검수필요,기존 검수값 유지,기존 검수값 유지,
ANC-4078,배색라인 플레어 원피스,,assets/products/ank/generated/ANC-4078/ANC-4078-detail-board.jpg,아니오,3,상세 디테일 보드,original-based detail crop set,검수필요,수정,상세페이지 이미지 생성/교체 완료,후면/측면은 원본 정보 부족으로 디테일 보드 대체. 사용자 품질 검수 필요,예,78,검수필요,기존 검수값 유지,기존 검수값 유지,
ANC-4078,배색라인 플레어 원피스,,assets/products/ank/generated/ANC-4078/ANC-4078-detail-neckline.jpg,아니오,4,넥라인 확대,original-based detail crop set,검수필요,수정,상세페이지 이미지 생성/교체 완료,,예,78,검수필요,기존 검수값 유지,기존 검수값 유지,
ANC-4078,배색라인 플레어 원피스,,assets/products/ank/generated/ANC-4078/ANC-4078-detail-waist.jpg,아니오,5,허리/라인 확대,original-based detail crop set,검수필요,수정,상세페이지 이미지 생성/교체 완료,,예,78,검수필요,기존 검수값 유지,기존 검수값 유지,
ANC-4078,배색라인 플레어 원피스,,assets/products/ank/generated/ANC-4078/ANC-4078-detail-hem.jpg,아니오,6,밑단 확대,original-based detail crop set,검수필요,수정,상세페이지 이미지 생성/교체 완료,,예,78,검수필요,기존 검수값 유지,기존 검수값 유지,
ANC-4078,배색라인 플레어 원피스,,assets/products/ank/generated/ANC-4078/ANC-4078-detail-fabric.jpg,아니오,7,원단 확대,original-based detail crop set,검수필요,수정,상세페이지 이미지 생성/교체 완료,,예,78,검수필요,기존 검수값 유지,기존 검수값 유지,
ANC-4078,배색라인 플레어 원피스,,assets/products/ank/generated/ANC-4078/ANC-4078-product.jpg,아니오,8,제품컷,original-based detail crop set,검수필요,수정,상세페이지 이미지 생성/교체 완료,,예,78,검수필요,기존 검수값 유지,기존 검수값 유지,
ANC-4078,배색라인 플레어 원피스,,assets/ANC-4078_01.jpg,아니오,9,원본 보존컷,original-based detail crop set,검수필요,수정,상세페이지 이미지 생성/교체 완료,,예,78,검수필요,기존 검수값 유지,기존 검수값 유지,원본 보존
ANC-4079,버튼셔링 원피스,assets/ANC-4079_01.jpg,assets/products/ank/generated/ANC-4079/ANC-4079-main.jpg,예,1,대표 쇼룸컷,original-based detail crop set,검수필요,수정,상세페이지 이미지 생성/교체 완료,,예,79,검수필요,기존 검수값 유지,기존 검수값 유지,
ANC-4079,버튼셔링 원피스,,assets/products/ank/generated/ANC-4079/ANC-4079-full.jpg,아니오,2,전신컷,original-based detail crop set,검수필요,수정,상세페이지 이미지 생성/교체 완료,,예,79,검수필요,기존 검수값 유지,기존 검수값 유지,
ANC-4079,버튼셔링 원피스,,assets/products/ank/generated/ANC-4079/ANC-4079-detail-board.jpg,아니오,3,상세 디테일 보드,original-based detail crop set,검수필요,수정,상세페이지 이미지 생성/교체 완료,후면/측면은 원본 정보 부족으로 디테일 보드 대체. 사용자 품질 검수 필요,예,79,검수필요,기존 검수값 유지,기존 검수값 유지,
ANC-4079,버튼셔링 원피스,,assets/products/ank/generated/ANC-4079/ANC-4079-detail-neckline.jpg,아니오,4,넥라인 확대,original-based detail crop set,검수필요,수정,상세페이지 이미지 생성/교체 완료,,예,79,검수필요,기존 검수값 유지,기존 검수값 유지,
ANC-4079,버튼셔링 원피스,,assets/products/ank/generated/ANC-4079/ANC-4079-detail-waist.jpg,아니오,5,허리/라인 확대,original-based detail crop set,검수필요,수정,상세페이지 이미지 생성/교체 완료,,예,79,검수필요,기존 검수값 유지,기존 검수값 유지,
ANC-4079,버튼셔링 원피스,,assets/products/ank/generated/ANC-4079/ANC-4079-detail-hem.jpg,아니오,6,밑단 확대,original-based detail crop set,검수필요,수정,상세페이지 이미지 생성/교체 완료,,예,79,검수필요,기존 검수값 유지,기존 검수값 유지,
ANC-4079,버튼셔링 원피스,,assets/products/ank/generated/ANC-4079/ANC-4079-detail-fabric.jpg,아니오,7,원단 확대,original-based detail crop set,검수필요,수정,상세페이지 이미지 생성/교체 완료,,예,79,검수필요,기존 검수값 유지,기존 검수값 유지,
ANC-4079,버튼셔링 원피스,,assets/products/ank/generated/ANC-4079/ANC-4079-product.jpg,아니오,8,제품컷,original-based detail crop set,검수필요,수정,상세페이지 이미지 생성/교체 완료,,예,79,검수필요,기존 검수값 유지,기존 검수값 유지,
ANC-4079,버튼셔링 원피스,,assets/ANC-4079_01.jpg,아니오,9,원본 보존컷,original-based detail crop set,검수필요,수정,상세페이지 이미지 생성/교체 완료,,예,79,검수필요,기존 검수값 유지,기존 검수값 유지,원본 보존
ANC-4080,레이스블라우스 셔링 원피스,assets/ANC-4080_01.jpg,assets/products/ank/generated/ANC-4080/ANC-4080-main.jpg,예,1,대표 쇼룸컷,original-based detail crop set,검수필요,수정,상세페이지 이미지 생성/교체 완료,,예,80,검수필요,기존 검수값 유지,기존 검수값 유지,
ANC-4080,레이스블라우스 셔링 원피스,,assets/products/ank/generated/ANC-4080/ANC-4080-full.jpg,아니오,2,전신컷,original-based detail crop set,검수필요,수정,상세페이지 이미지 생성/교체 완료,,예,80,검수필요,기존 검수값 유지,기존 검수값 유지,
ANC-4080,레이스블라우스 셔링 원피스,,assets/products/ank/generated/ANC-4080/ANC-4080-detail-board.jpg,아니오,3,상세 디테일 보드,original-based detail crop set,검수필요,수정,상세페이지 이미지 생성/교체 완료,후면/측면은 원본 정보 부족으로 디테일 보드 대체. 사용자 품질 검수 필요,예,80,검수필요,기존 검수값 유지,기존 검수값 유지,
ANC-4080,레이스블라우스 셔링 원피스,,assets/products/ank/generated/ANC-4080/ANC-4080-detail-neckline.jpg,아니오,4,넥라인 확대,original-based detail crop set,검수필요,수정,상세페이지 이미지 생성/교체 완료,,예,80,검수필요,기존 검수값 유지,기존 검수값 유지,
ANC-4080,레이스블라우스 셔링 원피스,,assets/products/ank/generated/ANC-4080/ANC-4080-detail-waist.jpg,아니오,5,허리/라인 확대,original-based detail crop set,검수필요,수정,상세페이지 이미지 생성/교체 완료,,예,80,검수필요,기존 검수값 유지,기존 검수값 유지,
ANC-4080,레이스블라우스 셔링 원피스,,assets/products/ank/generated/ANC-4080/ANC-4080-detail-hem.jpg,아니오,6,밑단 확대,original-based detail crop set,검수필요,수정,상세페이지 이미지 생성/교체 완료,,예,80,검수필요,기존 검수값 유지,기존 검수값 유지,
ANC-4080,레이스블라우스 셔링 원피스,,assets/products/ank/generated/ANC-4080/ANC-4080-detail-fabric.jpg,아니오,7,원단 확대,original-based detail crop set,검수필요,수정,상세페이지 이미지 생성/교체 완료,,예,80,검수필요,기존 검수값 유지,기존 검수값 유지,
ANC-4080,레이스블라우스 셔링 원피스,,assets/products/ank/generated/ANC-4080/ANC-4080-product.jpg,아니오,8,제품컷,original-based detail crop set,검수필요,수정,상세페이지 이미지 생성/교체 완료,,예,80,검수필요,기존 검수값 유지,기존 검수값 유지,
ANC-4080,레이스블라우스 셔링 원피스,,assets/ANC-4080_01.jpg,아니오,9,원본 보존컷,original-based detail crop set,검수필요,수정,상세페이지 이미지 생성/교체 완료,,예,80,검수필요,기존 검수값 유지,기존 검수값 유지,원본 보존
ANC-4081,셔츠버튼 원피스,assets/ANC-4081_01.jpg,assets/products/ank/generated/ANC-4081/ANC-4081-main.jpg,예,1,대표 쇼룸컷,original-based detail crop set,검수필요,수정,상세페이지 이미지 생성/교체 완료,,예,81,검수필요,기존 검수값 유지,기존 검수값 유지,
ANC-4081,셔츠버튼 원피스,,assets/products/ank/generated/ANC-4081/ANC-4081-full.jpg,아니오,2,전신컷,original-based detail crop set,검수필요,수정,상세페이지 이미지 생성/교체 완료,,예,81,검수필요,기존 검수값 유지,기존 검수값 유지,
ANC-4081,셔츠버튼 원피스,,assets/products/ank/generated/ANC-4081/ANC-4081-detail-board.jpg,아니오,3,상세 디테일 보드,original-based detail crop set,검수필요,수정,상세페이지 이미지 생성/교체 완료,후면/측면은 원본 정보 부족으로 디테일 보드 대체. 사용자 품질 검수 필요,예,81,검수필요,기존 검수값 유지,기존 검수값 유지,
ANC-4081,셔츠버튼 원피스,,assets/products/ank/generated/ANC-4081/ANC-4081-detail-neckline.jpg,아니오,4,넥라인 확대,original-based detail crop set,검수필요,수정,상세페이지 이미지 생성/교체 완료,,예,81,검수필요,기존 검수값 유지,기존 검수값 유지,
ANC-4081,셔츠버튼 원피스,,assets/products/ank/generated/ANC-4081/ANC-4081-detail-waist.jpg,아니오,5,허리/라인 확대,original-based detail crop set,검수필요,수정,상세페이지 이미지 생성/교체 완료,,예,81,검수필요,기존 검수값 유지,기존 검수값 유지,
ANC-4081,셔츠버튼 원피스,,assets/products/ank/generated/ANC-4081/ANC-4081-detail-hem.jpg,아니오,6,밑단 확대,original-based detail crop set,검수필요,수정,상세페이지 이미지 생성/교체 완료,,예,81,검수필요,기존 검수값 유지,기존 검수값 유지,
ANC-4081,셔츠버튼 원피스,,assets/products/ank/generated/ANC-4081/ANC-4081-detail-fabric.jpg,아니오,7,원단 확대,original-based detail crop set,검수필요,수정,상세페이지 이미지 생성/교체 완료,,예,81,검수필요,기존 검수값 유지,기존 검수값 유지,
ANC-4081,셔츠버튼 원피스,,assets/products/ank/generated/ANC-4081/ANC-4081-product.jpg,아니오,8,제품컷,original-based detail crop set,검수필요,수정,상세페이지 이미지 생성/교체 완료,,예,81,검수필요,기존 검수값 유지,기존 검수값 유지,
ANC-4081,셔츠버튼 원피스,,assets/ANC-4081_01.jpg,아니오,9,원본 보존컷,original-based detail crop set,검수필요,수정,상세페이지 이미지 생성/교체 완료,,예,81,검수필요,기존 검수값 유지,기존 검수값 유지,원본 보존
ANC-4082,더블버튼 플레어 원피스,assets/ANC-4082_01.jpg,assets/products/ank/generated/ANC-4082/ANC-4082-main.jpg,예,1,대표 쇼룸컷,original-based detail crop set,검수필요,수정,상세페이지 이미지 생성/교체 완료,,예,82,검수필요,기존 검수값 유지,기존 검수값 유지,
ANC-4082,더블버튼 플레어 원피스,,assets/products/ank/generated/ANC-4082/ANC-4082-full.jpg,아니오,2,전신컷,original-based detail crop set,검수필요,수정,상세페이지 이미지 생성/교체 완료,,예,82,검수필요,기존 검수값 유지,기존 검수값 유지,
ANC-4082,더블버튼 플레어 원피스,,assets/products/ank/generated/ANC-4082/ANC-4082-detail-board.jpg,아니오,3,상세 디테일 보드,original-based detail crop set,검수필요,수정,상세페이지 이미지 생성/교체 완료,후면/측면은 원본 정보 부족으로 디테일 보드 대체. 사용자 품질 검수 필요,예,82,검수필요,기존 검수값 유지,기존 검수값 유지,
ANC-4082,더블버튼 플레어 원피스,,assets/products/ank/generated/ANC-4082/ANC-4082-detail-neckline.jpg,아니오,4,넥라인 확대,original-based detail crop set,검수필요,수정,상세페이지 이미지 생성/교체 완료,,예,82,검수필요,기존 검수값 유지,기존 검수값 유지,
ANC-4082,더블버튼 플레어 원피스,,assets/products/ank/generated/ANC-4082/ANC-4082-detail-waist.jpg,아니오,5,허리/라인 확대,original-based detail crop set,검수필요,수정,상세페이지 이미지 생성/교체 완료,,예,82,검수필요,기존 검수값 유지,기존 검수값 유지,
ANC-4082,더블버튼 플레어 원피스,,assets/products/ank/generated/ANC-4082/ANC-4082-detail-hem.jpg,아니오,6,밑단 확대,original-based detail crop set,검수필요,수정,상세페이지 이미지 생성/교체 완료,,예,82,검수필요,기존 검수값 유지,기존 검수값 유지,
ANC-4082,더블버튼 플레어 원피스,,assets/products/ank/generated/ANC-4082/ANC-4082-detail-fabric.jpg,아니오,7,원단 확대,original-based detail crop set,검수필요,수정,상세페이지 이미지 생성/교체 완료,,예,82,검수필요,기존 검수값 유지,기존 검수값 유지,
ANC-4082,더블버튼 플레어 원피스,,assets/products/ank/generated/ANC-4082/ANC-4082-product.jpg,아니오,8,제품컷,original-based detail crop set,검수필요,수정,상세페이지 이미지 생성/교체 완료,,예,82,검수필요,기존 검수값 유지,기존 검수값 유지,
ANC-4082,더블버튼 플레어 원피스,,assets/ANC-4082_01.jpg,아니오,9,원본 보존컷,original-based detail crop set,검수필요,수정,상세페이지 이미지 생성/교체 완료,,예,82,검수필요,기존 검수값 유지,기존 검수값 유지,원본 보존
ANC-4083,랩러플 셔링 원피스,assets/ANC-4083_01.jpg,assets/products/ank/generated/ANC-4083/ANC-4083-main.jpg,예,1,대표 쇼룸컷,original-based detail crop set,검수필요,수정,상세페이지 이미지 생성/교체 완료,,예,83,검수필요,기존 검수값 유지,기존 검수값 유지,
ANC-4083,랩러플 셔링 원피스,,assets/products/ank/generated/ANC-4083/ANC-4083-full.jpg,아니오,2,전신컷,original-based detail crop set,검수필요,수정,상세페이지 이미지 생성/교체 완료,,예,83,검수필요,기존 검수값 유지,기존 검수값 유지,
ANC-4083,랩러플 셔링 원피스,,assets/products/ank/generated/ANC-4083/ANC-4083-detail-board.jpg,아니오,3,상세 디테일 보드,original-based detail crop set,검수필요,수정,상세페이지 이미지 생성/교체 완료,후면/측면은 원본 정보 부족으로 디테일 보드 대체. 사용자 품질 검수 필요,예,83,검수필요,기존 검수값 유지,기존 검수값 유지,
ANC-4083,랩러플 셔링 원피스,,assets/products/ank/generated/ANC-4083/ANC-4083-detail-neckline.jpg,아니오,4,넥라인 확대,original-based detail crop set,검수필요,수정,상세페이지 이미지 생성/교체 완료,,예,83,검수필요,기존 검수값 유지,기존 검수값 유지,
ANC-4083,랩러플 셔링 원피스,,assets/products/ank/generated/ANC-4083/ANC-4083-detail-waist.jpg,아니오,5,허리/라인 확대,original-based detail crop set,검수필요,수정,상세페이지 이미지 생성/교체 완료,,예,83,검수필요,기존 검수값 유지,기존 검수값 유지,
ANC-4083,랩러플 셔링 원피스,,assets/products/ank/generated/ANC-4083/ANC-4083-detail-hem.jpg,아니오,6,밑단 확대,original-based detail crop set,검수필요,수정,상세페이지 이미지 생성/교체 완료,,예,83,검수필요,기존 검수값 유지,기존 검수값 유지,
ANC-4083,랩러플 셔링 원피스,,assets/products/ank/generated/ANC-4083/ANC-4083-detail-fabric.jpg,아니오,7,원단 확대,original-based detail crop set,검수필요,수정,상세페이지 이미지 생성/교체 완료,,예,83,검수필요,기존 검수값 유지,기존 검수값 유지,
ANC-4083,랩러플 셔링 원피스,,assets/products/ank/generated/ANC-4083/ANC-4083-product.jpg,아니오,8,제품컷,original-based detail crop set,검수필요,수정,상세페이지 이미지 생성/교체 완료,,예,83,검수필요,기존 검수값 유지,기존 검수값 유지,
ANC-4083,랩러플 셔링 원피스,,assets/ANC-4083_01.jpg,아니오,9,원본 보존컷,original-based detail crop set,검수필요,수정,상세페이지 이미지 생성/교체 완료,,예,83,검수필요,기존 검수값 유지,기존 검수값 유지,원본 보존
ANC-4084,벨트포인트 플레어 원피스,assets/ANC-4084_01.jpg,assets/products/ank/generated/ANC-4084/ANC-4084-main.jpg,예,1,대표 쇼룸컷,original-based detail crop set,검수필요,수정,상세페이지 이미지 생성/교체 완료,,예,84,검수필요,기존 검수값 유지,기존 검수값 유지,
ANC-4084,벨트포인트 플레어 원피스,,assets/products/ank/generated/ANC-4084/ANC-4084-full.jpg,아니오,2,전신컷,original-based detail crop set,검수필요,수정,상세페이지 이미지 생성/교체 완료,,예,84,검수필요,기존 검수값 유지,기존 검수값 유지,
ANC-4084,벨트포인트 플레어 원피스,,assets/products/ank/generated/ANC-4084/ANC-4084-detail-board.jpg,아니오,3,상세 디테일 보드,original-based detail crop set,검수필요,수정,상세페이지 이미지 생성/교체 완료,후면/측면은 원본 정보 부족으로 디테일 보드 대체. 사용자 품질 검수 필요,예,84,검수필요,기존 검수값 유지,기존 검수값 유지,
ANC-4084,벨트포인트 플레어 원피스,,assets/products/ank/generated/ANC-4084/ANC-4084-detail-neckline.jpg,아니오,4,넥라인 확대,original-based detail crop set,검수필요,수정,상세페이지 이미지 생성/교체 완료,,예,84,검수필요,기존 검수값 유지,기존 검수값 유지,
ANC-4084,벨트포인트 플레어 원피스,,assets/products/ank/generated/ANC-4084/ANC-4084-detail-waist.jpg,아니오,5,허리/라인 확대,original-based detail crop set,검수필요,수정,상세페이지 이미지 생성/교체 완료,,예,84,검수필요,기존 검수값 유지,기존 검수값 유지,
ANC-4084,벨트포인트 플레어 원피스,,assets/products/ank/generated/ANC-4084/ANC-4084-detail-hem.jpg,아니오,6,밑단 확대,original-based detail crop set,검수필요,수정,상세페이지 이미지 생성/교체 완료,,예,84,검수필요,기존 검수값 유지,기존 검수값 유지,
ANC-4084,벨트포인트 플레어 원피스,,assets/products/ank/generated/ANC-4084/ANC-4084-detail-fabric.jpg,아니오,7,원단 확대,original-based detail crop set,검수필요,수정,상세페이지 이미지 생성/교체 완료,,예,84,검수필요,기존 검수값 유지,기존 검수값 유지,
ANC-4084,벨트포인트 플레어 원피스,,assets/products/ank/generated/ANC-4084/ANC-4084-product.jpg,아니오,8,제품컷,original-based detail crop set,검수필요,수정,상세페이지 이미지 생성/교체 완료,,예,84,검수필요,기존 검수값 유지,기존 검수값 유지,
ANC-4084,벨트포인트 플레어 원피스,,assets/ANC-4084_01.jpg,아니오,9,원본 보존컷,original-based detail crop set,검수필요,수정,상세페이지 이미지 생성/교체 완료,,예,84,검수필요,기존 검수값 유지,기존 검수값 유지,원본 보존
ANC-4085,레이스블라우스 셔링 원피스,assets/ANC-4085_01.jpg,assets/products/ank/generated/ANC-4085/ANC-4085-main.jpg,예,1,대표 쇼룸컷,original-based detail crop set,검수필요,수정,상세페이지 이미지 생성/교체 완료,,예,85,검수필요,기존 검수값 유지,기존 검수값 유지,
ANC-4085,레이스블라우스 셔링 원피스,,assets/products/ank/generated/ANC-4085/ANC-4085-full.jpg,아니오,2,전신컷,original-based detail crop set,검수필요,수정,상세페이지 이미지 생성/교체 완료,,예,85,검수필요,기존 검수값 유지,기존 검수값 유지,
ANC-4085,레이스블라우스 셔링 원피스,,assets/products/ank/generated/ANC-4085/ANC-4085-detail-board.jpg,아니오,3,상세 디테일 보드,original-based detail crop set,검수필요,수정,상세페이지 이미지 생성/교체 완료,후면/측면은 원본 정보 부족으로 디테일 보드 대체. 사용자 품질 검수 필요,예,85,검수필요,기존 검수값 유지,기존 검수값 유지,
ANC-4085,레이스블라우스 셔링 원피스,,assets/products/ank/generated/ANC-4085/ANC-4085-detail-neckline.jpg,아니오,4,넥라인 확대,original-based detail crop set,검수필요,수정,상세페이지 이미지 생성/교체 완료,,예,85,검수필요,기존 검수값 유지,기존 검수값 유지,
ANC-4085,레이스블라우스 셔링 원피스,,assets/products/ank/generated/ANC-4085/ANC-4085-detail-waist.jpg,아니오,5,허리/라인 확대,original-based detail crop set,검수필요,수정,상세페이지 이미지 생성/교체 완료,,예,85,검수필요,기존 검수값 유지,기존 검수값 유지,
ANC-4085,레이스블라우스 셔링 원피스,,assets/products/ank/generated/ANC-4085/ANC-4085-detail-hem.jpg,아니오,6,밑단 확대,original-based detail crop set,검수필요,수정,상세페이지 이미지 생성/교체 완료,,예,85,검수필요,기존 검수값 유지,기존 검수값 유지,
ANC-4085,레이스블라우스 셔링 원피스,,assets/products/ank/generated/ANC-4085/ANC-4085-detail-fabric.jpg,아니오,7,원단 확대,original-based detail crop set,검수필요,수정,상세페이지 이미지 생성/교체 완료,,예,85,검수필요,기존 검수값 유지,기존 검수값 유지,
ANC-4085,레이스블라우스 셔링 원피스,,assets/products/ank/generated/ANC-4085/ANC-4085-product.jpg,아니오,8,제품컷,original-based detail crop set,검수필요,수정,상세페이지 이미지 생성/교체 완료,,예,85,검수필요,기존 검수값 유지,기존 검수값 유지,
ANC-4085,레이스블라우스 셔링 원피스,,assets/ANC-4085_01.jpg,아니오,9,원본 보존컷,original-based detail crop set,검수필요,수정,상세페이지 이미지 생성/교체 완료,,예,85,검수필요,기존 검수값 유지,기존 검수값 유지,원본 보존
ANC-4086,빅리본 플레어 원피스,assets/ANC-4086_01.jpg,assets/products/ank/generated/ANC-4086/ANC-4086-main.jpg,예,1,대표 쇼룸컷,original-based detail crop set,검수필요,수정,상세페이지 이미지 생성/교체 완료,,예,86,검수필요,기존 검수값 유지,기존 검수값 유지,
ANC-4086,빅리본 플레어 원피스,,assets/products/ank/generated/ANC-4086/ANC-4086-full.jpg,아니오,2,전신컷,original-based detail crop set,검수필요,수정,상세페이지 이미지 생성/교체 완료,,예,86,검수필요,기존 검수값 유지,기존 검수값 유지,
ANC-4086,빅리본 플레어 원피스,,assets/products/ank/generated/ANC-4086/ANC-4086-detail-board.jpg,아니오,3,상세 디테일 보드,original-based detail crop set,검수필요,수정,상세페이지 이미지 생성/교체 완료,후면/측면은 원본 정보 부족으로 디테일 보드 대체. 사용자 품질 검수 필요,예,86,검수필요,기존 검수값 유지,기존 검수값 유지,
ANC-4086,빅리본 플레어 원피스,,assets/products/ank/generated/ANC-4086/ANC-4086-detail-neckline.jpg,아니오,4,넥라인 확대,original-based detail crop set,검수필요,수정,상세페이지 이미지 생성/교체 완료,,예,86,검수필요,기존 검수값 유지,기존 검수값 유지,
ANC-4086,빅리본 플레어 원피스,,assets/products/ank/generated/ANC-4086/ANC-4086-detail-waist.jpg,아니오,5,허리/라인 확대,original-based detail crop set,검수필요,수정,상세페이지 이미지 생성/교체 완료,,예,86,검수필요,기존 검수값 유지,기존 검수값 유지,
ANC-4086,빅리본 플레어 원피스,,assets/products/ank/generated/ANC-4086/ANC-4086-detail-hem.jpg,아니오,6,밑단 확대,original-based detail crop set,검수필요,수정,상세페이지 이미지 생성/교체 완료,,예,86,검수필요,기존 검수값 유지,기존 검수값 유지,
ANC-4086,빅리본 플레어 원피스,,assets/products/ank/generated/ANC-4086/ANC-4086-detail-fabric.jpg,아니오,7,원단 확대,original-based detail crop set,검수필요,수정,상세페이지 이미지 생성/교체 완료,,예,86,검수필요,기존 검수값 유지,기존 검수값 유지,
ANC-4086,빅리본 플레어 원피스,,assets/products/ank/generated/ANC-4086/ANC-4086-product.jpg,아니오,8,제품컷,original-based detail crop set,검수필요,수정,상세페이지 이미지 생성/교체 완료,,예,86,검수필요,기존 검수값 유지,기존 검수값 유지,
ANC-4086,빅리본 플레어 원피스,,assets/ANC-4086_01.jpg,아니오,9,원본 보존컷,original-based detail crop set,검수필요,수정,상세페이지 이미지 생성/교체 완료,,예,86,검수필요,기존 검수값 유지,기존 검수값 유지,원본 보존
ANC-4087,랩카라 셔링 원피스,assets/ANC-4087_01.jpg,assets/products/ank/generated/ANC-4087/ANC-4087-main.jpg,예,1,대표 쇼룸컷,original-based detail crop set,검수필요,수정,상세페이지 이미지 생성/교체 완료,,예,87,검수필요,기존 검수값 유지,기존 검수값 유지,
ANC-4087,랩카라 셔링 원피스,,assets/products/ank/generated/ANC-4087/ANC-4087-full.jpg,아니오,2,전신컷,original-based detail crop set,검수필요,수정,상세페이지 이미지 생성/교체 완료,,예,87,검수필요,기존 검수값 유지,기존 검수값 유지,
ANC-4087,랩카라 셔링 원피스,,assets/products/ank/generated/ANC-4087/ANC-4087-detail-board.jpg,아니오,3,상세 디테일 보드,original-based detail crop set,검수필요,수정,상세페이지 이미지 생성/교체 완료,후면/측면은 원본 정보 부족으로 디테일 보드 대체. 사용자 품질 검수 필요,예,87,검수필요,기존 검수값 유지,기존 검수값 유지,
ANC-4087,랩카라 셔링 원피스,,assets/products/ank/generated/ANC-4087/ANC-4087-detail-neckline.jpg,아니오,4,넥라인 확대,original-based detail crop set,검수필요,수정,상세페이지 이미지 생성/교체 완료,,예,87,검수필요,기존 검수값 유지,기존 검수값 유지,
ANC-4087,랩카라 셔링 원피스,,assets/products/ank/generated/ANC-4087/ANC-4087-detail-waist.jpg,아니오,5,허리/라인 확대,original-based detail crop set,검수필요,수정,상세페이지 이미지 생성/교체 완료,,예,87,검수필요,기존 검수값 유지,기존 검수값 유지,
ANC-4087,랩카라 셔링 원피스,,assets/products/ank/generated/ANC-4087/ANC-4087-detail-hem.jpg,아니오,6,밑단 확대,original-based detail crop set,검수필요,수정,상세페이지 이미지 생성/교체 완료,,예,87,검수필요,기존 검수값 유지,기존 검수값 유지,
ANC-4087,랩카라 셔링 원피스,,assets/products/ank/generated/ANC-4087/ANC-4087-detail-fabric.jpg,아니오,7,원단 확대,original-based detail crop set,검수필요,수정,상세페이지 이미지 생성/교체 완료,,예,87,검수필요,기존 검수값 유지,기존 검수값 유지,
ANC-4087,랩카라 셔링 원피스,,assets/products/ank/generated/ANC-4087/ANC-4087-product.jpg,아니오,8,제품컷,original-based detail crop set,검수필요,수정,상세페이지 이미지 생성/교체 완료,,예,87,검수필요,기존 검수값 유지,기존 검수값 유지,
ANC-4087,랩카라 셔링 원피스,,assets/ANC-4087_01.jpg,아니오,9,원본 보존컷,original-based detail crop set,검수필요,수정,상세페이지 이미지 생성/교체 완료,,예,87,검수필요,기존 검수값 유지,기존 검수값 유지,원본 보존
ANC-4088,퍼프소매 버튼 플레어 원피스,assets/ANC-4088_01.jpg,assets/products/ank/generated/ANC-4088/ANC-4088-main.jpg,예,1,대표 쇼룸컷,original-based detail crop set,검수필요,수정,상세페이지 이미지 생성/교체 완료,,예,88,검수필요,기존 검수값 유지,기존 검수값 유지,
ANC-4088,퍼프소매 버튼 플레어 원피스,,assets/products/ank/generated/ANC-4088/ANC-4088-full.jpg,아니오,2,전신컷,original-based detail crop set,검수필요,수정,상세페이지 이미지 생성/교체 완료,,예,88,검수필요,기존 검수값 유지,기존 검수값 유지,
ANC-4088,퍼프소매 버튼 플레어 원피스,,assets/products/ank/generated/ANC-4088/ANC-4088-detail-board.jpg,아니오,3,상세 디테일 보드,original-based detail crop set,검수필요,수정,상세페이지 이미지 생성/교체 완료,후면/측면은 원본 정보 부족으로 디테일 보드 대체. 사용자 품질 검수 필요,예,88,검수필요,기존 검수값 유지,기존 검수값 유지,
ANC-4088,퍼프소매 버튼 플레어 원피스,,assets/products/ank/generated/ANC-4088/ANC-4088-detail-neckline.jpg,아니오,4,넥라인 확대,original-based detail crop set,검수필요,수정,상세페이지 이미지 생성/교체 완료,,예,88,검수필요,기존 검수값 유지,기존 검수값 유지,
ANC-4088,퍼프소매 버튼 플레어 원피스,,assets/products/ank/generated/ANC-4088/ANC-4088-detail-waist.jpg,아니오,5,허리/라인 확대,original-based detail crop set,검수필요,수정,상세페이지 이미지 생성/교체 완료,,예,88,검수필요,기존 검수값 유지,기존 검수값 유지,
ANC-4088,퍼프소매 버튼 플레어 원피스,,assets/products/ank/generated/ANC-4088/ANC-4088-detail-hem.jpg,아니오,6,밑단 확대,original-based detail crop set,검수필요,수정,상세페이지 이미지 생성/교체 완료,,예,88,검수필요,기존 검수값 유지,기존 검수값 유지,
ANC-4088,퍼프소매 버튼 플레어 원피스,,assets/products/ank/generated/ANC-4088/ANC-4088-detail-fabric.jpg,아니오,7,원단 확대,original-based detail crop set,검수필요,수정,상세페이지 이미지 생성/교체 완료,,예,88,검수필요,기존 검수값 유지,기존 검수값 유지,
ANC-4088,퍼프소매 버튼 플레어 원피스,,assets/products/ank/generated/ANC-4088/ANC-4088-product.jpg,아니오,8,제품컷,original-based detail crop set,검수필요,수정,상세페이지 이미지 생성/교체 완료,,예,88,검수필요,기존 검수값 유지,기존 검수값 유지,
ANC-4088,퍼프소매 버튼 플레어 원피스,,assets/ANC-4088_01.jpg,아니오,9,원본 보존컷,original-based detail crop set,검수필요,수정,상세페이지 이미지 생성/교체 완료,,예,88,검수필요,기존 검수값 유지,기존 검수값 유지,원본 보존
ANC-4089,레이스블라우스 셔링 원피스,assets/ANC-4089_01.jpg,assets/products/ank/generated/ANC-4089/ANC-4089-main.jpg,예,1,대표 쇼룸컷,original-based detail crop set,검수필요,수정,상세페이지 이미지 생성/교체 완료,,예,89,검수필요,기존 검수값 유지,기존 검수값 유지,
ANC-4089,레이스블라우스 셔링 원피스,,assets/products/ank/generated/ANC-4089/ANC-4089-full.jpg,아니오,2,전신컷,original-based detail crop set,검수필요,수정,상세페이지 이미지 생성/교체 완료,,예,89,검수필요,기존 검수값 유지,기존 검수값 유지,
ANC-4089,레이스블라우스 셔링 원피스,,assets/products/ank/generated/ANC-4089/ANC-4089-detail-board.jpg,아니오,3,상세 디테일 보드,original-based detail crop set,검수필요,수정,상세페이지 이미지 생성/교체 완료,후면/측면은 원본 정보 부족으로 디테일 보드 대체. 사용자 품질 검수 필요,예,89,검수필요,기존 검수값 유지,기존 검수값 유지,
ANC-4089,레이스블라우스 셔링 원피스,,assets/products/ank/generated/ANC-4089/ANC-4089-detail-neckline.jpg,아니오,4,넥라인 확대,original-based detail crop set,검수필요,수정,상세페이지 이미지 생성/교체 완료,,예,89,검수필요,기존 검수값 유지,기존 검수값 유지,
ANC-4089,레이스블라우스 셔링 원피스,,assets/products/ank/generated/ANC-4089/ANC-4089-detail-waist.jpg,아니오,5,허리/라인 확대,original-based detail crop set,검수필요,수정,상세페이지 이미지 생성/교체 완료,,예,89,검수필요,기존 검수값 유지,기존 검수값 유지,
ANC-4089,레이스블라우스 셔링 원피스,,assets/products/ank/generated/ANC-4089/ANC-4089-detail-hem.jpg,아니오,6,밑단 확대,original-based detail crop set,검수필요,수정,상세페이지 이미지 생성/교체 완료,,예,89,검수필요,기존 검수값 유지,기존 검수값 유지,
ANC-4089,레이스블라우스 셔링 원피스,,assets/products/ank/generated/ANC-4089/ANC-4089-detail-fabric.jpg,아니오,7,원단 확대,original-based detail crop set,검수필요,수정,상세페이지 이미지 생성/교체 완료,,예,89,검수필요,기존 검수값 유지,기존 검수값 유지,
ANC-4089,레이스블라우스 셔링 원피스,,assets/products/ank/generated/ANC-4089/ANC-4089-product.jpg,아니오,8,제품컷,original-based detail crop set,검수필요,수정,상세페이지 이미지 생성/교체 완료,,예,89,검수필요,기존 검수값 유지,기존 검수값 유지,
ANC-4089,레이스블라우스 셔링 원피스,,assets/ANC-4089_01.jpg,아니오,9,원본 보존컷,original-based detail crop set,검수필요,수정,상세페이지 이미지 생성/교체 완료,,예,89,검수필요,기존 검수값 유지,기존 검수값 유지,원본 보존
ANC-4090,리본스트랩 플레어 원피스,assets/ANC-4090_01.jpg,assets/products/ank/generated/ANC-4090/ANC-4090-main.jpg,예,1,대표 쇼룸컷,original-based detail crop set,검수필요,수정,상세페이지 이미지 생성/교체 완료,,예,90,검수필요,기존 검수값 유지,기존 검수값 유지,
ANC-4090,리본스트랩 플레어 원피스,,assets/products/ank/generated/ANC-4090/ANC-4090-full.jpg,아니오,2,전신컷,original-based detail crop set,검수필요,수정,상세페이지 이미지 생성/교체 완료,,예,90,검수필요,기존 검수값 유지,기존 검수값 유지,
ANC-4090,리본스트랩 플레어 원피스,,assets/products/ank/generated/ANC-4090/ANC-4090-detail-board.jpg,아니오,3,상세 디테일 보드,original-based detail crop set,검수필요,수정,상세페이지 이미지 생성/교체 완료,후면/측면은 원본 정보 부족으로 디테일 보드 대체. 사용자 품질 검수 필요,예,90,검수필요,기존 검수값 유지,기존 검수값 유지,
ANC-4090,리본스트랩 플레어 원피스,,assets/products/ank/generated/ANC-4090/ANC-4090-detail-neckline.jpg,아니오,4,넥라인 확대,original-based detail crop set,검수필요,수정,상세페이지 이미지 생성/교체 완료,,예,90,검수필요,기존 검수값 유지,기존 검수값 유지,
ANC-4090,리본스트랩 플레어 원피스,,assets/products/ank/generated/ANC-4090/ANC-4090-detail-waist.jpg,아니오,5,허리/라인 확대,original-based detail crop set,검수필요,수정,상세페이지 이미지 생성/교체 완료,,예,90,검수필요,기존 검수값 유지,기존 검수값 유지,
ANC-4090,리본스트랩 플레어 원피스,,assets/products/ank/generated/ANC-4090/ANC-4090-detail-hem.jpg,아니오,6,밑단 확대,original-based detail crop set,검수필요,수정,상세페이지 이미지 생성/교체 완료,,예,90,검수필요,기존 검수값 유지,기존 검수값 유지,
ANC-4090,리본스트랩 플레어 원피스,,assets/products/ank/generated/ANC-4090/ANC-4090-detail-fabric.jpg,아니오,7,원단 확대,original-based detail crop set,검수필요,수정,상세페이지 이미지 생성/교체 완료,,예,90,검수필요,기존 검수값 유지,기존 검수값 유지,
ANC-4090,리본스트랩 플레어 원피스,,assets/products/ank/generated/ANC-4090/ANC-4090-product.jpg,아니오,8,제품컷,original-based detail crop set,검수필요,수정,상세페이지 이미지 생성/교체 완료,,예,90,검수필요,기존 검수값 유지,기존 검수값 유지,
ANC-4090,리본스트랩 플레어 원피스,,assets/ANC-4090_01.jpg,아니오,9,원본 보존컷,original-based detail crop set,검수필요,수정,상세페이지 이미지 생성/교체 완료,,예,90,검수필요,기존 검수값 유지,기존 검수값 유지,원본 보존
ANC-4091,베스트버튼 셔링 원피스,assets/ANC-4091_01.jpg,assets/products/ank/generated/ANC-4091/ANC-4091-main.jpg,예,1,대표 쇼룸컷,original-based detail crop set,검수필요,수정,상세페이지 이미지 생성/교체 완료,,예,91,검수필요,기존 검수값 유지,기존 검수값 유지,
ANC-4091,베스트버튼 셔링 원피스,,assets/products/ank/generated/ANC-4091/ANC-4091-full.jpg,아니오,2,전신컷,original-based detail crop set,검수필요,수정,상세페이지 이미지 생성/교체 완료,,예,91,검수필요,기존 검수값 유지,기존 검수값 유지,
ANC-4091,베스트버튼 셔링 원피스,,assets/products/ank/generated/ANC-4091/ANC-4091-detail-board.jpg,아니오,3,상세 디테일 보드,original-based detail crop set,검수필요,수정,상세페이지 이미지 생성/교체 완료,후면/측면은 원본 정보 부족으로 디테일 보드 대체. 사용자 품질 검수 필요,예,91,검수필요,기존 검수값 유지,기존 검수값 유지,
ANC-4091,베스트버튼 셔링 원피스,,assets/products/ank/generated/ANC-4091/ANC-4091-detail-neckline.jpg,아니오,4,넥라인 확대,original-based detail crop set,검수필요,수정,상세페이지 이미지 생성/교체 완료,,예,91,검수필요,기존 검수값 유지,기존 검수값 유지,
ANC-4091,베스트버튼 셔링 원피스,,assets/products/ank/generated/ANC-4091/ANC-4091-detail-waist.jpg,아니오,5,허리/라인 확대,original-based detail crop set,검수필요,수정,상세페이지 이미지 생성/교체 완료,,예,91,검수필요,기존 검수값 유지,기존 검수값 유지,
ANC-4091,베스트버튼 셔링 원피스,,assets/products/ank/generated/ANC-4091/ANC-4091-detail-hem.jpg,아니오,6,밑단 확대,original-based detail crop set,검수필요,수정,상세페이지 이미지 생성/교체 완료,,예,91,검수필요,기존 검수값 유지,기존 검수값 유지,
ANC-4091,베스트버튼 셔링 원피스,,assets/products/ank/generated/ANC-4091/ANC-4091-detail-fabric.jpg,아니오,7,원단 확대,original-based detail crop set,검수필요,수정,상세페이지 이미지 생성/교체 완료,,예,91,검수필요,기존 검수값 유지,기존 검수값 유지,
ANC-4091,베스트버튼 셔링 원피스,,assets/products/ank/generated/ANC-4091/ANC-4091-product.jpg,아니오,8,제품컷,original-based detail crop set,검수필요,수정,상세페이지 이미지 생성/교체 완료,,예,91,검수필요,기존 검수값 유지,기존 검수값 유지,
ANC-4091,베스트버튼 셔링 원피스,,assets/ANC-4091_01.jpg,아니오,9,원본 보존컷,original-based detail crop set,검수필요,수정,상세페이지 이미지 생성/교체 완료,,예,91,검수필요,기존 검수값 유지,기존 검수값 유지,원본 보존
ANC-4092,스트라이프뷔스티에 플레어 원피스,assets/ANC-4092_01.jpg,assets/products/ank/generated/ANC-4092/ANC-4092-main.jpg,예,1,대표 쇼룸컷,original-based detail crop set,검수필요,수정,상세페이지 이미지 생성/교체 완료,,예,92,검수필요,기존 검수값 유지,기존 검수값 유지,
ANC-4092,스트라이프뷔스티에 플레어 원피스,,assets/products/ank/generated/ANC-4092/ANC-4092-full.jpg,아니오,2,전신컷,original-based detail crop set,검수필요,수정,상세페이지 이미지 생성/교체 완료,,예,92,검수필요,기존 검수값 유지,기존 검수값 유지,
ANC-4092,스트라이프뷔스티에 플레어 원피스,,assets/products/ank/generated/ANC-4092/ANC-4092-detail-board.jpg,아니오,3,상세 디테일 보드,original-based detail crop set,검수필요,수정,상세페이지 이미지 생성/교체 완료,후면/측면은 원본 정보 부족으로 디테일 보드 대체. 사용자 품질 검수 필요,예,92,검수필요,기존 검수값 유지,기존 검수값 유지,
ANC-4092,스트라이프뷔스티에 플레어 원피스,,assets/products/ank/generated/ANC-4092/ANC-4092-detail-neckline.jpg,아니오,4,넥라인 확대,original-based detail crop set,검수필요,수정,상세페이지 이미지 생성/교체 완료,,예,92,검수필요,기존 검수값 유지,기존 검수값 유지,
ANC-4092,스트라이프뷔스티에 플레어 원피스,,assets/products/ank/generated/ANC-4092/ANC-4092-detail-waist.jpg,아니오,5,허리/라인 확대,original-based detail crop set,검수필요,수정,상세페이지 이미지 생성/교체 완료,,예,92,검수필요,기존 검수값 유지,기존 검수값 유지,
ANC-4092,스트라이프뷔스티에 플레어 원피스,,assets/products/ank/generated/ANC-4092/ANC-4092-detail-hem.jpg,아니오,6,밑단 확대,original-based detail crop set,검수필요,수정,상세페이지 이미지 생성/교체 완료,,예,92,검수필요,기존 검수값 유지,기존 검수값 유지,
ANC-4092,스트라이프뷔스티에 플레어 원피스,,assets/products/ank/generated/ANC-4092/ANC-4092-detail-fabric.jpg,아니오,7,원단 확대,original-based detail crop set,검수필요,수정,상세페이지 이미지 생성/교체 완료,,예,92,검수필요,기존 검수값 유지,기존 검수값 유지,
ANC-4092,스트라이프뷔스티에 플레어 원피스,,assets/products/ank/generated/ANC-4092/ANC-4092-product.jpg,아니오,8,제품컷,original-based detail crop set,검수필요,수정,상세페이지 이미지 생성/교체 완료,,예,92,검수필요,기존 검수값 유지,기존 검수값 유지,
ANC-4092,스트라이프뷔스티에 플레어 원피스,,assets/ANC-4092_01.jpg,아니오,9,원본 보존컷,original-based detail crop set,검수필요,수정,상세페이지 이미지 생성/교체 완료,,예,92,검수필요,기존 검수값 유지,기존 검수값 유지,원본 보존
ANC-4093,스퀘어넥 포켓 원피스,assets/ANC-4093_01.jpg,assets/products/ank/generated/ANC-4093/ANC-4093-main.jpg,예,1,대표 쇼룸컷,original-based detail crop set,검수필요,수정,상세페이지 이미지 생성/교체 완료,,예,93,검수필요,기존 검수값 유지,기존 검수값 유지,
ANC-4093,스퀘어넥 포켓 원피스,,assets/products/ank/generated/ANC-4093/ANC-4093-full.jpg,아니오,2,전신컷,original-based detail crop set,검수필요,수정,상세페이지 이미지 생성/교체 완료,,예,93,검수필요,기존 검수값 유지,기존 검수값 유지,
ANC-4093,스퀘어넥 포켓 원피스,,assets/products/ank/generated/ANC-4093/ANC-4093-detail-board.jpg,아니오,3,상세 디테일 보드,original-based detail crop set,검수필요,수정,상세페이지 이미지 생성/교체 완료,후면/측면은 원본 정보 부족으로 디테일 보드 대체. 사용자 품질 검수 필요,예,93,검수필요,기존 검수값 유지,기존 검수값 유지,
ANC-4093,스퀘어넥 포켓 원피스,,assets/products/ank/generated/ANC-4093/ANC-4093-detail-neckline.jpg,아니오,4,넥라인 확대,original-based detail crop set,검수필요,수정,상세페이지 이미지 생성/교체 완료,,예,93,검수필요,기존 검수값 유지,기존 검수값 유지,
ANC-4093,스퀘어넥 포켓 원피스,,assets/products/ank/generated/ANC-4093/ANC-4093-detail-waist.jpg,아니오,5,허리/라인 확대,original-based detail crop set,검수필요,수정,상세페이지 이미지 생성/교체 완료,,예,93,검수필요,기존 검수값 유지,기존 검수값 유지,
ANC-4093,스퀘어넥 포켓 원피스,,assets/products/ank/generated/ANC-4093/ANC-4093-detail-hem.jpg,아니오,6,밑단 확대,original-based detail crop set,검수필요,수정,상세페이지 이미지 생성/교체 완료,,예,93,검수필요,기존 검수값 유지,기존 검수값 유지,
ANC-4093,스퀘어넥 포켓 원피스,,assets/products/ank/generated/ANC-4093/ANC-4093-detail-fabric.jpg,아니오,7,원단 확대,original-based detail crop set,검수필요,수정,상세페이지 이미지 생성/교체 완료,,예,93,검수필요,기존 검수값 유지,기존 검수값 유지,
ANC-4093,스퀘어넥 포켓 원피스,,assets/products/ank/generated/ANC-4093/ANC-4093-product.jpg,아니오,8,제품컷,original-based detail crop set,검수필요,수정,상세페이지 이미지 생성/교체 완료,,예,93,검수필요,기존 검수값 유지,기존 검수값 유지,
ANC-4093,스퀘어넥 포켓 원피스,,assets/ANC-4093_01.jpg,아니오,9,원본 보존컷,original-based detail crop set,검수필요,수정,상세페이지 이미지 생성/교체 완료,,예,93,검수필요,기존 검수값 유지,기존 검수값 유지,원본 보존
ANC-4094,버튼 플레어 원피스,assets/ANC-4094_01.jpg,assets/products/ank/generated/ANC-4094/ANC-4094-main.jpg,예,1,대표 쇼룸컷,original-based detail crop set,검수필요,수정,상세페이지 이미지 생성/교체 완료,,예,94,검수필요,기존 검수값 유지,기존 검수값 유지,
ANC-4094,버튼 플레어 원피스,,assets/products/ank/generated/ANC-4094/ANC-4094-full.jpg,아니오,2,전신컷,original-based detail crop set,검수필요,수정,상세페이지 이미지 생성/교체 완료,,예,94,검수필요,기존 검수값 유지,기존 검수값 유지,
ANC-4094,버튼 플레어 원피스,,assets/products/ank/generated/ANC-4094/ANC-4094-detail-board.jpg,아니오,3,상세 디테일 보드,original-based detail crop set,검수필요,수정,상세페이지 이미지 생성/교체 완료,후면/측면은 원본 정보 부족으로 디테일 보드 대체. 사용자 품질 검수 필요,예,94,검수필요,기존 검수값 유지,기존 검수값 유지,
ANC-4094,버튼 플레어 원피스,,assets/products/ank/generated/ANC-4094/ANC-4094-detail-neckline.jpg,아니오,4,넥라인 확대,original-based detail crop set,검수필요,수정,상세페이지 이미지 생성/교체 완료,,예,94,검수필요,기존 검수값 유지,기존 검수값 유지,
ANC-4094,버튼 플레어 원피스,,assets/products/ank/generated/ANC-4094/ANC-4094-detail-waist.jpg,아니오,5,허리/라인 확대,original-based detail crop set,검수필요,수정,상세페이지 이미지 생성/교체 완료,,예,94,검수필요,기존 검수값 유지,기존 검수값 유지,
ANC-4094,버튼 플레어 원피스,,assets/products/ank/generated/ANC-4094/ANC-4094-detail-hem.jpg,아니오,6,밑단 확대,original-based detail crop set,검수필요,수정,상세페이지 이미지 생성/교체 완료,,예,94,검수필요,기존 검수값 유지,기존 검수값 유지,
ANC-4094,버튼 플레어 원피스,,assets/products/ank/generated/ANC-4094/ANC-4094-detail-fabric.jpg,아니오,7,원단 확대,original-based detail crop set,검수필요,수정,상세페이지 이미지 생성/교체 완료,,예,94,검수필요,기존 검수값 유지,기존 검수값 유지,
ANC-4094,버튼 플레어 원피스,,assets/products/ank/generated/ANC-4094/ANC-4094-product.jpg,아니오,8,제품컷,original-based detail crop set,검수필요,수정,상세페이지 이미지 생성/교체 완료,,예,94,검수필요,기존 검수값 유지,기존 검수값 유지,
ANC-4094,버튼 플레어 원피스,,assets/ANC-4094_01.jpg,아니오,9,원본 보존컷,original-based detail crop set,검수필요,수정,상세페이지 이미지 생성/교체 완료,,예,94,검수필요,기존 검수값 유지,기존 검수값 유지,원본 보존
ANC-4095,잔셔링 원피스,assets/ANC-4095_01.jpg,assets/products/ank/generated/ANC-4095/ANC-4095-main.jpg,예,1,대표 쇼룸컷,original-based detail crop set,검수필요,수정,상세페이지 이미지 생성/교체 완료,,예,95,검수필요,기존 검수값 유지,기존 검수값 유지,
ANC-4095,잔셔링 원피스,,assets/products/ank/generated/ANC-4095/ANC-4095-full.jpg,아니오,2,전신컷,original-based detail crop set,검수필요,수정,상세페이지 이미지 생성/교체 완료,,예,95,검수필요,기존 검수값 유지,기존 검수값 유지,
ANC-4095,잔셔링 원피스,,assets/products/ank/generated/ANC-4095/ANC-4095-detail-board.jpg,아니오,3,상세 디테일 보드,original-based detail crop set,검수필요,수정,상세페이지 이미지 생성/교체 완료,후면/측면은 원본 정보 부족으로 디테일 보드 대체. 사용자 품질 검수 필요,예,95,검수필요,기존 검수값 유지,기존 검수값 유지,
ANC-4095,잔셔링 원피스,,assets/products/ank/generated/ANC-4095/ANC-4095-detail-neckline.jpg,아니오,4,넥라인 확대,original-based detail crop set,검수필요,수정,상세페이지 이미지 생성/교체 완료,,예,95,검수필요,기존 검수값 유지,기존 검수값 유지,
ANC-4095,잔셔링 원피스,,assets/products/ank/generated/ANC-4095/ANC-4095-detail-waist.jpg,아니오,5,허리/라인 확대,original-based detail crop set,검수필요,수정,상세페이지 이미지 생성/교체 완료,,예,95,검수필요,기존 검수값 유지,기존 검수값 유지,
ANC-4095,잔셔링 원피스,,assets/products/ank/generated/ANC-4095/ANC-4095-detail-hem.jpg,아니오,6,밑단 확대,original-based detail crop set,검수필요,수정,상세페이지 이미지 생성/교체 완료,,예,95,검수필요,기존 검수값 유지,기존 검수값 유지,
ANC-4095,잔셔링 원피스,,assets/products/ank/generated/ANC-4095/ANC-4095-detail-fabric.jpg,아니오,7,원단 확대,original-based detail crop set,검수필요,수정,상세페이지 이미지 생성/교체 완료,,예,95,검수필요,기존 검수값 유지,기존 검수값 유지,
ANC-4095,잔셔링 원피스,,assets/products/ank/generated/ANC-4095/ANC-4095-product.jpg,아니오,8,제품컷,original-based detail crop set,검수필요,수정,상세페이지 이미지 생성/교체 완료,,예,95,검수필요,기존 검수값 유지,기존 검수값 유지,
ANC-4095,잔셔링 원피스,,assets/ANC-4095_01.jpg,아니오,9,원본 보존컷,original-based detail crop set,검수필요,수정,상세페이지 이미지 생성/교체 완료,,예,95,검수필요,기존 검수값 유지,기존 검수값 유지,원본 보존
ANC-4096,배색카라 플레어 원피스,assets/ANC-4096_01.jpg,assets/products/ank/generated/ANC-4096/ANC-4096-main.jpg,예,1,대표 쇼룸컷,original-based detail crop set,검수필요,수정,상세페이지 이미지 생성/교체 완료,,예,96,검수필요,기존 검수값 유지,기존 검수값 유지,
ANC-4096,배색카라 플레어 원피스,,assets/products/ank/generated/ANC-4096/ANC-4096-full.jpg,아니오,2,전신컷,original-based detail crop set,검수필요,수정,상세페이지 이미지 생성/교체 완료,,예,96,검수필요,기존 검수값 유지,기존 검수값 유지,
ANC-4096,배색카라 플레어 원피스,,assets/products/ank/generated/ANC-4096/ANC-4096-detail-board.jpg,아니오,3,상세 디테일 보드,original-based detail crop set,검수필요,수정,상세페이지 이미지 생성/교체 완료,후면/측면은 원본 정보 부족으로 디테일 보드 대체. 사용자 품질 검수 필요,예,96,검수필요,기존 검수값 유지,기존 검수값 유지,
ANC-4096,배색카라 플레어 원피스,,assets/products/ank/generated/ANC-4096/ANC-4096-detail-neckline.jpg,아니오,4,넥라인 확대,original-based detail crop set,검수필요,수정,상세페이지 이미지 생성/교체 완료,,예,96,검수필요,기존 검수값 유지,기존 검수값 유지,
ANC-4096,배색카라 플레어 원피스,,assets/products/ank/generated/ANC-4096/ANC-4096-detail-waist.jpg,아니오,5,허리/라인 확대,original-based detail crop set,검수필요,수정,상세페이지 이미지 생성/교체 완료,,예,96,검수필요,기존 검수값 유지,기존 검수값 유지,
ANC-4096,배색카라 플레어 원피스,,assets/products/ank/generated/ANC-4096/ANC-4096-detail-hem.jpg,아니오,6,밑단 확대,original-based detail crop set,검수필요,수정,상세페이지 이미지 생성/교체 완료,,예,96,검수필요,기존 검수값 유지,기존 검수값 유지,
ANC-4096,배색카라 플레어 원피스,,assets/products/ank/generated/ANC-4096/ANC-4096-detail-fabric.jpg,아니오,7,원단 확대,original-based detail crop set,검수필요,수정,상세페이지 이미지 생성/교체 완료,,예,96,검수필요,기존 검수값 유지,기존 검수값 유지,
ANC-4096,배색카라 플레어 원피스,,assets/products/ank/generated/ANC-4096/ANC-4096-product.jpg,아니오,8,제품컷,original-based detail crop set,검수필요,수정,상세페이지 이미지 생성/교체 완료,,예,96,검수필요,기존 검수값 유지,기존 검수값 유지,
ANC-4096,배색카라 플레어 원피스,,assets/ANC-4096_01.jpg,아니오,9,원본 보존컷,original-based detail crop set,검수필요,수정,상세페이지 이미지 생성/교체 완료,,예,96,검수필요,기존 검수값 유지,기존 검수값 유지,원본 보존
ANC-4097,스트라이프 니트 원피스,assets/ANC-4097_01.jpg,assets/products/ank/generated/ANC-4097/ANC-4097-main.jpg,예,1,대표 쇼룸컷,original-based detail crop set,검수필요,수정,상세페이지 이미지 생성/교체 완료,,예,97,검수필요,기존 검수값 유지,기존 검수값 유지,
ANC-4097,스트라이프 니트 원피스,,assets/products/ank/generated/ANC-4097/ANC-4097-full.jpg,아니오,2,전신컷,original-based detail crop set,검수필요,수정,상세페이지 이미지 생성/교체 완료,,예,97,검수필요,기존 검수값 유지,기존 검수값 유지,
ANC-4097,스트라이프 니트 원피스,,assets/products/ank/generated/ANC-4097/ANC-4097-detail-board.jpg,아니오,3,상세 디테일 보드,original-based detail crop set,검수필요,수정,상세페이지 이미지 생성/교체 완료,후면/측면은 원본 정보 부족으로 디테일 보드 대체. 사용자 품질 검수 필요,예,97,검수필요,기존 검수값 유지,기존 검수값 유지,
ANC-4097,스트라이프 니트 원피스,,assets/products/ank/generated/ANC-4097/ANC-4097-detail-neckline.jpg,아니오,4,넥라인 확대,original-based detail crop set,검수필요,수정,상세페이지 이미지 생성/교체 완료,,예,97,검수필요,기존 검수값 유지,기존 검수값 유지,
ANC-4097,스트라이프 니트 원피스,,assets/products/ank/generated/ANC-4097/ANC-4097-detail-waist.jpg,아니오,5,허리/라인 확대,original-based detail crop set,검수필요,수정,상세페이지 이미지 생성/교체 완료,,예,97,검수필요,기존 검수값 유지,기존 검수값 유지,
ANC-4097,스트라이프 니트 원피스,,assets/products/ank/generated/ANC-4097/ANC-4097-detail-hem.jpg,아니오,6,밑단 확대,original-based detail crop set,검수필요,수정,상세페이지 이미지 생성/교체 완료,,예,97,검수필요,기존 검수값 유지,기존 검수값 유지,
ANC-4097,스트라이프 니트 원피스,,assets/products/ank/generated/ANC-4097/ANC-4097-detail-fabric.jpg,아니오,7,원단 확대,original-based detail crop set,검수필요,수정,상세페이지 이미지 생성/교체 완료,,예,97,검수필요,기존 검수값 유지,기존 검수값 유지,
ANC-4097,스트라이프 니트 원피스,,assets/products/ank/generated/ANC-4097/ANC-4097-product.jpg,아니오,8,제품컷,original-based detail crop set,검수필요,수정,상세페이지 이미지 생성/교체 완료,,예,97,검수필요,기존 검수값 유지,기존 검수값 유지,
ANC-4097,스트라이프 니트 원피스,,assets/ANC-4097_01.jpg,아니오,9,원본 보존컷,original-based detail crop set,검수필요,수정,상세페이지 이미지 생성/교체 완료,,예,97,검수필요,기존 검수값 유지,기존 검수값 유지,원본 보존
ANC-4098,퍼프소매 플레어 원피스,assets/ANC-4098_01.jpg,assets/products/ank/generated/ANC-4098/ANC-4098-main.jpg,예,1,대표 쇼룸컷,original-based detail crop set,검수필요,수정,상세페이지 이미지 생성/교체 완료,,예,98,검수필요,기존 검수값 유지,기존 검수값 유지,
ANC-4098,퍼프소매 플레어 원피스,,assets/products/ank/generated/ANC-4098/ANC-4098-full.jpg,아니오,2,전신컷,original-based detail crop set,검수필요,수정,상세페이지 이미지 생성/교체 완료,,예,98,검수필요,기존 검수값 유지,기존 검수값 유지,
ANC-4098,퍼프소매 플레어 원피스,,assets/products/ank/generated/ANC-4098/ANC-4098-detail-board.jpg,아니오,3,상세 디테일 보드,original-based detail crop set,검수필요,수정,상세페이지 이미지 생성/교체 완료,후면/측면은 원본 정보 부족으로 디테일 보드 대체. 사용자 품질 검수 필요,예,98,검수필요,기존 검수값 유지,기존 검수값 유지,
ANC-4098,퍼프소매 플레어 원피스,,assets/products/ank/generated/ANC-4098/ANC-4098-detail-neckline.jpg,아니오,4,넥라인 확대,original-based detail crop set,검수필요,수정,상세페이지 이미지 생성/교체 완료,,예,98,검수필요,기존 검수값 유지,기존 검수값 유지,
ANC-4098,퍼프소매 플레어 원피스,,assets/products/ank/generated/ANC-4098/ANC-4098-detail-waist.jpg,아니오,5,허리/라인 확대,original-based detail crop set,검수필요,수정,상세페이지 이미지 생성/교체 완료,,예,98,검수필요,기존 검수값 유지,기존 검수값 유지,
ANC-4098,퍼프소매 플레어 원피스,,assets/products/ank/generated/ANC-4098/ANC-4098-detail-hem.jpg,아니오,6,밑단 확대,original-based detail crop set,검수필요,수정,상세페이지 이미지 생성/교체 완료,,예,98,검수필요,기존 검수값 유지,기존 검수값 유지,
ANC-4098,퍼프소매 플레어 원피스,,assets/products/ank/generated/ANC-4098/ANC-4098-detail-fabric.jpg,아니오,7,원단 확대,original-based detail crop set,검수필요,수정,상세페이지 이미지 생성/교체 완료,,예,98,검수필요,기존 검수값 유지,기존 검수값 유지,
ANC-4098,퍼프소매 플레어 원피스,,assets/products/ank/generated/ANC-4098/ANC-4098-product.jpg,아니오,8,제품컷,original-based detail crop set,검수필요,수정,상세페이지 이미지 생성/교체 완료,,예,98,검수필요,기존 검수값 유지,기존 검수값 유지,
ANC-4098,퍼프소매 플레어 원피스,,assets/ANC-4098_01.jpg,아니오,9,원본 보존컷,original-based detail crop set,검수필요,수정,상세페이지 이미지 생성/교체 완료,,예,98,검수필요,기존 검수값 유지,기존 검수값 유지,원본 보존
